Variable / Field Name,Form Name,Section Header,Field Type,Field Label,"Choices, Calculations, OR Slider Labels",Field Note,Text Validation Type OR Show Slider Number,Text Validation Min,Text Validation Max,Identifier?,Branching Logic (Show field only if...),Required Field?,Custom Alignment,Question Number (surveys only),Matrix Group Name,Matrix Ranking?,Field Annotation
hr_id_recid,hfa_identification,,text,Record ID,,,,,,,,,,,,,
hr_id_hed_1,hfa_identification,,descriptive,"<div style=""background-color:#82cdbf;padding:10px""></div>",,,,,,,,,,,,,
hr_id_ban_1,hfa_identification,,descriptive,,,,,,,,,,,,,,
hr_id_hed_2,hfa_identification,,descriptive,"<div class=""h4"" style=""background-color:#82cdbf;padding:10px"">Human Resources for Health and Performance</div>",,,,,,,,,,,,,
hr_id_ins_1,hfa_identification,,descriptive,"<p style=""font-weight:normal""><i><b>INSTRUCTIONS:</b> This module consists of six sections and addressed to:<br>
Section 1: Facility staffing (direct questions to human resources and management)<br>
Section 2: Facility policies and working conditions (direct questions to nurse in charge)<br>
Section 3: Neonatal unit staffing (direct questions to nurse in charge)<br>
Section 4: Clinical care policies and guidelines (direct questions to nurse in charge)<br>
Section 5: Newborn care signal functions (direct questions to nurse in charge)<br>
Section 6: Supervisory support, motivation, and training (direct questions to nurse in charge)</i></p>",,,,,,,,,,,,,
hr_id_hed_3,hfa_identification,,descriptive,"<div style=""background-color:#82cdbf;padding:10px""></div>",,,,,,,,,,,,,
hr_id_ctry,hfa_identification,,radio,Country:,"1, Malawi | 2, Kenya | 3, Tanzania | 4, Nigeria | 5, Ethiopia",,,,,,,y,,,,,
hr_id_facid_mw,hfa_identification,,dropdown,Facility Name:,"1, Fill in Facility IDs",,,,,,[hr_id_ctry] = '1',y,,,,,
hr_id_facid_ke,hfa_identification,,dropdown,Facility Name:,"1, Fill in Facility IDs",,,,,,[hr_id_ctry] = '2',y,,,,,
hr_id_facid_tz,hfa_identification,,dropdown,Facility Name:,"1, Fill in Facility IDs",,,,,,[hr_id_ctry] = '3',y,,,,,
hr_id_facid_nga,hfa_identification,,dropdown,Facility Name:,"1, Fill in Facility IDs",,,,,,[hr_id_ctry] = '4',y,,,,,
hr_id_facid_et,hfa_identification,,dropdown,Facility Name:,"1, Fill in Facility IDs",,,,,,[hr_id_ctry] = '5',y,,,,,
hr_id_dtfrm,hfa_identification,,text,Data Collection Date:,,,date_ymd,,,,,y,,,,,
hr_id_hed_4,hfa_identification,,descriptive,"<div style=""background-color:#82cdbf;padding:10px"">Data Collectors</div>",,,,,,,,,,,,,
hr_id_iw_num,hfa_identification,,radio,How many data collectors collected this data?,"1, 1 data collector |2, 2 data collectors",,,,,,,y,,,,,
hr_id_hed_5,hfa_identification,,descriptive,"<div style=""background-color:#82cdbf; padding:5px"">Data Collector #1</div>",,,,,,,[hr_id_iw_num] = '1' or [hr_id_iw_num] = '2',,,,,,
hr_id_iw_nam_1,hfa_identification,,text,Data Collector First and Last Name:,,,,,,y,[hr_id_iw_num] = '1' or [hr_id_iw_num] = '2',y,,,,,
hr_id_hed_6,hfa_identification,,descriptive,"<div style=""background-color:#82cdbf; padding:5px"">Data Collector #2</div>",,,,,,,[hr_id_iw_num] = '2',,,,,,
hr_id_iw_nam_2,hfa_identification,,text,Data Collector First and Last Name:,,,,,,y,[hr_id_iw_num] = '2',,,,,,
hr_id_hed_7,hfa_identification,,descriptive,"<div style=""background-color:#82cdbf; padding:5px""></div>",,,,,,,,,,,,,
hr_id_com,hfa_identification,,notes,Comments:,,,,,,,,,,,,,
hr_fac_hed_1,hfa_facility_staffing,,descriptive,"<div style=""background-color:#82cdbf; padding:5px""></div>",,,,,,,,,,,,,
hr_fac_ban_1,hfa_facility_staffing,,descriptive,,,,,,,,,,,,,,
hr_fac_hed_2,hfa_facility_staffing,,descriptive,"<div class=""h4"" style=""background-color:#82cdbf;padding:10px"">Facility Staffing</div>",,,,,,,,,,,,,
hr_fac_ins_1,hfa_facility_staffing,,descriptive,"<p style=""font-weight:normal""><i><b>INSTRUCTIONS:</b> Direct these questions to the human resources team. Do not include students in any of the staff member counts (clinical technicians can be counted as clinical officers). Do not leave any variable blank (write “0” if no staff). If a free text variable is unknown and an answer is required, write ""-1"" for numeric fields and ""unknown"" for text fields. If a multiple-choice variable is unknown, select ""unknown"".</i></p>",,,,,,,,,,,,,
hr_fac_hed_3,hfa_facility_staffing,,descriptive,"<div style=""background-color:#82cdbf;padding:10px""></div>",,,,,,,,,,,,,
hr_fac_rp_num,hfa_facility_staffing,,radio,Number of Respondents Interviewed:,"1, 1 respondent|2, 2 respondents|3, 3 respondents|4, 4 respondents|5, 5 respondents",,,,,,,y,,,,,
hr_fac_rp_hed_1,hfa_facility_staffing,,descriptive,"<div style=""background-color:#82cdbf; padding:5px"">Respondent #1</div>",,,,,,,[hr_fac_rp_num] >= 1,,,,,,
hr_fac_rp_nam_1,hfa_facility_staffing,,text,Respondent Name (First and Last):,,,,,,y,[hr_fac_rp_num] >= 1,y,,,,,
hr_fac_rp_pos_1,hfa_facility_staffing,,radio,Respondent Position:,"6, Hospital Management | 5, Biomedical Engineering Technician | 1, NEST Coordinator | 2, Nurse | 7, Nurse-in-charge | 3, Data Clerk | 4, Clinician | 99, Other <i>(specify below)</i>",,,,,,[hr_fac_rp_num] >= 1,y,,,,,
hr_fac_rp_othpos_1,hfa_facility_staffing,,text,"If other position, please specify: ",,,,,,,[hr_fac_rp_pos_1] = '99',,,,,,
hr_fac_rp_ph_1,hfa_facility_staffing,,text,Respondent Phone Number:,,,,,,y,[hr_fac_rp_num] >= 1,,,,,,
hr_fac_rp_hed_2,hfa_facility_staffing,,descriptive,"<div style=""background-color:#82cdbf; padding:5px"">Respondent #2</div>",,,,,,,[hr_fac_rp_num] >= 2,,,,,,
hr_fac_rp_nam_2,hfa_facility_staffing,,text,Respondent Name (First and Last):,,,,,,y,[hr_fac_rp_num] >= 2,,,,,,
hr_fac_rp_pos_2,hfa_facility_staffing,,radio,Respondent Position:,"6, Hospital Management | 5, Biomedical Engineering Technician | 1, NEST Coordinator | 2, Nurse | 7, Nurse-in-charge | 3, Data Clerk | 4, Clinician | 99, Other <i>(specify below)</i>",,,,,,[hr_fac_rp_num] >= 2,,,,,,
hr_fac_rp_othpos_2,hfa_facility_staffing,,text,"If other position, please specify: ",,,,,,,[hr_fac_rp_pos_2] = '99',,,,,,
hr_fac_rp_ph_2,hfa_facility_staffing,,text,Respondent Phone Number:,,,,,,y,[hr_fac_rp_num] >= 2,,,,,,
hr_fac_rp_hed_3,hfa_facility_staffing,,descriptive,"<div style=""background-color:#82cdbf; padding:5px"">Respondent #3</div>",,,,,,,[hr_fac_rp_num] >= 3,,,,,,
hr_fac_rp_nam_3,hfa_facility_staffing,,text,Respondent Name (First and Last):,,,,,,y,[hr_fac_rp_num] >= 3,,,,,,
hr_fac_rp_pos_3,hfa_facility_staffing,,radio,Respondent Position:,"6, Hospital Management | 5, Biomedical Engineering Technician | 1, NEST Coordinator | 2, Nurse | 7, Nurse-in-charge | 3, Data Clerk | 4, Clinician | 99, Other <i>(specify below)</i>",,,,,,[hr_fac_rp_num] >= 3,,,,,,
hr_fac_rp_othpos_3,hfa_facility_staffing,,text,"If other position, please specify: ",,,,,,,[hr_fac_rp_pos_3] = '99',,,,,,
hr_fac_rp_ph_3,hfa_facility_staffing,,text,Respondent Phone Number:,,,,,,y,[hr_fac_rp_num] >= 3,,,,,,
hr_fac_rp_hed_4,hfa_facility_staffing,,descriptive,"<div style=""background-color:#82cdbf; padding:5px"">Respondent #4</div>",,,,,,,[hr_fac_rp_num] >= 4,,,,,,
hr_fac_rp_nam_4,hfa_facility_staffing,,text,Respondent Name (First and Last):,,,,,,y,[hr_fac_rp_num] >= 4,,,,,,
hr_fac_rp_pos_4,hfa_facility_staffing,,radio,Respondent Position:,"6, Hospital Management | 5, Biomedical Engineering Technician | 1, NEST Coordinator | 2, Nurse | 7, Nurse-in-charge | 3, Data Clerk | 4, Clinician | 99, Other <i>(specify below)</i>",,,,,,[hr_fac_rp_num] >= 4,,,,,,
hr_fac_rp_othpos_4,hfa_facility_staffing,,text,"If other position, please specify: ",,,,,,,[hr_fac_rp_pos_4] = '99',,,,,,
hr_fac_rp_ph_4,hfa_facility_staffing,,text,Respondent Phone Number:,,,,,,y,[hr_fac_rp_num] >= 4,,,,,,
hr_fac_rp_hed_5,hfa_facility_staffing,,descriptive,"<div style=""background-color:#82cdbf; padding:5px"">Respondent #5</div>",,,,,,,[hr_fac_rp_num] >= 5,,,,,,
hr_fac_rp_nam_5,hfa_facility_staffing,,text,Respondent Name (First and Last):,,,,,,y,[hr_fac_rp_num] >= 5,,,,,,
hr_fac_rp_pos_5,hfa_facility_staffing,,radio,Respondent Position:,"6, Hospital Management | 5, Biomedical Engineering Technician | 1, NEST Coordinator | 2, Nurse | 7, Nurse-in-charge | 3, Data Clerk | 4, Clinician | 99, Other <i>(specify below)</i>",,,,,,[hr_fac_rp_num] >= 5,,,,,,
hr_fac_rp_othpos_5,hfa_facility_staffing,,text,"If other position, please specify: ",,,,,,,[hr_fac_rp_pos_5] = '99',,,,,,
hr_fac_rp_ph_5,hfa_facility_staffing,,text,Respondent Phone Number:,,,,,,y,[hr_fac_rp_num] >= 5,,,,,,
hr_fac_hed_4,hfa_facility_staffing,,descriptive,"<div style=""background-color:#82cdbf;padding:10px"">Facility Staffing Numbers</div>",,,,,,,,,,,,,
hr_fac_cdr,hfa_facility_staffing,,checkbox,Which of the following positions do you currently have staffed at your hospital?,"1, General Medical Doctor | 21, Pediatrician | 22, Neonatologist | 3, General Nurse | 41, Pediatric Nurse | 42, Neonatal Nurse |  5, Clinical Officer | 6, (Bio)med Technician/Engineer | 51, Neonatal Data Clerk | 7, Laboratory Technician",,,,,,,y,,,,,
hr_fac_lcm,hfa_facility_staffing,,checkbox,Which of the following positions do you currently have locum staff for?,"1, General Medical Doctor | 21, Pediatrician | 22, Neonatologist | 3, General Nurse | 41, Pediatric Nurse | 42, Neonatal Nurse | 5, Clinical Officer | 0, None of the above",,,,,,,y,,,,, @NONEOFTHEABOVE=0
hr_fac_ins_2,hfa_facility_staffing,,descriptive,"<p style=""font-weight:normal""><i><b>INSTRUCTIONS:</b> Ask these follow up questions about each type of staff member the hospital currently has. </i></p>",,,,,,,,,,,,,
hr_fac_cdr_hed,hfa_facility_staffing,,descriptive,"<div class=""h4"" style=""background-color:#82cdbf;padding:10px"">Staffed Positions</div>",,,,,,,,,,,,,
hr_fac_cdr_dr_hed,hfa_facility_staffing,,descriptive,"<div style=""background-color:#fbd0c1; padding:5px"">General Medical Doctor</div>",,,,,,,[hr_fac_cdr(1)] = '1',,,,,,
hr_fac_cdr_dr_nu,hfa_facility_staffing,,text,How many staff are assigned to the neonatal unit?,,,integer,-1,,,[hr_fac_cdr(1)] = '1',,,,,,
hr_fac_cdr_dr_excby,hfa_facility_staffing,,text,How many staff are assigned exclusively to the neonatal unit?  ,,"This includes staff working <b>only</b> on the neonatal unit. Do not include staff who also work in the postnatal or paediatrics ward, for example.",integer,-1,,,[hr_fac_cdr_dr_nu] > 0,,,,,,
hr_fac_cdr_pdr_hed,hfa_facility_staffing,,descriptive,"<div style=""background-color:#fbd0c1; padding:5px"">Pediatrician</div>",,,,,,,[hr_fac_cdr(21)] = '1',,,,,,
hr_fac_cdr_pdr_nu,hfa_facility_staffing,,text,How many staff are assigned to the neonatal unit?,,,integer,-1,,,[hr_fac_cdr(21)] = '1',,,,,,
hr_fac_cdr_pdr_excby,hfa_facility_staffing,,text,How many staff are assigned exclusively to the neonatal unit?  ,,"This includes staff working <b>only</b> on the neonatal unit. Do not include staff who also work in the postnatal or paediatrics ward, for example.",integer,-1,,,[hr_fac_cdr_pdr_nu] > 0,,,,,,
hr_fac_cdr_ndr_hed,hfa_facility_staffing,,descriptive,"<div style=""background-color:#fbd0c1; padding:5px"">Neonatologist</div>",,,,,,,[hr_fac_cdr(22)] = '1',,,,,,
hr_fac_cdr_ndr_nu,hfa_facility_staffing,,text,How many staff are assigned to the neonatal unit?,,,integer,-1,,,[hr_fac_cdr(22)] = '1',,,,,,
hr_fac_cdr_ndr_excby,hfa_facility_staffing,,text,How many staff are assigned exclusively to the neonatal unit?  ,,"This includes staff working <b>only</b> on the neonatal unit. Do not include staff who also work in the postnatal or paediatrics ward, for example.",integer,-1,,,[hr_fac_cdr_ndr_nu] > 0,,,,,,
hr_fac_cdr_grn_hed,hfa_facility_staffing,,descriptive,"<div style=""background-color:#fbd0c1; padding:5px"">General Nurse</div>",,,,,,,[hr_fac_cdr(3)] = '1',,,,,,
hr_fac_cdr_grn_nu,hfa_facility_staffing,,text,How many staff are assigned to the neonatal unit?,,,integer,-1,,,[hr_fac_cdr(3)] = '1',,,,,,
hr_fac_cdr_grn_excby,hfa_facility_staffing,,text,How many staff are assigned exclusively to the neonatal unit?  ,,"This includes staff working <b>only</b> on the neonatal unit. Do not include staff who also work in the postnatal or paediatrics ward, for example.",integer,-1,,,[hr_fac_cdr_grn_nu] > 0,,,,,,
hr_fac_cdr_prn_hed,hfa_facility_staffing,,descriptive,"<div style=""background-color:#fbd0c1; padding:5px"">Pediatric Nurse</div>",,,,,,,[hr_fac_cdr(41)] = '1',,,,,,
hr_fac_cdr_prn_nu,hfa_facility_staffing,,text,How many staff are assigned to the neonatal unit?,,,integer,-1,,,[hr_fac_cdr(41)] = '1',,,,,,
hr_fac_cdr_prn_excby,hfa_facility_staffing,,text,How many staff are assigned exclusively to the neonatal unit?  ,,"This includes staff working <b>only</b> on the neonatal unit. Do not include staff who also work in the postnatal or paediatrics ward, for example.",integer,-1,,,[hr_fac_cdr_prn_nu] > 0,,,,,,
hr_fac_cdr_nrn_hed,hfa_facility_staffing,,descriptive,"<div style=""background-color:#fbd0c1; padding:5px"">Neonatal Nurse</div>",,,,,,,[hr_fac_cdr(42)] = '1',,,,,,
hr_fac_cdr_nrn_nu,hfa_facility_staffing,,text,How many staff are assigned to the neonatal unit?,,,integer,-1,,,[hr_fac_cdr(42)] = '1',,,,,,
hr_fac_cdr_nrn_excby,hfa_facility_staffing,,text,How many staff are assigned exclusively to the neonatal unit?  ,,"This includes staff working <b>only</b> on the neonatal unit. Do not include staff who also work in the postnatal or paediatrics ward, for example.",integer,-1,,,[hr_fac_cdr_nrn_nu] > 0,,,,,,
hr_fac_cdr_co_hed,hfa_facility_staffing,,descriptive,"<div style=""background-color:#fbd0c1; padding:5px"">Clinical Officer</div>",,,,,,,[hr_fac_cdr(5)] = '1',,,,,,
hr_fac_cdr_co_nu,hfa_facility_staffing,,text,How many staff are assigned to the neonatal unit?,,,integer,-1,,,[hr_fac_cdr(5)] = '1',,,,,,
hr_fac_cdr_co_excby,hfa_facility_staffing,,text,How many staff are assigned exclusively to the neonatal unit?  ,,"This includes staff working <b>only</b> on the neonatal unit. Do not include staff who also work in the postnatal or paediatrics ward, for example.",integer,-1,,,[hr_fac_cdr_co_nu] > 0,,,,,,
hr_fac_lcm_hed,hfa_facility_staffing,,descriptive,"<div class=""h4"" style=""background-color:#82cdbf;padding:10px"">Locum Positions</div>",,,,,,,,,,,,,
hr_fac_lcm_dr_hed,hfa_facility_staffing,,descriptive,"<div style=""background-color:#fbd0c1; padding:5px"">Locum General Medical Doctor</div>",,,,,,,[hr_fac_lcm(1)] = '1',,,,,,
hr_fac_lcm_dr_nu,hfa_facility_staffing,,text,How many staff are assigned to the neonatal unit?,,,integer,-1,,,[hr_fac_lcm(1)] = '1',,,,,,
hr_fac_lcm_dr_excby,hfa_facility_staffing,,text,How many staff are assigned exclusively to the neonatal unit?  ,,"This includes staff working <b>only</b> on the neonatal unit. Do not include staff who also work in the postnatal or paediatrics ward, for example.",integer,-1,,,[hr_fac_lcm_dr_nu] > 0,,,,,,
hr_fac_lcm_pdr_hed,hfa_facility_staffing,,descriptive,"<div style=""background-color:#fbd0c1; padding:5px"">Locum Pediatrician</div>",,,,,,,[hr_fac_lcm(21)] = '1',,,,,,
hr_fac_lcm_pdr_nu,hfa_facility_staffing,,text,How many staff are assigned to the neonatal unit?,,,integer,-1,,,[hr_fac_lcm(21)] = '1',,,,,,
hr_fac_lcm_pdr_excby,hfa_facility_staffing,,text,How many staff are assigned exclusively to the neonatal unit?  ,,"This includes staff working <b>only</b> on the neonatal unit. Do not include staff who also work in the postnatal or paediatrics ward, for example.",integer,-1,,,[hr_fac_lcm_pdr_nu] > 0,,,,,,
hr_fac_lcm_ndr_hed,hfa_facility_staffing,,descriptive,"<div style=""background-color:#fbd0c1; padding:5px"">Locum Neonatologist</div>",,,,,,,[hr_fac_lcm(22)] = '1',,,,,,
hr_fac_lcm_ndr_nu,hfa_facility_staffing,,text,How many staff are assigned to the neonatal unit?,,,integer,-1,,,[hr_fac_lcm(22)] = '1',,,,,,
hr_fac_lcm_ndr_excby,hfa_facility_staffing,,text,How many staff are assigned exclusively to the neonatal unit?  ,,"This includes staff working <b>only</b> on the neonatal unit. Do not include staff who also work in the postnatal or paediatrics ward, for example.",integer,-1,,,[hr_fac_lcm_ndr_nu] > 0,,,,,,
hr_fac_lcm_grn_hed,hfa_facility_staffing,,descriptive,"<div style=""background-color:#fbd0c1; padding:5px"">Locum General Nurse</div>",,,,,,,[hr_fac_lcm(3)] = '1',,,,,,
hr_fac_lcm_grn_nu,hfa_facility_staffing,,text,How many staff are assigned to the neonatal unit?,,,integer,-1,,,[hr_fac_lcm(3)] = '1',,,,,,
hr_fac_lcm_grn_excby,hfa_facility_staffing,,text,How many staff are assigned exclusively to the neonatal unit?  ,,"This includes staff working <b>only</b> on the neonatal unit. Do not include staff who also work in the postnatal or paediatrics ward, for example.",integer,-1,,,[hr_fac_lcm_grn_nu] > 0,,,,,,
hr_fac_lcm_prn_hed,hfa_facility_staffing,,descriptive,"<div style=""background-color:#fbd0c1; padding:5px"">Locum Pediatric Nurse</div>",,,,,,,[hr_fac_lcm(41)] = '1',,,,,,
hr_fac_lcm_prn_nu,hfa_facility_staffing,,text,How many staff are assigned to the neonatal unit?,,,integer,-1,,,[hr_fac_lcm(41)] = '1',,,,,,
hr_fac_lcm_prn_excby,hfa_facility_staffing,,text,How many staff are assigned exclusively to the neonatal unit?  ,,"This includes staff working <b>only</b> on the neonatal unit. Do not include staff who also work in the postnatal or paediatrics ward, for example.",integer,-1,,,[hr_fac_lcm_prn_nu] > 0,,,,,,
hr_fac_lcm_nrn_hed,hfa_facility_staffing,,descriptive,"<div style=""background-color:#fbd0c1; padding:5px"">Locum Neonatal Nurse</div>",,,,,,,[hr_fac_lcm(42)] = '1',,,,,,
hr_fac_lcm_nrn_nu,hfa_facility_staffing,,text,How many staff are assigned to the neonatal unit?,,,integer,-1,,,[hr_fac_lcm(42)] = '1',,,,,,
hr_fac_lcm_nrn_excby,hfa_facility_staffing,,text,How many staff are assigned exclusively to the neonatal unit?  ,,"This includes staff working <b>only</b> on the neonatal unit. Do not include staff who also work in the postnatal or paediatrics ward, for example.",integer,-1,,,[hr_fac_lcm_nrn_nu] > 0,,,,,,
hr_fac_lcm_co_hed,hfa_facility_staffing,,descriptive,"<div style=""background-color:#fbd0c1; padding:5px"">Locum Clinical Officer</div>",,,,,,,[hr_fac_lcm(5)] = '1',,,,,,
hr_fac_lcm_co_nu,hfa_facility_staffing,,text,How many staff are assigned to the neonatal unit?,,,integer,-1,,,[hr_fac_lcm(5)] = '1',,,,,,
hr_fac_lcm_co_excby,hfa_facility_staffing,,text,How many staff are assigned exclusively to the neonatal unit?  ,,"This includes staff working <b>only</b> on the neonatal unit. Do not include staff who also work in the postnatal or paediatrics ward, for example.",integer,-1,,,[hr_fac_lcm_co_nu] > 0,,,,,,
hr_fac_hed_6,hfa_facility_staffing,,descriptive,"<div class=""h4"" style=""background-color:#82cdbf;padding:10px"">Established Positions for Staff</div>",,,,,,,,,,,,,
hr_fac_dc_pos,hfa_facility_staffing,,text,How many established positions does this facility have for neonatal data clerks?,,,integer,-1,,,[hr_fac_cdr(51)] = '1' ,,,,,,
hr_fac_bmet_pos,hfa_facility_staffing,,text,How many established positions does this facility have for (bio)med technicians/engineers?,,,integer,-1,,,[hr_fac_cdr(6)] = '1',,,,,,
hr_fac_labt_pos,hfa_facility_staffing,,text,How many established positions does this facility have for laboratory technicians?,,,integer,-1,,,[hr_fac_cdr(7)] = '1',,,,,,
hr_fac_hed_7,hfa_facility_staffing,,descriptive,"<div class=""h4"" style=""background-color:#82cdbf;padding:10px"">Number of Students Rotating in the Neonatal Unit Today</div>",,,,,,,,,,,,,
hr_fac_trn_dr_td,hfa_facility_staffing,,text,How many medical students are rotating in the neonatal unit <b>today</b>?,,,integer,-1,200,,,y,,,,,
hr_fac_trn_rn_td,hfa_facility_staffing,,text,How many nursing students are rotating in the neonatal unit <b>today</b>?,,,integer,-1,200,,,y,,,,,
hr_fac_trn_co_td,hfa_facility_staffing,,text,How many clinical officer students are rotating in the neonatal unit <b>today</b>?,,,integer,-1,200,,,y,,,,,
hr_fac_hed_8,hfa_facility_staffing,,descriptive,"<div style=""background-color:#82cdbf; padding:5px""></div>",,,,,,,,,,,,,
hr_fac_com,hfa_facility_staffing,,notes,Comments:,,,,,,,,,,,,,
hr_fgui_hed_1,hfa_facility_policies_and_working_conditions,,descriptive,"<div style=""background-color:#82cdbf; padding:5px""></div>",,,,,,,,,,,,,
hr_fgui_ban_1,hfa_facility_policies_and_working_conditions,,descriptive,,,,,,,,,,,,,,
hr_fgui_hed_2,hfa_facility_policies_and_working_conditions,,descriptive,"<div style=""background-color:#82cdbf; padding:5px""></div>",,,,,,,,,,,,,
hr_fgui_ins_1,hfa_facility_policies_and_working_conditions,,descriptive,"<p style=""font-weight:normal""><i><b>INSTRUCTIONS:</b> Direct these questions to the nurse in charge. Do not leave any variable blank. If a free text variable is unknown and an answer is required, write ""-1"" for numeric fields and ""unknown"" for text fields. If a multiple-choice variable is unknown, select ""unknown"". </i></p>",,,,,,,,,,,,,
hr_fgui_hed_3,hfa_facility_policies_and_working_conditions,,descriptive,"<div class=""h4"" style=""background-color:#82cdbf;padding:10px"">Facility Policies and Working Conditions</div>",,,,,,,,,,,,,
hr_fgui_rp_num,hfa_facility_policies_and_working_conditions,,radio,Number of Respondents Interviewed:,"1, 1 respondent|2, 2 respondents|3, 3 respondents|4, 4 respondents|5, 5 respondents",,,,,,,y,,,,,
hr_fgui_rp_hed_1,hfa_facility_policies_and_working_conditions,,descriptive,"<div style=""background-color:#82cdbf; padding:5px"">Respondent #1</div>",,,,,,,[hr_fgui_rp_num] >= 1,,,,,,
hr_fgui_rp_nam_1,hfa_facility_policies_and_working_conditions,,text,Respondent Name (First and Last):,,,,,,y,[hr_fgui_rp_num] >= 1,y,,,,,
hr_fgui_rp_pos_1,hfa_facility_policies_and_working_conditions,,radio,Respondent Position:,"6, Hospital Management | 5, Biomedical Engineering Technician | 1, NEST Coordinator | 2, Nurse | 7, Nurse-in-charge | 3, Data Clerk | 4, Clinician | 99, Other <i>(specify below)</i>",,,,,,[hr_fgui_rp_num] >= 1,y,,,,,
hr_fgui_rp_othpos_1,hfa_facility_policies_and_working_conditions,,text,"If other position, please specify: ",,,,,,,[hr_fgui_rp_pos_1] = '99',,,,,,
hr_fgui_rp_ph_1,hfa_facility_policies_and_working_conditions,,text,Respondent Phone Number:,,,,,,y,[hr_fgui_rp_num] >= 1,,,,,,
hr_fgui_rp_hed_2,hfa_facility_policies_and_working_conditions,,descriptive,"<div style=""background-color:#82cdbf; padding:5px"">Respondent #2</div>",,,,,,,[hr_fgui_rp_num] >= 2,,,,,,
hr_fgui_rp_nam_2,hfa_facility_policies_and_working_conditions,,text,Respondent Name (First and Last):,,,,,,y,[hr_fgui_rp_num] >= 2,,,,,,
hr_fgui_rp_pos_2,hfa_facility_policies_and_working_conditions,,radio,Respondent Position:,"6, Hospital Management | 5, Biomedical Engineering Technician | 1, NEST Coordinator | 2, Nurse | 7, Nurse-in-charge | 3, Data Clerk | 4, Clinician | 99, Other <i>(specify below)</i>",,,,,,[hr_fgui_rp_num] >= 2,,,,,,
hr_fgui_rp_othpos_2,hfa_facility_policies_and_working_conditions,,text,"If other position, please specify: ",,,,,,,[hr_fgui_rp_pos_2] = '99',,,,,,
hr_fgui_rp_ph_2,hfa_facility_policies_and_working_conditions,,text,Respondent Phone Number:,,,,,,y,[hr_fgui_rp_num] >= 2,,,,,,
hr_fgui_rp_hed_3,hfa_facility_policies_and_working_conditions,,descriptive,"<div style=""background-color:#82cdbf; padding:5px"">Respondent #3</div>",,,,,,,[hr_fgui_rp_num] >= 3,,,,,,
hr_fgui_rp_nam_3,hfa_facility_policies_and_working_conditions,,text,Respondent Name (First and Last):,,,,,,y,[hr_fgui_rp_num] >= 3,,,,,,
hr_fgui_rp_pos_3,hfa_facility_policies_and_working_conditions,,radio,Respondent Position:,"6, Hospital Management | 5, Biomedical Engineering Technician | 1, NEST Coordinator | 2, Nurse | 7, Nurse-in-charge | 3, Data Clerk | 4, Clinician | 99, Other <i>(specify below)</i>",,,,,,[hr_fgui_rp_num] >= 3,,,,,,
hr_fgui_rp_othpos_3,hfa_facility_policies_and_working_conditions,,text,"If other position, please specify: ",,,,,,,[hr_fgui_rp_pos_3] = '99',,,,,,
hr_fgui_rp_ph_3,hfa_facility_policies_and_working_conditions,,text,Respondent Phone Number:,,,,,,y,[hr_fgui_rp_num] >= 3,,,,,,
hr_fgui_rp_hed_4,hfa_facility_policies_and_working_conditions,,descriptive,"<div style=""background-color:#82cdbf; padding:5px"">Respondent #4</div>",,,,,,,[hr_fgui_rp_num] >= 4,,,,,,
hr_fgui_rp_nam_4,hfa_facility_policies_and_working_conditions,,text,Respondent Name (First and Last):,,,,,,y,[hr_fgui_rp_num] >= 4,,,,,,
hr_fgui_rp_pos_4,hfa_facility_policies_and_working_conditions,,radio,Respondent Position:,"6, Hospital Management | 5, Biomedical Engineering Technician | 1, NEST Coordinator | 2, Nurse | 7, Nurse-in-charge | 3, Data Clerk | 4, Clinician | 99, Other <i>(specify below)</i>",,,,,,[hr_fgui_rp_num] >= 4,,,,,,
hr_fgui_rp_othpos_4,hfa_facility_policies_and_working_conditions,,text,"If other position, please specify: ",,,,,,,[hr_fgui_rp_pos_4] = '99',,,,,,
hr_fgui_rp_ph_4,hfa_facility_policies_and_working_conditions,,text,Respondent Phone Number:,,,,,,y,[hr_fgui_rp_num] >= 4,,,,,,
hr_fgui_rp_hed_5,hfa_facility_policies_and_working_conditions,,descriptive,"<div style=""background-color:#82cdbf; padding:5px"">Respondent #5</div>",,,,,,,[hr_fgui_rp_num] >= 5,,,,,,
hr_fgui_rp_nam_5,hfa_facility_policies_and_working_conditions,,text,Respondent Name (First and Last):,,,,,,y,[hr_fgui_rp_num] >= 5,,,,,,
hr_fgui_rp_pos_5,hfa_facility_policies_and_working_conditions,,radio,Respondent Position:,"6, Hospital Management | 5, Biomedical Engineering Technician | 1, NEST Coordinator | 2, Nurse | 7, Nurse-in-charge | 3, Data Clerk | 4, Clinician | 99, Other <i>(specify below)</i>",,,,,,[hr_fgui_rp_num] >= 5,,,,,,
hr_fgui_rp_othpos_5,hfa_facility_policies_and_working_conditions,,text,"If other position, please specify: ",,,,,,,[hr_fgui_rp_pos_5] = '99',,,,,,
hr_fgui_rp_ph_5,hfa_facility_policies_and_working_conditions,,text,Respondent Phone Number:,,,,,,y,[hr_fgui_rp_num] >= 5,,,,,,
hr_fgui_cont_hed,hfa_facility_policies_and_working_conditions,,descriptive,"<div style=""background-color:#fbd0c1;padding:10px"">Contract and Job Description</div>",,,,,,,,,,,,,
hr_fgui_cont_tm,hfa_facility_policies_and_working_conditions,,radio,How long have you been working in this facility? ,"1, Less than 3 months|2, 3-6 months|3, 6-12 months|4, 1-2 years|5, More than 2 years",,,,,,,y,RV,,,,
hr_fgui_cont_typ,hfa_facility_policies_and_working_conditions,,radio,Are you on a short term (<1 year) or long term (>1 year) contract?,"0, Short term (&#8804 1 year)|1, Long term (> 1 year)",,,,,,,y,RV,,,,
hr_fgui_cont_trn,hfa_facility_policies_and_working_conditions,,radio,When did you last receive any on-the-job training in newborn health?,"0, Never |1, In the last 6 months|2, In the last year|3, More than a year ago","This includes any training while doing the job, including mentorship, informal training, shadowing, side-by-side work, etc.",,,,,,y,RV,,,,
hr_fgui_cont_des,hfa_facility_policies_and_working_conditions,,radio,Do you currently have a written job description for your position?,"1, Yes|0, No",,,,,,,y,RV,,,,
hr_fgui_cont_wrt,hfa_facility_policies_and_working_conditions,,radio,Do you have a copy of the job description?,"1, Yes|0, No",,,,,,[hr_fgui_cont_des] = '1',,RV,,,,
hr_fgui_cont_mg,hfa_facility_policies_and_working_conditions,,radio,Does this facility have a written management structure or an organogram that details reporting relationships?,"1, Yes|0, No|9, Unknown",,,,,,,y,RV,,,,
hr_fgui_cont_gv,hfa_facility_policies_and_working_conditions,,radio,Is the reporting structure for administrative purposes clear to you?,"1, Yes|0, No",,,,,,,y,RV,,,,
hr_fgui_cont_sum,hfa_facility_policies_and_working_conditions,,radio,Do you ever complete or make reports that are sent to the next administrative level?,"1, Yes|0, No",,,,,,,y,RV,,,,
hr_fgui_rot_hed,hfa_facility_policies_and_working_conditions,,descriptive,"<div style=""background-color:#fbd0c1;padding:10px"">Staff Rotations</div>",,,,,,,,,,,,,
hr_fgui_rot_gui,hfa_facility_policies_and_working_conditions,,radio,Does this facility have a policy on staff rotation to different units in the facility?,"1, Yes|0, No | 9, Unknown",This would be a policy intended to manage the rotation of staff effectively.,,,,,,,RV,,,,
hr_fgui_rot_nu,hfa_facility_policies_and_working_conditions,,radio,Does this facility conduct staff rotations in and out of the neonatal unit?,"1, Yes|0, No",,,,,,,y,RV,,,,
hr_fgui_rot_rnnu,hfa_facility_policies_and_working_conditions,,radio,Was there a staff rotation of nurses on the neonatal unit within the last 12 months?,"1, Yes|0, No",,,,,,[hr_fgui_rot_nu] = '1',,RV,,,,
hr_fgui_rot_rnnu_num,hfa_facility_policies_and_working_conditions,,text,How many nurses were rotated out of the neonatal unit during the last staff rotation? ,,"If unknown, enter -1.",integer,-1,50,,[hr_fgui_rot_rnnu] = '1',,RV,,,,
hr_fgui_rot_avl,hfa_facility_policies_and_working_conditions,,radio,"Do you have an up-to-date daily staff rota which details the shifts of all clinical staff in the neonatal unit? If yes, how many weeks does it cover?","0, No staff rota available | 1, Staff rota for the next 4 weeks available | 2, Staff rota for the next 2 weeks available | 3, Staff rota for the next week available | 4, Staff rota available, but not up-to-date",Ask to see the latest staff roster.,,,,,,y,,,,,
hr_fgui_rot_hr,hfa_facility_policies_and_working_conditions,,yesno,Do you have a designated person who develops the staff rota for nurses in the neonatal unit?,,,,,,,,,,,,,
hr_fgui_phc_hed,hfa_facility_policies_and_working_conditions,,descriptive,"<div style=""background-color:#fbd0c1;padding:10px"">Staff Cell Phone Policy</div>",,,,,,,,,,,,,
hr_fgui_phc_fam,hfa_facility_policies_and_working_conditions,,yesno,Do you use your cell phone to talk with patients or other providers?,,,,,,,,y,,,,,
hr_fgui_phc_fin,hfa_facility_policies_and_working_conditions,,text,Can you estimate approximately how much you have paid out of pocket to talk with patients or other providers in the last 7 days?,,Please specify currency below.,integer,-1,,,[hr_fgui_phc_fam] = '1',,,,,,
hr_fgui_phc_curr,hfa_facility_policies_and_working_conditions,,radio,<i>For data collector only: </i>What currency are the out of pocket costs above estimated in?,"1, Malawian Kwacha | 2, Kenyan Shilling | 3, Tanzanian Shilling | 4, Nigerian Naira | 99, Other <i>(please specify)</i>",,,,,,[hr_fgui_phc_fam] = '1',,,,,,
hr_fgui_phc_curr_oth,hfa_facility_policies_and_working_conditions,,text,Please specify other currency:,,,,,,,[hr_fgui_phc_curr] = '99',,,,,,
hr_fgui_phc_reimb,hfa_facility_policies_and_working_conditions,,yesno,Have you been reimbursed for these costs?,,,,,,,[hr_fgui_phc_fam] = '1',,,,,,
hr_fgui_hed_4,hfa_facility_policies_and_working_conditions,,descriptive,"<div style=""background-color:#82cdbf; padding:5px""></div>",,,,,,,,,,,,,
hr_fgui_com,hfa_facility_policies_and_working_conditions,,notes,Comments:,,,,,,,,,,,,,
hr_nu_hed_1,hfa_neonatal_unit_staffing,,descriptive,"<div style=""background-color:#82cdbf; padding:5px""></div>",,,,,,,,,,,,,
hr_nu_ban_1,hfa_neonatal_unit_staffing,,descriptive,,,,,,,,,,,,,,
hr_nu_hed_2,hfa_neonatal_unit_staffing,,descriptive,"<div class=""h4"" style=""background-color:#82cdbf;padding:10px"">Neonatal Unit Staffing</div>",,,,,,,,,,,,,
hr_nu_ins_1,hfa_neonatal_unit_staffing,,descriptive,"<p style=""font-weight:normal""><i><b>INSTRUCTIONS:</b>1) Direct these questions to the nurse in charge of the neonatal unit. 2) <b>“Physically present”</b> means that there is at least one staff member in this category who is physically present in the facility. This can include any staff who provide care on the neonatal unit, but also work on other wards, such as the paediatric or postnatal wards. 3) <b>“On call”</b> means that the worker can be contacted, and if called, could reach the facility in less than 30 minutes, or if they are able to provide all necessary support needed by telephone. <b>“On call”</b> excludes the staff that are physically present at the time. 4) Ask about each health care worker cadre.  Do not include students in any of the staff member counts. 5) If any number is unknown, write ""-1"". 6) Do not leave any variable blank (write “0” if no staff).</i></p>",,,,,,,,,,,,,
hr_nu_hed_3,hfa_neonatal_unit_staffing,,descriptive,"<div style=""background-color:#82cdbf; padding:5px""></div>",,,,,,,,,,,,,
hr_nu_rp_num,hfa_neonatal_unit_staffing,,radio,Number of Respondents Interviewed:,"1, 1 respondent|2, 2 respondents|3, 3 respondents|4, 4 respondents|5, 5 respondents",,,,,,,y,,,,,
hr_nu_rp_hed_1,hfa_neonatal_unit_staffing,,descriptive,"<div style=""background-color:#82cdbf; padding:5px"">Respondent #1</div>",,,,,,,[hr_nu_rp_num] >= 1,,,,,,
hr_nu_rp_nam_1,hfa_neonatal_unit_staffing,,text,Respondent Name (First and Last):,,,,,,y,[hr_nu_rp_num] >= 1,y,,,,,
hr_nu_rp_pos_1,hfa_neonatal_unit_staffing,,radio,Respondent Position:,"6, Hospital Management | 5, Biomedical Engineering Technician | 1, NEST Coordinator | 2, Nurse | 7, Nurse-in-charge | 3, Data Clerk | 4, Clinician | 99, Other <i>(specify below)</i>",,,,,,[hr_nu_rp_num] >= 1,y,,,,,
hr_nu_rp_othpos_1,hfa_neonatal_unit_staffing,,text,"If other position, please specify: ",,,,,,,[hr_nu_rp_pos_1] = '99',,,,,,
hr_nu_rp_ph_1,hfa_neonatal_unit_staffing,,text,Respondent Phone Number:,,,,,,y,[hr_nu_rp_num] >= 1,,,,,,
hr_nu_rp_hed_2,hfa_neonatal_unit_staffing,,descriptive,"<div style=""background-color:#82cdbf; padding:5px"">Respondent #2</div>",,,,,,,[hr_nu_rp_num] >= 2,,,,,,
hr_nu_rp_nam_2,hfa_neonatal_unit_staffing,,text,Respondent Name (First and Last):,,,,,,y,[hr_nu_rp_num] >= 2,,,,,,
hr_nu_rp_pos_2,hfa_neonatal_unit_staffing,,radio,Respondent Position:,"6, Hospital Management | 5, Biomedical Engineering Technician | 1, NEST Coordinator | 2, Nurse | 7, Nurse-in-charge | 3, Data Clerk | 4, Clinician | 99, Other <i>(specify below)</i>",,,,,,[hr_nu_rp_num] >= 2,,,,,,
hr_nu_rp_othpos_2,hfa_neonatal_unit_staffing,,text,"If other position, please specify: ",,,,,,,[hr_nu_rp_pos_2] = '99',,,,,,
hr_nu_rp_ph_2,hfa_neonatal_unit_staffing,,text,Respondent Phone Number:,,,,,,y,[hr_nu_rp_num] >= 2,,,,,,
hr_nu_rp_hed_3,hfa_neonatal_unit_staffing,,descriptive,"<div style=""background-color:#82cdbf; padding:5px"">Respondent #3</div>",,,,,,,[hr_nu_rp_num] >= 3,,,,,,
hr_nu_rp_nam_3,hfa_neonatal_unit_staffing,,text,Respondent Name (First and Last):,,,,,,y,[hr_nu_rp_num] >= 3,,,,,,
hr_nu_rp_pos_3,hfa_neonatal_unit_staffing,,radio,Respondent Position:,"6, Hospital Management | 5, Biomedical Engineering Technician | 1, NEST Coordinator | 2, Nurse | 7, Nurse-in-charge | 3, Data Clerk | 4, Clinician | 99, Other <i>(specify below)</i>",,,,,,[hr_nu_rp_num] >= 3,,,,,,
hr_nu_rp_othpos_3,hfa_neonatal_unit_staffing,,text,"If other position, please specify: ",,,,,,,[hr_nu_rp_pos_3] = '99',,,,,,
hr_nu_rp_ph_3,hfa_neonatal_unit_staffing,,text,Respondent Phone Number:,,,,,,y,[hr_nu_rp_num] >= 3,,,,,,
hr_nu_rp_hed_4,hfa_neonatal_unit_staffing,,descriptive,"<div style=""background-color:#82cdbf; padding:5px"">Respondent #4</div>",,,,,,,[hr_nu_rp_num] >= 4,,,,,,
hr_nu_rp_nam_4,hfa_neonatal_unit_staffing,,text,Respondent Name (First and Last):,,,,,,y,[hr_nu_rp_num] >= 4,,,,,,
hr_nu_rp_pos_4,hfa_neonatal_unit_staffing,,radio,Respondent Position:,"6, Hospital Management | 5, Biomedical Engineering Technician | 1, NEST Coordinator | 2, Nurse | 7, Nurse-in-charge | 3, Data Clerk | 4, Clinician | 99, Other <i>(specify below)</i>",,,,,,[hr_nu_rp_num] >= 4,,,,,,
hr_nu_rp_othpos_4,hfa_neonatal_unit_staffing,,text,"If other position, please specify: ",,,,,,,[hr_nu_rp_pos_4] = '99',,,,,,
hr_nu_rp_ph_4,hfa_neonatal_unit_staffing,,text,Respondent Phone Number:,,,,,,y,[hr_nu_rp_num] >= 4,,,,,,
hr_nu_rp_hed_5,hfa_neonatal_unit_staffing,,descriptive,"<div style=""background-color:#82cdbf; padding:5px"">Respondent #5</div>",,,,,,,[hr_nu_rp_num] >= 5,,,,,,
hr_nu_rp_nam_5,hfa_neonatal_unit_staffing,,text,Respondent Name (First and Last):,,,,,,y,[hr_nu_rp_num] >= 5,,,,,,
hr_nu_rp_pos_5,hfa_neonatal_unit_staffing,,radio,Respondent Position:,"6, Hospital Management | 5, Biomedical Engineering Technician | 1, NEST Coordinator | 2, Nurse | 7, Nurse-in-charge | 3, Data Clerk | 4, Clinician | 99, Other <i>(specify below)</i>",,,,,,[hr_nu_rp_num] >= 5,,,,,,
hr_nu_rp_othpos_5,hfa_neonatal_unit_staffing,,text,"If other position, please specify: ",,,,,,,[hr_nu_rp_pos_5] = '99',,,,,,
hr_nu_rp_ph_5,hfa_neonatal_unit_staffing,,text,Respondent Phone Number:,,,,,,y,[hr_nu_rp_num] >= 5,,,,,,
hr_nu_shft_hed,hfa_neonatal_unit_staffing,,descriptive,"<div class=""h4"" style=""background-color:#82cdbf;padding:10px"">Neonatal Unit Shifts</div>",,,,,,,,,,,,,
hr_nu_shft_avl,hfa_neonatal_unit_staffing,,checkbox,Which of the following shifts does the neonatal unit have?,"1, Morning shift | 2, Afternoon shift | 3, Evening shift | 4, Night shift",,,,,,,y,,,,,
hr_nu_shft_h_am,hfa_neonatal_unit_staffing,,text,How many hours per day is the morning shift expected to cover? ,,,integer,-1,24,,[hr_nu_shft_avl(1)] = '1',,RH,,,,
hr_nu_shft_h_pm,hfa_neonatal_unit_staffing,,text,How many hours per day is the afternoon shift expected to cover? ,,,integer,-1,24,,[hr_nu_shft_avl(2)] = '1',,,,,,
hr_nu_shft_h_eve,hfa_neonatal_unit_staffing,,text,How many hours per day is the evening shift expected to cover? ,,,integer,-1,24,,[hr_nu_shft_avl(3)] = '1',,,,,,
hr_nu_shft_h_ngt,hfa_neonatal_unit_staffing,,text,How many hours per day is the night shift expected to cover? ,,,integer,-1,24,,[hr_nu_shft_avl(4)] = '1',,,,,,
hr_nu_shft_wrk_h,hfa_neonatal_unit_staffing,,text,How many hours did you work in the last 7 days?,,,integer,-1,168,,,y,,,,,
hr_nu_shft_wrk_ngt,hfa_neonatal_unit_staffing,,text,How many nights in a row did you work when you were last on night duty?,,,integer,-1,30,,,y,,,,,
hr_nu_shft_lv,hfa_neonatal_unit_staffing,,text,How many nights off did you receive after being on night duty?,,,integer,-1,30,,,y,,,,,
hr_nu_cdr_hed,hfa_neonatal_unit_staffing,,descriptive,"<div class=""h4"" style=""background-color:#82cdbf;padding:10px"">Neonatal Unit Staffing</div>",,,,,,,,,,,,,
hr_nu_cdr,hfa_neonatal_unit_staffing,,checkbox,Which of the following positions do you currently have assigned to your neonatal unit?,"1, General Medical Doctor | 21, Pediatrician | 22, Neonatologist | 3, General Nurse | 41, Pediatric Nurse | 42, Neonatal Nurse | 5, Clinical Officer | 99, Other <i>(specify below)</i>",,,,,,,y,,,,,
hr_nu_cdr_dr,hfa_neonatal_unit_staffing,,text,How many general medical doctors are currently assigned to the neonatal unit?,,"This includes all staff assigned to work on the neonatal unit, including staff who also work on other units (e.g. postnatal or pediatrics ward).",integer,-1,,,[hr_nu_cdr(1)] = '1',,,,,,
hr_nu_cdr_pdr,hfa_neonatal_unit_staffing,,text,How many pediatricians are currently assigned to the neonatal unit?,,"This includes all staff assigned to work on the neonatal unit, including staff who also work on other units (e.g. postnatal or pediatrics ward).",integer,-1,,,[hr_nu_cdr(21)] = '1',,,,,,
hr_nu_cdr_ndr,hfa_neonatal_unit_staffing,,text,How many neonatologists are currently assigned to the neonatal unit?,,"This includes all staff assigned to work on the neonatal unit, including staff who also work on other units (e.g. postnatal or pediatrics ward).",integer,-1,,,[hr_nu_cdr(22)] = '1',,,,,,
hr_nu_cdr_grn,hfa_neonatal_unit_staffing,,text,How many general nurses are currently assigned to the neonatal unit?,,"This includes all staff assigned to work on the neonatal unit, including staff who also work on other units (e.g. postnatal or pediatrics ward).",integer,-1,,,[hr_nu_cdr(3)] = '1',,,,,,
hr_nu_cdr_prn,hfa_neonatal_unit_staffing,,text,How many pediatric nurses are currently assigned to the neonatal unit?,,"This includes all staff assigned to work on the neonatal unit, including staff who also work on other units (e.g. postnatal or pediatrics ward).",integer,-1,,,[hr_nu_cdr(41)] = '1',,,,,,
hr_nu_cdr_nrn,hfa_neonatal_unit_staffing,,text,How many neonatal nurses are currently assigned to the neonatal unit?,,"This includes all staff assigned to work on the neonatal unit, including staff who also work on other units (e.g. postnatal or pediatrics ward).",integer,-1,,,[hr_nu_cdr(42)] = '1',,,,,,
hr_nu_cdr_co,hfa_neonatal_unit_staffing,,text,How many clinical officers are currently assigned to the neonatal unit?,,"This includes all staff assigned to work on the neonatal unit, including staff who also work on other units (e.g. postnatal or pediatrics ward).",integer,-1,,,[hr_nu_cdr(5)] = '1',,,,,,
hr_nu_tm_hed,hfa_neonatal_unit_staffing,,descriptive,"<div style=""background-color:#82cdbf;padding:10px"">Which of the following positions are staffed on the neonatal unit at the specified times?</div>",,,,,,,,,,,,,
hr_nu_tm_mfd,hfa_neonatal_unit_staffing,,checkbox,Weekday (e.g. Monday – Friday) (Day),"1, General Medical Doctor | 7, Pediatrician | 8, Neonatologist | 3, General Nurse | 41, Pediatric Nurse | 42, Neonatal Nurse | 5, Clinical Officer",,,,,,,y,,,hr_nu_tm,,
hr_nu_tm_mfn,hfa_neonatal_unit_staffing,,checkbox,Weekday (e.g. Monday – Friday) (Night),"1, General Medical Doctor | 7, Pediatrician | 8, Neonatologist | 3, General Nurse | 41, Pediatric Nurse | 42, Neonatal Nurse | 5, Clinical Officer",,,,,,,y,,,hr_nu_tm,,
hr_nu_tm_std,hfa_neonatal_unit_staffing,,checkbox,Weekend (e.g. Saturday-Sunday) (Day),"1, General Medical Doctor | 7, Pediatrician | 8, Neonatologist | 3, General Nurse | 41, Pediatric Nurse | 42, Neonatal Nurse | 5, Clinical Officer",,,,,,,y,,,hr_nu_tm,,
hr_nu_tm_stn,hfa_neonatal_unit_staffing,,checkbox,Weekend (e.g. Saturday-Sunday) (Night),"1, General Medical Doctor | 7, Pediatrician | 8, Neonatologist | 3, General Nurse | 41, Pediatric Nurse | 42, Neonatal Nurse | 5, Clinical Officer",,,,,,,y,,,hr_nu_tm,,
hr_nu_tm_td,hfa_neonatal_unit_staffing,,checkbox,Today,"1, General Medical Doctor | 7, Pediatrician | 8, Neonatologist | 3, General Nurse | 41, Pediatric Nurse | 42, Neonatal Nurse | 5, Clinical Officer",,,,,,,y,,,hr_nu_tm,,
hr_nu_tm_lstn,hfa_neonatal_unit_staffing,,checkbox,Last Night,"1, General Medical Doctor | 7, Pediatrician | 8, Neonatologist | 3, General Nurse | 41, Pediatric Nurse | 42, Neonatal Nurse | 5, Clinical Officer",,,,,,,y,,,hr_nu_tm,,
hr_nu_mfd_hed,hfa_neonatal_unit_staffing,,descriptive,"<div style=""background-color:#82cdbf;padding:10px"">Weekday (e.g. Monday – Friday) (Day)</div>",,,,,,,,,,,,,
hr_nu_mfd_dr_hed,hfa_neonatal_unit_staffing,,descriptive,"<div style=""background-color:#fbd0c1;padding:5px;text-indent:1em"">General Medical Doctors</div>",,,,,,,[hr_nu_tm_mfd(1)] = '1',,,,,,
hr_nu_mfd_dr_phy,hfa_neonatal_unit_staffing,,text,How many general medical doctors providing care on the neonatal unit are physically present in the facility <u>Weekdays (e.g. Monday – Friday) during the day</u>?,,"Staff who provide care on the neonatal unit can also provide care to newborns elsewhere at the facility (e.g. postnatal unit, pediatric unit, KMC unit, etc.). ",integer,-1,,,[hr_nu_tm_mfd(1)] = '1',,RH,,,,
hr_nu_mfd_dr_exc,hfa_neonatal_unit_staffing,,text,"Of those who are physically present, how many general medical doctors provide care exclusively on the neonatal unit <u>Weekdays (e.g. Monday – Friday) during the day</u>?",,"Staff providing care exclusively on the neonatal unit work only on the neonatal unit (not also on the postnatal unit or pediatrics ward, for example).",integer,-1,,,[hr_nu_mfd_dr_phy] > 0,,RH,,,,
hr_nu_mfd_dr_call,hfa_neonatal_unit_staffing,,text,How many general medical doctors providing care on the neonatal unit are on call <u>Weekdays (e.g. Monday – Friday) during the day</u>?,,"Someone is considered on call if they can be called and reach the hospital within 30 minutes, or if they are able to provide all necessary support needed by telephone. On call excludes the staff that are physically present at the time.",integer,-1,,,[hr_nu_tm_mfd(1)] = '1',,RH,,,,
hr_nu_mfd_dr_call_2,hfa_neonatal_unit_staffing,,text,"How many general medical doctors providing care on the neonatal unit are on call <u>Weekdays (e.g. Monday – Friday) during the day</u>, but unable to reach the hospital within 30 minutes?",,"Someone is considered on call if they can be called, or if they are able to provide all necessary support needed by telephone. On call excludes the staff that are physically present at the time.",integer,-1,,,[hr_nu_mfd_dr_call] = '0',,RH,,,,
hr_nu_mfd_pdr_hed,hfa_neonatal_unit_staffing,,descriptive,"<div style=""background-color:#fbd0c1;padding:5px;text-indent:1em"">Pediatricians</div>",,,,,,,[hr_nu_tm_mfd(7)] = '1',,,,,,
hr_nu_mfd_pdr_phy,hfa_neonatal_unit_staffing,,text,How many pediatricians providing care on the neonatal unit are physically present in the facility <u>Weekdays (e.g. Monday – Friday) during the day</u>?,,"Staff who provide care on the neonatal unit can also provide care to newborns elsewhere at the facility (e.g. postnatal unit, pediatric unit, KMC unit, etc.). ",integer,-1,,,[hr_nu_tm_mfd(7)] = '1',,RH,,,,
hr_nu_mfd_pdr_exc,hfa_neonatal_unit_staffing,,text,"Of those who are physically present, how many pediatricians provide care exclusively on the neonatal unit <u>Weekdays (e.g. Monday – Friday) during the day</u>?",,"Staff providing care exclusively on the neonatal unit work only on the neonatal unit (not also on the postnatal unit or pediatrics ward, for example).",integer,-1,,,[hr_nu_mfd_pdr_phy] > 0 ,,RH,,,,
hr_nu_mfd_pdr_call,hfa_neonatal_unit_staffing,,text,How many pediatricians providing care on the neonatal unit are on call <u>Weekdays (e.g. Monday – Friday) during the day</u>?,,"Someone is considered on call if they can be called and reach the hospital within 30 minutes, or if they are able to provide all necessary support needed by telephone. On call excludes the staff that are physically present at the time.",integer,-1,,,[hr_nu_tm_mfd(7)] = '1',,RH,,,,
hr_nu_mfd_pdr_call_2,hfa_neonatal_unit_staffing,,text,"How many pediatricians providing care on the neonatal unit are on call <u>Weekdays (e.g. Monday – Friday) during the day</u>, but unable to reach the hospital within 30 minutes?",,"Someone is considered on call if they can be called, or if they are able to provide all necessary support needed by telephone. On call excludes the staff that are physically present at the time.",integer,-1,,,[hr_nu_mfd_pdr_call] = '0',,RH,,,,
hr_nu_mfd_ndr_hed,hfa_neonatal_unit_staffing,,descriptive,"<div style=""background-color:#fbd0c1;padding:5px;text-indent:1em"">Neonatologists</div>",,,,,,,[hr_nu_tm_mfd(8)] = '1',,,,,,
hr_nu_mfd_ndr_phy,hfa_neonatal_unit_staffing,,text,How many neonatologists providing care on the neonatal unit are physically present in the facility <u>Weekdays (e.g. Monday – Friday) during the day</u>?,,"Staff who provide care on the neonatal unit can also provide care to newborns elsewhere at the facility (e.g. postnatal unit, pediatric unit, KMC unit, etc.). ",integer,-1,,,[hr_nu_tm_mfd(8)] = '1',,RH,,,,
hr_nu_mfd_ndr_exc,hfa_neonatal_unit_staffing,,text,"Of those who are physically present, how many neonatologists provide care exclusively on the neonatal unit <u>Weekdays (e.g. Monday – Friday) during the day</u>?",,"Staff providing care exclusively on the neonatal unit work only on the neonatal unit (not also on the postnatal unit or pediatrics ward, for example).",integer,-1,,,[hr_nu_mfd_ndr_phy] > 0,,RH,,,,
hr_nu_mfd_ndr_call,hfa_neonatal_unit_staffing,,text,How many neonatologists providing care on the neonatal unit are on call <u>Weekdays (e.g. Monday – Friday) during the day</u>?,,"Someone is considered on call if they can be called and reach the hospital within 30 minutes, or if they are able to provide all necessary support needed by telephone. On call excludes the staff that are physically present at the time.",integer,-1,,,[hr_nu_tm_mfd(8)] = '1',,RH,,,,
hr_nu_mfd_ndr_call_2,hfa_neonatal_unit_staffing,,text,"How many neonatologists providing care on the neonatal unit are on call <u>Weekdays (e.g. Monday – Friday) during the day</u>, but unable to reach the hospital within 30 minutes?",,"Someone is considered on call if they can be called, or if they are able to provide all necessary support needed by telephone. On call excludes the staff that are physically present at the time.",integer,-1,,,[hr_nu_mfd_ndr_call] = '0',,RH,,,,
hr_nu_mfd_grn_hed,hfa_neonatal_unit_staffing,,descriptive,"<div style=""background-color:#fbd0c1;padding:5px;text-indent:1em"">General Nurses</div>",,,,,,,[hr_nu_tm_mfd(3)] = '1',,,,,,
hr_nu_mfd_grn_phy,hfa_neonatal_unit_staffing,,text,How many general nurses providing care on the neonatal unit are physically present in the facility <u>Weekdays (e.g. Monday – Friday) during the day</u>?,,"Staff who provide care on the neonatal unit can also provide care to newborns elsewhere at the facility (e.g. postnatal unit, pediatric unit, KMC unit, etc.). ",integer,-1,,,[hr_nu_tm_mfd(3)] = '1',,RH,,,,
hr_nu_mfd_grn_exc,hfa_neonatal_unit_staffing,,text,"Of those who are physically present, how many general nurses provide care exclusively on the neonatal unit <u>Weekdays (e.g. Monday – Friday) during the day</u>?",,"Staff providing care exclusively on the neonatal unit work only on the neonatal unit (not also on the postnatal unit or pediatrics ward, for example).",integer,-1,,,[hr_nu_mfd_grn_phy] > 0,,RH,,,,
hr_nu_mfd_grn_call,hfa_neonatal_unit_staffing,,text,How many general nurses providing care on the neonatal unit are on call <u>Weekdays (e.g. Monday – Friday) during the day</u>?,,"Someone is considered on call if they can be called and reach the hospital within 30 minutes, or if they are able to provide all necessary support needed by telephone. On call excludes the staff that are physically present at the time.",integer,-1,,,[hr_nu_tm_mfd(3)] = '1',,RH,,,,
hr_nu_mfd_grn_call_2,hfa_neonatal_unit_staffing,,text,"How many general nurses providing care on the neonatal unit are on call <u>Weekdays (e.g. Monday – Friday) during the day</u>, but unable to reach the hospital within 30 minutes?",,"Someone is considered on call if they can be called, or if they are able to provide all necessary support needed by telephone. On call excludes the staff that are physically present at the time.",integer,-1,,,[hr_nu_mfd_grn_call] = '0',,RH,,,,
hr_nu_mfd_prn_hed,hfa_neonatal_unit_staffing,,descriptive,"<div style=""background-color:#fbd0c1;padding:5px;text-indent:1em"">Pediatric Nurses</div>",,,,,,,[hr_nu_tm_mfd(41)] = '1',,,,,,
hr_nu_mfd_prn_phy,hfa_neonatal_unit_staffing,,text,How many pediatric nurses providing care on the neonatal unit are physically present in the facility <u>Weekdays (e.g. Monday – Friday) during the day</u>?,,"Staff who provide care on the neonatal unit can also provide care to newborns elsewhere at the facility (e.g. postnatal unit, pediatric unit, KMC unit, etc.). ",integer,-1,,,[hr_nu_tm_mfd(41)] = '1',,RH,,,,
hr_nu_mfd_prn_exc,hfa_neonatal_unit_staffing,,text,"Of those who are physically present, how many pediatric nurses provide care exclusively on the neonatal unit <u>Weekdays (e.g. Monday – Friday) during the day</u>?",,"Staff providing care exclusively on the neonatal unit work only on the neonatal unit (not also on the postnatal unit or pediatrics ward, for example).",integer,-1,,,[hr_nu_mfd_prn_phy] > 0,,RH,,,,
hr_nu_mfd_prn_call,hfa_neonatal_unit_staffing,,text,How many pediatric nurses providing care on the neonatal unit are on call <u>Weekdays (e.g. Monday – Friday) during the day</u>?,,"Someone is considered on call if they can be called and reach the hospital within 30 minutes, or if they are able to provide all necessary support needed by telephone. On call excludes the staff that are physically present at the time.",integer,-1,,,[hr_nu_tm_mfd(41)] = '1',,RH,,,,
hr_nu_mfd_prn_call_2,hfa_neonatal_unit_staffing,,text,"How many pediatric nurses providing care on the neonatal unit are on call <u>Weekdays (e.g. Monday – Friday) during the day</u>, but unable to reach the hospital within 30 minutes?",,"Someone is considered on call if they can be called, or if they are able to provide all necessary support needed by telephone. On call excludes the staff that are physically present at the time.",integer,-1,,,[hr_nu_mfd_prn_call] = '0',,RH,,,,
hr_nu_mfd_nrn_hed,hfa_neonatal_unit_staffing,,descriptive,"<div style=""background-color:#fbd0c1;padding:5px;text-indent:1em"">Neonatal Nurses</div>",,,,,,,[hr_nu_tm_mfd(42)] = '1',,,,,,
hr_nu_mfd_nrn_phy,hfa_neonatal_unit_staffing,,text,How many neonatal nurses providing care on the neonatal unit are physically present in the facility <u>Weekdays (e.g. Monday – Friday) during the day</u>?,,"Staff who provide care on the neonatal unit can also provide care to newborns elsewhere at the facility (e.g. postnatal unit, pediatric unit, KMC unit, etc.). ",integer,-1,,,[hr_nu_tm_mfd(42)] = '1',,RH,,,,
hr_nu_mfd_nrn_exc,hfa_neonatal_unit_staffing,,text,"Of those who are physically present, how many neonatal nurses provide care exclusively on the neonatal unit <u>Weekdays (e.g. Monday – Friday) during the day</u>?",,"Staff providing care exclusively on the neonatal unit work only on the neonatal unit (not also on the postnatal unit or pediatrics ward, for example).",integer,-1,,,[hr_nu_mfd_nrn_phy] > 0,,RH,,,,
hr_nu_mfd_nrn_call,hfa_neonatal_unit_staffing,,text,How many neonatal nurses providing care on the neonatal unit are on call <u>Weekdays (e.g. Monday – Friday) during the day</u>?,,"Someone is considered on call if they can be called and reach the hospital within 30 minutes, or if they are able to provide all necessary support needed by telephone. On call excludes the staff that are physically present at the time.",integer,-1,,,[hr_nu_tm_mfd(42)] = '1',,RH,,,,
hr_nu_mfd_nrn_call_2,hfa_neonatal_unit_staffing,,text,"How many neonatal nurses providing care on the neonatal unit are on call <u>Weekdays (e.g. Monday – Friday) during the day</u>, but unable to reach the hospital within 30 minutes?",,"Someone is considered on call if they can be called, or if they are able to provide all necessary support needed by telephone. On call excludes the staff that are physically present at the time.",integer,-1,,,[hr_nu_mfd_nrn_call] = '0',,RH,,,,
hr_nu_mfd_co_hed,hfa_neonatal_unit_staffing,,descriptive,"<div style=""background-color:#fbd0c1;padding:5px;text-indent:1em"">Clinical Officers</div>",,,,,,,[hr_nu_tm_mfd(5)] = '1',,,,,,
hr_nu_mfd_co_phy,hfa_neonatal_unit_staffing,,text,How many clinical officers providing care on the neonatal unit are physically present in the facility <u>Weekdays (e.g. Monday – Friday) during the day</u>?,,"Staff who provide care on the neonatal unit can also provide care to newborns elsewhere at the facility (e.g. postnatal unit, pediatric unit, KMC unit, etc.). ",integer,-1,,,[hr_nu_tm_mfd(5)] = '1',,RH,,,,
hr_nu_mfd_co_exc,hfa_neonatal_unit_staffing,,text,"Of those who are physically present, how many clinical officers provide care exclusively on the neonatal unit <u>Weekdays (e.g. Monday – Friday) during the day</u>?",,"Staff providing care exclusively on the neonatal unit work only on the neonatal unit (not also on the postnatal unit or pediatrics ward, for example).",integer,-1,,,[hr_nu_mfd_co_phy] > 0,,RH,,,,
hr_nu_mfd_co_call,hfa_neonatal_unit_staffing,,text,How many clinical officers providing care on the neonatal unit are on call <u>Weekdays (e.g. Monday – Friday) during the day</u>?,,"Someone is considered on call if they can be called and reach the hospital within 30 minutes, or if they are able to provide all necessary support needed by telephone. On call excludes the staff that are physically present at the time.",integer,-1,,,[hr_nu_tm_mfd(5)] = '1',,RH,,,,
hr_nu_mfd_co_call_2,hfa_neonatal_unit_staffing,,text,"How many clinical officers providing care on the neonatal unit are on call <u>Weekdays (e.g. Monday – Friday) during the day</u>, but unable to reach the hospital within 30 minutes?",,"Someone is considered on call if they can be called, or if they are able to provide all necessary support needed by telephone. On call excludes the staff that are physically present at the time.",integer,-1,,,[hr_nu_mfd_co_call] = '0',,RH,,,,
hr_nu_mfn_hed,hfa_neonatal_unit_staffing,,descriptive,"<div style=""background-color:#82cdbf;padding:10px"">Weekday (e.g. Monday – Friday) (Night)</div>",,,,,,,,,,,,,
hr_nu_mfn_dr_hed,hfa_neonatal_unit_staffing,,descriptive,"<div style=""background-color:#fbd0c1;padding:5px;text-indent:1em"">General Medical Doctors</div>",,,,,,,[hr_nu_tm_mfn(1)] = '1',,,,,,
hr_nu_mfn_dr_phy,hfa_neonatal_unit_staffing,,text,How many general medical doctors providing care on the neonatal unit are physically present in the facility <u>Weekdays (e.g. Monday – Friday) at night</u>?,,"Staff who provide care on the neonatal unit can also provide care to newborns elsewhere at the facility (e.g. postnatal unit, pediatric unit, KMC unit, etc.). ",integer,-1,,,[hr_nu_tm_mfn(1)] = '1',,RH,,,,
hr_nu_mfn_dr_exc,hfa_neonatal_unit_staffing,,text,"Of those who are physically present, how many general medical doctors provide care exclusively on the neonatal unit <u>Weekdays (e.g. Monday – Friday) at night</u>?",,"Staff providing care exclusively on the neonatal unit work only on the neonatal unit (not also on the postnatal unit or pediatrics ward, for example).",integer,-1,,,[hr_nu_mfn_dr_phy] > 0,,RH,,,,
hr_nu_mfn_dr_call,hfa_neonatal_unit_staffing,,text,How many general medical doctors providing care on the neonatal unit are on call <u>Weekdays (e.g. Monday – Friday) at night</u>?,,"Someone is considered on call if they can be called and reach the hospital within 30 minutes, or if they are able to provide all necessary support needed by telephone. On call excludes the staff that are physically present at the time.",integer,-1,,,[hr_nu_tm_mfn(1)] = '1',,RH,,,,
hr_nu_mfn_dr_call_2,hfa_neonatal_unit_staffing,,text,"How many general medical doctors providing care on the neonatal unit are on call <u>Weekdays (e.g. Monday – Friday) at night</u>, but unable to reach the hospital within 30 minutes?",,"Someone is considered on call if they can be called, or if they are able to provide all necessary support needed by telephone. On call excludes the staff that are physically present at the time.",integer,-1,,,[hr_nu_mfn_dr_call] = '0',,RH,,,,
hr_nu_mfn_pdr_hed,hfa_neonatal_unit_staffing,,descriptive,"<div style=""background-color:#fbd0c1;padding:5px;text-indent:1em"">Pediatricians</div>",,,,,,,[hr_nu_tm_mfn(7)] = '1',,,,,,
hr_nu_mfn_pdr_phy,hfa_neonatal_unit_staffing,,text,How many pediatricians providing care on the neonatal unit are physically present in the facility <u>Monday - Friday during the night</u>?,,"Staff who provide care on the neonatal unit can also provide care to newborns elsewhere at the facility (e.g. postnatal unit, pediatric unit, KMC unit, etc.). ",integer,-1,,,[hr_nu_tm_mfn(7)] = '1',,RH,,,,
hr_nu_mfn_pdr_exc,hfa_neonatal_unit_staffing,,text,"Of those who are physically present, how many pediatricians provide care exclusively on the neonatal unit <u>Monday - Friday during the night</u>?",,"Staff providing care exclusively on the neonatal unit work only on the neonatal unit (not also on the postnatal unit or pediatrics ward, for example).",integer,-1,,,[hr_nu_mfn_pdr_phy] > 0 ,,RH,,,,
hr_nu_mfn_pdr_call,hfa_neonatal_unit_staffing,,text,How many pediatricians providing care on the neonatal unit are on call <u>Monday - Friday during the night</u>?,,"Someone is considered on call if they can be called and reach the hospital within 30 minutes, or if they are able to provide all necessary support needed by telephone. On call excludes the staff that are physically present at the time.",integer,-1,,,[hr_nu_tm_mfn(7)] = '1',,RH,,,,
hr_nu_mfn_pdr_call_2,hfa_neonatal_unit_staffing,,text,"How many pediatricians providing care on the neonatal unit are on call <u>Monday - Friday during the night</u>, but unable to reach the hospital within 30 minutes?",,"Someone is considered on call if they can be called, or if they are able to provide all necessary support needed by telephone. On call excludes the staff that are physically present at the time.",integer,-1,,,[hr_nu_mfn_pdr_call] = '0',,RH,,,,
hr_nu_mfn_ndr_hed,hfa_neonatal_unit_staffing,,descriptive,"<div style=""background-color:#fbd0c1;padding:5px;text-indent:1em"">Neonatologists</div>",,,,,,,[hr_nu_tm_mfn(8)] = '1',,,,,,
hr_nu_mfn_ndr_phy,hfa_neonatal_unit_staffing,,text,How many neonatologists providing care on the neonatal unit are physically present in the facility <u>Monday - Friday during the night</u>?,,"Staff who provide care on the neonatal unit can also provide care to newborns elsewhere at the facility (e.g. postnatal unit, pediatric unit, KMC unit, etc.). ",integer,-1,,,[hr_nu_tm_mfn(8)] = '1',,RH,,,,
hr_nu_mfn_ndr_exc,hfa_neonatal_unit_staffing,,text,"Of those who are physically present, how many neonatologists provide care exclusively on the neonatal unit <u>Monday - Friday during the night</u>?",,"Staff providing care exclusively on the neonatal unit work only on the neonatal unit (not also on the postnatal unit or pediatrics ward, for example).",integer,-1,,,[hr_nu_mfn_ndr_phy] > 0,,RH,,,,
hr_nu_mfn_ndr_call,hfa_neonatal_unit_staffing,,text,How many neonatologists providing care on the neonatal unit are on call <u>Monday - Friday during the night</u>?,,"Someone is considered on call if they can be called and reach the hospital within 30 minutes, or if they are able to provide all necessary support needed by telephone. On call excludes the staff that are physically present at the time.",integer,-1,,,[hr_nu_tm_mfn(8)] = '1',,RH,,,,
hr_nu_mfn_ndr_call_2,hfa_neonatal_unit_staffing,,text,"How many neonatologists providing care on the neonatal unit are on call <u>Monday - Friday during the night</u>, but unable to reach the hospital within 30 minutes?",,"Someone is considered on call if they can be called, or if they are able to provide all necessary support needed by telephone. On call excludes the staff that are physically present at the time.",integer,-1,,,[hr_nu_mfn_ndr_call] = '0',,RH,,,,
hr_nu_mfn_grn_hed,hfa_neonatal_unit_staffing,,descriptive,"<div style=""background-color:#fbd0c1;padding:5px;text-indent:1em"">General Nurses</div>",,,,,,,[hr_nu_tm_mfn(3)] = '1',,,,,,
hr_nu_mfn_grn_phy,hfa_neonatal_unit_staffing,,text,How many general nurses providing care on the neonatal unit are physically present in the facility <u>Weekdays (e.g. Monday – Friday) at night</u>?,,"Staff who provide care on the neonatal unit can also provide care to newborns elsewhere at the facility (e.g. postnatal unit, pediatric unit, KMC unit, etc.). ",integer,-1,,,[hr_nu_tm_mfn(3)] = '1',,RH,,,,
hr_nu_mfn_grn_exc,hfa_neonatal_unit_staffing,,text,"Of those who are physically present, how many general nurses provide care exclusively on the neonatal unit <u>Weekdays (e.g. Monday – Friday) at night</u>?",,"Staff providing care exclusively on the neonatal unit work only on the neonatal unit (not also on the postnatal unit or pediatrics ward, for example).",integer,-1,,,[hr_nu_mfn_grn_phy] > 0,,RH,,,,
hr_nu_mfn_grn_call,hfa_neonatal_unit_staffing,,text,How many general nurses providing care on the neonatal unit are on call <u>Weekdays (e.g. Monday – Friday) at night</u>?,,"Someone is considered on call if they can be called and reach the hospital within 30 minutes, or if they are able to provide all necessary support needed by telephone. On call excludes the staff that are physically present at the time.",integer,-1,,,[hr_nu_tm_mfn(3)] = '1',,RH,,,,
hr_nu_mfn_grn_call_2,hfa_neonatal_unit_staffing,,text,"How many general nurses providing care on the neonatal unit are on call <u>Weekdays (e.g. Monday – Friday) at night</u>, but unable to reach the hospital within 30 minutes?",,"Someone is considered on call if they can be called, or if they are able to provide all necessary support needed by telephone. On call excludes the staff that are physically present at the time.",integer,-1,,,[hr_nu_mfn_grn_call] = '0',,RH,,,,
hr_nu_mfn_prn_hed,hfa_neonatal_unit_staffing,,descriptive,"<div style=""background-color:#fbd0c1;padding:5px;text-indent:1em"">Pediatric Nurses</div>",,,,,,,[hr_nu_tm_mfn(41)] = '1',,,,,,
hr_nu_mfn_prn_phy,hfa_neonatal_unit_staffing,,text,How many pediatric nurses providing care on the neonatal unit are physically present in the facility <u>Weekdays (e.g. Monday – Friday) at night</u>?,,"Staff who provide care on the neonatal unit can also provide care to newborns elsewhere at the facility (e.g. postnatal unit, pediatric unit, KMC unit, etc.). ",integer,-1,,,[hr_nu_tm_mfn(41)] = '1',,RH,,,,
hr_nu_mfn_prn_exc,hfa_neonatal_unit_staffing,,text,"Of those who are physically present, how many pediatric nurses provide care exclusively on the neonatal unit <u>Weekdays (e.g. Monday – Friday) at night</u>?",,"Staff providing care exclusively on the neonatal unit work only on the neonatal unit (not also on the postnatal unit or pediatrics ward, for example).",integer,-1,,,[hr_nu_mfn_prn_phy] > 0,,RH,,,,
hr_nu_mfn_prn_call,hfa_neonatal_unit_staffing,,text,How many pediatric nurses providing care on the neonatal unit are on call <u>Weekdays (e.g. Monday – Friday) at night</u>?,,"Someone is considered on call if they can be called and reach the hospital within 30 minutes, or if they are able to provide all necessary support needed by telephone. On call excludes the staff that are physically present at the time.",integer,-1,,,[hr_nu_tm_mfn(41)] = '1',,RH,,,,
hr_nu_mfn_prn_call_2,hfa_neonatal_unit_staffing,,text,"How many pediatric nurses providing care on the neonatal unit are on call <u>Weekdays (e.g. Monday – Friday) at night</u>, but unable to reach the hospital within 30 minutes?",,"Someone is considered on call if they can be called, or if they are able to provide all necessary support needed by telephone. On call excludes the staff that are physically present at the time.",integer,-1,,,[hr_nu_mfn_prn_call] = '0',,RH,,,,
hr_nu_mfn_nrn_hed,hfa_neonatal_unit_staffing,,descriptive,"<div style=""background-color:#fbd0c1;padding:5px;text-indent:1em"">Neonatal Nurses</div>",,,,,,,[hr_nu_tm_mfn(42)] = '1',,,,,,
hr_nu_mfn_nrn_phy,hfa_neonatal_unit_staffing,,text,How many neonatal nurses providing care on the neonatal unit are physically present in the facility <u>Weekdays (e.g. Monday – Friday) at night</u>?,,"Staff who provide care on the neonatal unit can also provide care to newborns elsewhere at the facility (e.g. postnatal unit, pediatric unit, KMC unit, etc.). ",integer,-1,,,[hr_nu_tm_mfn(42)] = '1',,RH,,,,
hr_nu_mfn_nrn_exc,hfa_neonatal_unit_staffing,,text,"Of those who are physically present, how many neonatal nurses provide care exclusively on the neonatal unit <u>Weekdays (e.g. Monday – Friday) at night</u>?",,"Staff providing care exclusively on the neonatal unit work only on the neonatal unit (not also on the postnatal unit or pediatrics ward, for example).",integer,-1,,,[hr_nu_mfn_nrn_phy] > 0,,RH,,,,
hr_nu_mfn_nrn_call,hfa_neonatal_unit_staffing,,text,How many neonatal nurses providing care on the neonatal unit are on call <u>Weekdays (e.g. Monday – Friday) at night</u>?,,"Someone is considered on call if they can be called and reach the hospital within 30 minutes, or if they are able to provide all necessary support needed by telephone. On call excludes the staff that are physically present at the time.",integer,-1,,,[hr_nu_tm_mfn(42)] = '1',,RH,,,,
hr_nu_mfn_nrn_call_2,hfa_neonatal_unit_staffing,,text,"How many neonatal nurses providing care on the neonatal unit are on call <u>Weekdays (e.g. Monday – Friday) at night</u>, but unable to reach the hospital within 30 minutes?",,"Someone is considered on call if they can be called, or if they are able to provide all necessary support needed by telephone. On call excludes the staff that are physically present at the time.",integer,-1,,,[hr_nu_mfn_nrn_call] = '0',,RH,,,,
hr_nu_mfn_co_hed,hfa_neonatal_unit_staffing,,descriptive,"<div style=""background-color:#fbd0c1;padding:5px;text-indent:1em"">Clinical Officers</div>",,,,,,,[hr_nu_tm_mfn(5)] = '1',,,,,,
hr_nu_mfn_co_phy,hfa_neonatal_unit_staffing,,text,How many clinical officers providing care on the neonatal unit are physically present in the facility <u>Weekdays (e.g. Monday – Friday) at night</u>?,,"Staff who provide care on the neonatal unit can also provide care to newborns elsewhere at the facility (e.g. postnatal unit, pediatric unit, KMC unit, etc.). ",integer,-1,,,[hr_nu_tm_mfn(5)] = '1',,RH,,,,
hr_nu_mfn_co_exc,hfa_neonatal_unit_staffing,,text,"Of those who are physically present, how many clinical officers provide care exclusively on the neonatal unit <u>Weekdays (e.g. Monday – Friday) at night</u>?",,"Staff providing care exclusively on the neonatal unit work only on the neonatal unit (not also on the postnatal unit or pediatrics ward, for example).",integer,-1,,,[hr_nu_mfn_co_phy] > 0,,RH,,,,
hr_nu_mfn_co_call,hfa_neonatal_unit_staffing,,text,How many clinical officers providing care on the neonatal unit are on call <u>Weekdays (e.g. Monday – Friday) at night</u>?,,"Someone is considered on call if they can be called and reach the hospital within 30 minutes, or if they are able to provide all necessary support needed by telephone. On call excludes the staff that are physically present at the time.",integer,-1,,,[hr_nu_tm_mfn(5)] = '1',,RH,,,,
hr_nu_mfn_co_call_2,hfa_neonatal_unit_staffing,,text,"How many clinical officers providing care on the neonatal unit are on call <u>Weekdays (e.g. Monday – Friday) at night</u>, but unable to reach the hospital within 30 minutes?",,"Someone is considered on call if they can be called, or if they are able to provide all necessary support needed by telephone. On call excludes the staff that are physically present at the time.",integer,-1,,,[hr_nu_mfn_co_call] = '0',,RH,,,,
hr_nu_std_hed,hfa_neonatal_unit_staffing,,descriptive,"<div style=""background-color:#82cdbf;padding:10px"">Weekend (e.g. Saturday-Sunday) (Day)</div>",,,,,,,,,,,,,
hr_nu_std_dr_hed,hfa_neonatal_unit_staffing,,descriptive,"<div style=""background-color:#fbd0c1;padding:5px;text-indent:1em"">General Medical Doctors</div>",,,,,,,[hr_nu_tm_std(1)] = '1',,,,,,
hr_nu_std_dr_phy,hfa_neonatal_unit_staffing,,text,How many general medical doctors providing care on the neonatal unit are physically present in the facility <u>Weekend (e.g. Saturday-Sunday) during the day</u>?,,"Staff who provide care on the neonatal unit can also provide care to newborns elsewhere at the facility (e.g. postnatal unit, pediatric unit, KMC unit, etc.). ",integer,-1,,,[hr_nu_tm_std(1)] = '1',,RH,,,,
hr_nu_std_dr_exc,hfa_neonatal_unit_staffing,,text,"Of those who are physically present, how many general medical doctors provide care exclusively on the neonatal unit <u>Weekend (e.g. Saturday-Sunday) during the day</u>?",,"Staff providing care exclusively on the neonatal unit work only on the neonatal unit (not also on the postnatal unit or pediatrics ward, for example).",integer,-1,,,[hr_nu_std_dr_phy] > 0,,RH,,,,
hr_nu_std_dr_call,hfa_neonatal_unit_staffing,,text,How many general medical doctors providing care on the neonatal unit are on call <u>Weekend (e.g. Saturday-Sunday) during the day</u>?,,"Someone is considered on call if they can be called and reach the hospital within 30 minutes, or if they are able to provide all necessary support needed by telephone. On call excludes the staff that are physically present at the time.",integer,-1,,,[hr_nu_tm_std(1)] = '1',,RH,,,,
hr_nu_std_dr_call_2,hfa_neonatal_unit_staffing,,text,"How many general medical doctors providing care on the neonatal unit are on call <u>Weekend (e.g. Saturday-Sunday) during the day</u>, but unable to reach the hospital within 30 minutes?",,"Someone is considered on call if they can be called, or if they are able to provide all necessary support needed by telephone. On call excludes the staff that are physically present at the time.",integer,-1,,,[hr_nu_std_dr_call] = '0',,RH,,,,
hr_nu_std_pdr_hed,hfa_neonatal_unit_staffing,,descriptive,"<div style=""background-color:#fbd0c1;padding:5px;text-indent:1em"">Pediatricians</div>",,,,,,,[hr_nu_tm_std(7)] = '1',,,,,,
hr_nu_std_pdr_phy,hfa_neonatal_unit_staffing,,text,How many pediatricians providing care on the neonatal unit are physically present in the facility <u>Weekend (e.g. Saturday-Sunday) during the day</u>?,,"Staff who provide care on the neonatal unit can also provide care to newborns elsewhere at the facility (e.g. postnatal unit, pediatric unit, KMC unit, etc.). ",integer,-1,,,[hr_nu_tm_std(7)] = '1',,,,,,
hr_nu_std_pdr_exc,hfa_neonatal_unit_staffing,,text,"Of those who are physically present, how many pediatricians provide care exclusively on the neonatal unit <u>Weekend (e.g. Saturday-Sunday) during the day</u>?",,"Staff providing care exclusively on the neonatal unit work only on the neonatal unit (not also on the postnatal unit or pediatrics ward, for example).",integer,-1,,,[hr_nu_std_pdr_phy] > 0 ,,,,,,
hr_nu_std_pdr_call,hfa_neonatal_unit_staffing,,text,How many pediatricians providing care on the neonatal unit are on call <u>Weekend (e.g. Saturday-Sunday) during the day</u>?,,"Someone is considered on call if they can be called and reach the hospital within 30 minutes, or if they are able to provide all necessary support needed by telephone. On call excludes the staff that are physically present at the time.",integer,-1,,,[hr_nu_tm_std(7)] = '1',,,,,,
hr_nu_std_pdr_call_2,hfa_neonatal_unit_staffing,,text,"How many pediatricians providing care on the neonatal unit are on call <u>Weekend (e.g. Saturday-Sunday) during the day</u>, but unable to reach the hospital within 30 minutes?",,"Someone is considered on call if they can be called, or if they are able to provide all necessary support needed by telephone. On call excludes the staff that are physically present at the time.",integer,-1,,,[hr_nu_std_pdr_call] = '0',,RH,,,,
hr_nu_std_ndr_hed,hfa_neonatal_unit_staffing,,descriptive,"<div style=""background-color:#fbd0c1;padding:5px;text-indent:1em"">Neonatologists</div>",,,,,,,[hr_nu_tm_std(8)] = '1',,,,,,
hr_nu_std_ndr_phy,hfa_neonatal_unit_staffing,,text,How many neonatologists providing care on the neonatal unit are physically present in the facility <u>Weekend (e.g. Saturday-Sunday) during the day</u>?,,"Staff who provide care on the neonatal unit can also provide care to newborns elsewhere at the facility (e.g. postnatal unit, pediatric unit, KMC unit, etc.). ",integer,-1,,,[hr_nu_tm_std(8)] = '1',,,,,,
hr_nu_std_ndr_exc,hfa_neonatal_unit_staffing,,text,"Of those who are physically present, how many neonatologists provide care exclusively on the neonatal unit <u>Weekend (e.g. Saturday-Sunday) during the day</u>?",,"Staff providing care exclusively on the neonatal unit work only on the neonatal unit (not also on the postnatal unit or pediatrics ward, for example).",integer,-1,,,[hr_nu_std_ndr_phy] > 0,,,,,,
hr_nu_std_ndr_call,hfa_neonatal_unit_staffing,,text,How many neonatologists providing care on the neonatal unit are on call <u>Weekend (e.g. Saturday-Sunday) during the day</u>?,,"Someone is considered on call if they can be called and reach the hospital within 30 minutes, or if they are able to provide all necessary support needed by telephone. On call excludes the staff that are physically present at the time.",integer,-1,,,[hr_nu_tm_std(8)] = '1',,,,,,
hr_nu_std_ndr_call_2,hfa_neonatal_unit_staffing,,text,"How many neonatologists providing care on the neonatal unit are on call <u>Weekend (e.g. Saturday-Sunday) during the day</u>, but unable to reach the hospital within 30 minutes?",,"Someone is considered on call if they can be called, or if they are able to provide all necessary support needed by telephone. On call excludes the staff that are physically present at the time.",integer,-1,,,[hr_nu_std_ndr_call] = '0',,RH,,,,
hr_nu_std_grn_hed,hfa_neonatal_unit_staffing,,descriptive,"<div style=""background-color:#fbd0c1;padding:5px;text-indent:1em"">General Nurses</div>",,,,,,,[hr_nu_tm_std(3)] = '1',,,,,,
hr_nu_std_grn_phy,hfa_neonatal_unit_staffing,,text,How many general nurses providing care on the neonatal unit are physically present in the facility <u>Weekend (e.g. Saturday-Sunday) during the day</u>?,,"Staff who provide care on the neonatal unit can also provide care to newborns elsewhere at the facility (e.g. postnatal unit, pediatric unit, KMC unit, etc.). ",integer,-1,,,[hr_nu_tm_std(3)] = '1',,RH,,,,
hr_nu_std_grn_exc,hfa_neonatal_unit_staffing,,text,"Of those who are physically present, how many general nurses provide care exclusively on the neonatal unit <u>Weekend (e.g. Saturday-Sunday) during the day</u>?",,"Staff providing care exclusively on the neonatal unit work only on the neonatal unit (not also on the postnatal unit or pediatrics ward, for example).",integer,-1,,,[hr_nu_std_grn_phy] > 0,,RH,,,,
hr_nu_std_grn_call,hfa_neonatal_unit_staffing,,text,How many general nurses providing care on the neonatal unit are on call <u>Weekend (e.g. Saturday-Sunday) during the day</u>?,,"Someone is considered on call if they can be called and reach the hospital within 30 minutes, or if they are able to provide all necessary support needed by telephone. On call excludes the staff that are physically present at the time.",integer,-1,,,[hr_nu_tm_std(3)] = '1',,RH,,,,
hr_nu_std_grn_call_2,hfa_neonatal_unit_staffing,,text,"How many general nurses providing care on the neonatal unit are on call <u>Weekend (e.g. Saturday-Sunday) during the day</u>, but unable to reach the hospital within 30 minutes?",,"Someone is considered on call if they can be called, or if they are able to provide all necessary support needed by telephone. On call excludes the staff that are physically present at the time.",integer,-1,,,[hr_nu_std_grn_call] = '0',,RH,,,,
hr_nu_std_prn_hed,hfa_neonatal_unit_staffing,,descriptive,"<div style=""background-color:#fbd0c1;padding:5px;text-indent:1em"">Pediatric Nurses</div>",,,,,,,[hr_nu_tm_std(41)] = '1',,,,,,
hr_nu_std_prn_phy,hfa_neonatal_unit_staffing,,text,How many pediatric nurses providing care on the neonatal unit are physically present in the facility <u>Weekend (e.g. Saturday-Sunday) during the day</u>?,,"Staff who provide care on the neonatal unit can also provide care to newborns elsewhere at the facility (e.g. postnatal unit, pediatric unit, KMC unit, etc.). ",integer,-1,,,[hr_nu_tm_std(41)] = '1',,RH,,,,
hr_nu_std_prn_exc,hfa_neonatal_unit_staffing,,text,"Of those who are physically present, how many pediatric nurses provide care exclusively on the neonatal unit <u>Weekend (e.g. Saturday-Sunday) during the day</u>?",,"Staff providing care exclusively on the neonatal unit work only on the neonatal unit (not also on the postnatal unit or pediatrics ward, for example).",integer,-1,,,[hr_nu_std_prn_phy] > 0,,RH,,,,
hr_nu_std_prn_call,hfa_neonatal_unit_staffing,,text,How many pediatric nurses providing care on the neonatal unit are on call <u>Weekend (e.g. Saturday-Sunday) during the day</u>?,,"Someone is considered on call if they can be called and reach the hospital within 30 minutes, or if they are able to provide all necessary support needed by telephone. On call excludes the staff that are physically present at the time.",integer,-1,,,[hr_nu_tm_std(41)] = '1',,RH,,,,
hr_nu_std_prn_call_2,hfa_neonatal_unit_staffing,,text,"How many pediatric nurses providing care on the neonatal unit are on call <u>Weekend (e.g. Saturday-Sunday) during the day</u>, but unable to reach the hospital within 30 minutes?",,"Someone is considered on call if they can be called, or if they are able to provide all necessary support needed by telephone. On call excludes the staff that are physically present at the time.",integer,-1,,,[hr_nu_std_prn_call] = '0',,RH,,,,
hr_nu_std_nrn_hed,hfa_neonatal_unit_staffing,,descriptive,"<div style=""background-color:#fbd0c1;padding:5px;text-indent:1em"">Neonatal Nurses</div>",,,,,,,[hr_nu_tm_std(42)] = '1',,,,,,
hr_nu_std_nrn_phy,hfa_neonatal_unit_staffing,,text,How many neonatal nurses providing care on the neonatal unit are physically present in the facility <u>Weekend (e.g. Saturday-Sunday) during the day</u>?,,"Staff who provide care on the neonatal unit can also provide care to newborns elsewhere at the facility (e.g. postnatal unit, pediatric unit, KMC unit, etc.). ",integer,-1,,,[hr_nu_tm_std(42)] = '1',,RH,,,,
hr_nu_std_nrn_exc,hfa_neonatal_unit_staffing,,text,"Of those who are physically present, how many neonatal nurses provide care exclusively on the neonatal unit <u>Weekend (e.g. Saturday-Sunday) during the day</u>?",,"Staff providing care exclusively on the neonatal unit work only on the neonatal unit (not also on the postnatal unit or pediatrics ward, for example).",integer,-1,,,[hr_nu_std_nrn_phy] > 0,,RH,,,,
hr_nu_std_nrn_call,hfa_neonatal_unit_staffing,,text,How many neonatal nurses providing care on the neonatal unit are on call <u>Weekend (e.g. Saturday-Sunday) during the day</u>?,,"Someone is considered on call if they can be called and reach the hospital within 30 minutes, or if they are able to provide all necessary support needed by telephone. On call excludes the staff that are physically present at the time.",integer,-1,,,[hr_nu_tm_std(42)] = '1',,RH,,,,
hr_nu_std_nrn_call_2,hfa_neonatal_unit_staffing,,text,"How many neonatal nurses providing care on the neonatal unit are on call <u>Weekend (e.g. Saturday-Sunday) during the day</u>, but unable to reach the hospital within 30 minutes?",,"Someone is considered on call if they can be called, or if they are able to provide all necessary support needed by telephone. On call excludes the staff that are physically present at the time.",integer,-1,,,[hr_nu_std_nrn_call] = '0',,RH,,,,
hr_nu_std_co_hed,hfa_neonatal_unit_staffing,,descriptive,"<div style=""background-color:#fbd0c1;padding:5px;text-indent:1em"">Clinical Officers</div>",,,,,,,[hr_nu_tm_std(5)] = '1',,,,,,
hr_nu_std_co_phy,hfa_neonatal_unit_staffing,,text,How many clinical officers providing care on the neonatal unit are physically present in the facility <u>Weekend (e.g. Saturday-Sunday) during the day</u>?,,"Staff who provide care on the neonatal unit can also provide care to newborns elsewhere at the facility (e.g. postnatal unit, pediatric unit, KMC unit, etc.). ",integer,-1,,,[hr_nu_tm_std(5)] = '1',,RH,,,,
hr_nu_std_co_exc,hfa_neonatal_unit_staffing,,text,"Of those who are physically present, how many clinical officers provide care exclusively on the neonatal unit <u>Weekend (e.g. Saturday-Sunday) during the day</u>?",,"Staff providing care exclusively on the neonatal unit work only on the neonatal unit (not also on the postnatal unit or pediatrics ward, for example).",integer,-1,,,[hr_nu_std_co_phy] > 0,,RH,,,,
hr_nu_std_co_call,hfa_neonatal_unit_staffing,,text,How many clinical officers providing care on the neonatal unit are on call <u>Weekend (e.g. Saturday-Sunday) during the day</u>?,,"Someone is considered on call if they can be called and reach the hospital within 30 minutes, or if they are able to provide all necessary support needed by telephone. On call excludes the staff that are physically present at the time.",integer,-1,,,[hr_nu_tm_std(5)] = '1',,RH,,,,
hr_nu_std_co_call_2,hfa_neonatal_unit_staffing,,text,"How many clinical officers providing care on the neonatal unit are on call <u>Weekend (e.g. Saturday-Sunday) during the day</u>, but unable to reach the hospital within 30 minutes?",,"Someone is considered on call if they can be called, or if they are able to provide all necessary support needed by telephone. On call excludes the staff that are physically present at the time.",integer,-1,,,[hr_nu_std_co_call] = '0',,RH,,,,
hr_nu_stn_hed,hfa_neonatal_unit_staffing,,descriptive,"<div style=""background-color:#82cdbf;padding:10px"">Weekend (e.g. Saturday-Sunday) (Night)</div>",,,,,,,,,,,,,
hr_nu_stn_dr_hed,hfa_neonatal_unit_staffing,,descriptive,"<div style=""background-color:#fbd0c1;padding:5px;text-indent:1em"">General Medical Doctors</div>",,,,,,, [hr_nu_tm_stn(1)] = '1',,,,,,
hr_nu_stn_dr_phy,hfa_neonatal_unit_staffing,,text,How many general medical doctors providing care on the neonatal unit are physically present in the facility <u>Weekend (e.g. Saturday-Sunday) at night</u>?,,"Staff who provide care on the neonatal unit can also provide care to newborns elsewhere at the facility (e.g. postnatal unit, pediatric unit, KMC unit, etc.). ",integer,-1,,, [hr_nu_tm_stn(1)] = '1',,RH,,,,
hr_nu_stn_dr_exc,hfa_neonatal_unit_staffing,,text,"Of those who are physically present, how many general medical doctors provide care exclusively on the neonatal unit <u>Weekend (e.g. Saturday-Sunday) at night</u>?",,"Staff providing care exclusively on the neonatal unit work only on the neonatal unit (not also on the postnatal unit or pediatrics ward, for example).",integer,-1,,,[hr_nu_stn_dr_phy] > 0,,RH,,,,
hr_nu_stn_dr_call,hfa_neonatal_unit_staffing,,text,How many general medical doctors providing care on the neonatal unit are on call <u>Weekend (e.g. Saturday-Sunday) at night</u>?,,"Someone is considered on call if they can be called and reach the hospital within 30 minutes, or if they are able to provide all necessary support needed by telephone. On call excludes the staff that are physically present at the time.",integer,-1,,, [hr_nu_tm_stn(1)] = '1',,RH,,,,
hr_nu_stn_dr_call_2,hfa_neonatal_unit_staffing,,text,"How many general medical doctors providing care on the neonatal unit are on call <u>Weekend (e.g. Saturday-Sunday) at night</u>, but unable to reach the hospital within 30 minutes?",,"Someone is considered on call if they can be called, or if they are able to provide all necessary support needed by telephone. On call excludes the staff that are physically present at the time.",integer,-1,,,[hr_nu_stn_dr_call] = '0',,RH,,,,
hr_nu_stn_pdr_hed,hfa_neonatal_unit_staffing,,descriptive,"<div style=""background-color:#fbd0c1;padding:5px;text-indent:1em"">Pediatricians</div>",,,,,,, [hr_nu_tm_stn(7)] = '1',,,,,,
hr_nu_stn_pdr_phy,hfa_neonatal_unit_staffing,,text,How many pediatricians providing care on the neonatal unit are physically present in the facility <u>Weekend (e.g. Saturday-Sunday) at night</u>?,,"Staff who provide care on the neonatal unit can also provide care to newborns elsewhere at the facility (e.g. postnatal unit, pediatric unit, KMC unit, etc.). ",integer,-1,,, [hr_nu_tm_stn(7)] = '1',,,,,,
hr_nu_stn_pdr_exc,hfa_neonatal_unit_staffing,,text,"Of those who are physically present, how many pediatricians provide care exclusively on the neonatal unit <u>Weekend (e.g. Saturday-Sunday) at night</u>?",,"Staff providing care exclusively on the neonatal unit work only on the neonatal unit (not also on the postnatal unit or pediatrics ward, for example).",integer,-1,,,[hr_nu_stn_pdr_phy] > 0 ,,,,,,
hr_nu_stn_pdr_call,hfa_neonatal_unit_staffing,,text,How many pediatricians providing care on the neonatal unit are on call <u>Weekend (e.g. Saturday-Sunday) at night</u>?,,"Someone is considered on call if they can be called and reach the hospital within 30 minutes, or if they are able to provide all necessary support needed by telephone. On call excludes the staff that are physically present at the time.",integer,-1,,, [hr_nu_tm_stn(7)] = '1',,,,,,
hr_nu_stn_pdr_call_2,hfa_neonatal_unit_staffing,,text,"How many pediatricians providing care on the neonatal unit are on call <u>Weekend (e.g. Saturday-Sunday) at night</u>, but unable to reach the hospital within 30 minutes?",,"Someone is considered on call if they can be called, or if they are able to provide all necessary support needed by telephone. On call excludes the staff that are physically present at the time.",integer,-1,,,[hr_nu_stn_pdr_call] = '0',,RH,,,,
hr_nu_stn_ndr_hed,hfa_neonatal_unit_staffing,,descriptive,"<div style=""background-color:#fbd0c1;padding:5px;text-indent:1em"">Neonatologists</div>",,,,,,, [hr_nu_tm_stn(8)] = '1',,,,,,
hr_nu_stn_ndr_phy,hfa_neonatal_unit_staffing,,text,How many neonatologists providing care on the neonatal unit are physically present in the facility <u>Weekend (e.g. Saturday-Sunday) at night</u>?,,"Staff who provide care on the neonatal unit can also provide care to newborns elsewhere at the facility (e.g. postnatal unit, pediatric unit, KMC unit, etc.). ",integer,-1,,, [hr_nu_tm_stn(8)] = '1',,,,,,
hr_nu_stn_ndr_exc,hfa_neonatal_unit_staffing,,text,"Of those who are physically present, how many neonatologists provide care exclusively on the neonatal unit <u>Weekend (e.g. Saturday-Sunday) at night</u>?",,"Staff providing care exclusively on the neonatal unit work only on the neonatal unit (not also on the postnatal unit or pediatrics ward, for example).",integer,-1,,,[hr_nu_stn_ndr_phy] > 0,,,,,,
hr_nu_stn_ndr_call,hfa_neonatal_unit_staffing,,text,How many neonatologists providing care on the neonatal unit are on call <u>Weekend (e.g. Saturday-Sunday) at night</u>?,,"Someone is considered on call if they can be called and reach the hospital within 30 minutes, or if they are able to provide all necessary support needed by telephone. On call excludes the staff that are physically present at the time.",integer,-1,,, [hr_nu_tm_stn(8)] = '1',,,,,,
hr_nu_stn_ndr_call_2,hfa_neonatal_unit_staffing,,text,"How many neonatologists providing care on the neonatal unit are on call <u>Weekend (e.g. Saturday-Sunday) at night</u>, but unable to reach the hospital within 30 minutes?",,"Someone is considered on call if they can be called, or if they are able to provide all necessary support needed by telephone. On call excludes the staff that are physically present at the time.",integer,-1,,,[hr_nu_stn_ndr_call] = '0',,RH,,,,
hr_nu_stn_grn_hed,hfa_neonatal_unit_staffing,,descriptive,"<div style=""background-color:#fbd0c1;padding:5px;text-indent:1em"">General Nurses</div>",,,,,,, [hr_nu_tm_stn(3)] = '1',,,,,,
hr_nu_stn_grn_phy,hfa_neonatal_unit_staffing,,text,How many general nurses providing care on the neonatal unit are physically present in the facility <u>Weekend (e.g. Saturday-Sunday) at night</u>?,,"Staff who provide care on the neonatal unit can also provide care to newborns elsewhere at the facility (e.g. postnatal unit, pediatric unit, KMC unit, etc.). ",integer,-1,,, [hr_nu_tm_stn(3)] = '1',,RH,,,,
hr_nu_stn_grn_exc,hfa_neonatal_unit_staffing,,text,"Of those who are physically present, how many general nurses provide care exclusively on the neonatal unit <u>Weekend (e.g. Saturday-Sunday) at night</u>?",,"Staff providing care exclusively on the neonatal unit work only on the neonatal unit (not also on the postnatal unit or pediatrics ward, for example).",integer,-1,,,[hr_nu_stn_grn_phy] > 0,,RH,,,,
hr_nu_stn_grn_call,hfa_neonatal_unit_staffing,,text,How many general nurses providing care on the neonatal unit are on call <u>Weekend (e.g. Saturday-Sunday) at night</u>?,,"Someone is considered on call if they can be called and reach the hospital within 30 minutes, or if they are able to provide all necessary support needed by telephone. On call excludes the staff that are physically present at the time.",integer,-1,,, [hr_nu_tm_stn(3)] = '1',,RH,,,,
hr_nu_stn_grn_call_2,hfa_neonatal_unit_staffing,,text,"How many general nurses providing care on the neonatal unit are on call <u>Weekend (e.g. Saturday-Sunday) at night</u>, but unable to reach the hospital within 30 minutes?",,"Someone is considered on call if they can be called, or if they are able to provide all necessary support needed by telephone. On call excludes the staff that are physically present at the time.",integer,-1,,,[hr_nu_stn_grn_call] = '0',,RH,,,,
hr_nu_stn_prn_hed,hfa_neonatal_unit_staffing,,descriptive,"<div style=""background-color:#fbd0c1;padding:5px;text-indent:1em"">Pediatric Nurses</div>",,,,,,, [hr_nu_tm_stn(41)] = '1',,,,,,
hr_nu_stn_prn_phy,hfa_neonatal_unit_staffing,,text,How many pediatric nurses providing care on the neonatal unit are physically present in the facility <u>Weekend (e.g. Saturday-Sunday) at night</u>?,,"Staff who provide care on the neonatal unit can also provide care to newborns elsewhere at the facility (e.g. postnatal unit, pediatric unit, KMC unit, etc.). ",integer,-1,,, [hr_nu_tm_stn(41)] = '1',,RH,,,,
hr_nu_stn_prn_exc,hfa_neonatal_unit_staffing,,text,"Of those who are physically present, how many pediatric nurses provide care exclusively on the neonatal unit <u>Weekend (e.g. Saturday-Sunday) at night</u>?",,"Staff providing care exclusively on the neonatal unit work only on the neonatal unit (not also on the postnatal unit or pediatrics ward, for example).",integer,-1,,,[hr_nu_stn_prn_phy] > 0,,RH,,,,
hr_nu_stn_prn_call,hfa_neonatal_unit_staffing,,text,How many pediatric nurses providing care on the neonatal unit are on call <u>Weekend (e.g. Saturday-Sunday) at night</u>?,,"Someone is considered on call if they can be called and reach the hospital within 30 minutes, or if they are able to provide all necessary support needed by telephone. On call excludes the staff that are physically present at the time.",integer,-1,,, [hr_nu_tm_stn(41)] = '1',,RH,,,,
hr_nu_stn_prn_call_2,hfa_neonatal_unit_staffing,,text,"How many pediatric nurses providing care on the neonatal unit are on call <u>Weekend (e.g. Saturday-Sunday) at night</u>, but unable to reach the hospital within 30 minutes?",,"Someone is considered on call if they can be called, or if they are able to provide all necessary support needed by telephone. On call excludes the staff that are physically present at the time.",integer,-1,,,[hr_nu_stn_prn_call] = '0',,RH,,,,
hr_nu_stn_nrn_hed,hfa_neonatal_unit_staffing,,descriptive,"<div style=""background-color:#fbd0c1;padding:5px;text-indent:1em"">Neonatal Nurses</div>",,,,,,, [hr_nu_tm_stn(42)] = '1',,,,,,
hr_nu_stn_nrn_phy,hfa_neonatal_unit_staffing,,text,How many neonatal nurses providing care on the neonatal unit are physically present in the facility <u>Weekend (e.g. Saturday-Sunday) at night</u>?,,"Staff who provide care on the neonatal unit can also provide care to newborns elsewhere at the facility (e.g. postnatal unit, pediatric unit, KMC unit, etc.). ",integer,-1,,, [hr_nu_tm_stn(42)] = '1',,RH,,,,
hr_nu_stn_nrn_exc,hfa_neonatal_unit_staffing,,text,"Of those who are physically present, how many neonatal nurses provide care exclusively on the neonatal unit <u>Weekend (e.g. Saturday-Sunday) at night</u>?",,"Staff providing care exclusively on the neonatal unit work only on the neonatal unit (not also on the postnatal unit or pediatrics ward, for example).",integer,-1,,,[hr_nu_stn_nrn_phy] > 0,,RH,,,,
hr_nu_stn_nrn_call,hfa_neonatal_unit_staffing,,text,How many neonatal nurses providing care on the neonatal unit are on call <u>Weekend (e.g. Saturday-Sunday) at night</u>?,,"Someone is considered on call if they can be called and reach the hospital within 30 minutes, or if they are able to provide all necessary support needed by telephone. On call excludes the staff that are physically present at the time.",integer,-1,,, [hr_nu_tm_stn(42)] = '1',,RH,,,,
hr_nu_stn_nrn_call_2,hfa_neonatal_unit_staffing,,text,"How many neonatal nurses providing care on the neonatal unit are on call <u>Weekend (e.g. Saturday-Sunday) at night</u>, but unable to reach the hospital within 30 minutes?",,"Someone is considered on call if they can be called, or if they are able to provide all necessary support needed by telephone. On call excludes the staff that are physically present at the time.",integer,-1,,,[hr_nu_stn_nrn_call] = '0',,RH,,,,
hr_nu_stn_co_hed,hfa_neonatal_unit_staffing,,descriptive,"<div style=""background-color:#fbd0c1;padding:5px;text-indent:1em"">Clinical Officers</div>",,,,,,, [hr_nu_tm_stn(5)] = '1',,,,,,
hr_nu_stn_co_phy,hfa_neonatal_unit_staffing,,text,How many clinical officers providing care on the neonatal unit are physically present in the facility <u>Weekend (e.g. Saturday-Sunday) at night</u>?,,"Staff who provide care on the neonatal unit can also provide care to newborns elsewhere at the facility (e.g. postnatal unit, pediatric unit, KMC unit, etc.). ",integer,-1,,, [hr_nu_tm_stn(5)] = '1',,RH,,,,
hr_nu_stn_co_exc,hfa_neonatal_unit_staffing,,text,"Of those who are physically present, how many clinical officers provide care exclusively on the neonatal unit <u>Weekend (e.g. Saturday-Sunday) at night</u>?",,"Staff providing care exclusively on the neonatal unit work only on the neonatal unit (not also on the postnatal unit or pediatrics ward, for example).",integer,-1,,,[hr_nu_stn_co_phy] > 0,,RH,,,,
hr_nu_stn_co_call,hfa_neonatal_unit_staffing,,text,How many clinical officers providing care on the neonatal unit are on call <u>Weekend (e.g. Saturday-Sunday) at night</u>?,,"Someone is considered on call if they can be called and reach the hospital within 30 minutes, or if they are able to provide all necessary support needed by telephone. On call excludes the staff that are physically present at the time.",integer,-1,,, [hr_nu_tm_stn(5)] = '1',,RH,,,,
hr_nu_stn_co_call_2,hfa_neonatal_unit_staffing,,text,"How many clinical officers providing care on the neonatal unit are on call <u>Weekend (e.g. Saturday-Sunday) at night</u>, but unable to reach the hospital within 30 minutes?",,"Someone is considered on call if they can be called, or if they are able to provide all necessary support needed by telephone. On call excludes the staff that are physically present at the time.",integer,-1,,,[hr_nu_stn_co_call] = '0',,RH,,,,
hr_nu_td_hed,hfa_neonatal_unit_staffing,,descriptive,"<div style=""background-color:#82cdbf;padding:10px"">Today</div>",,,,,,,,,,,,,
hr_nu_td_dr_hed,hfa_neonatal_unit_staffing,,descriptive,"<div style=""background-color:#fbd0c1;padding:5px;text-indent:1em"">General Medical Doctors</div>",,,,,,,[hr_nu_tm_td(1)] = '1',,,,,,
hr_nu_td_dr_phy,hfa_neonatal_unit_staffing,,text,How many general medical doctors providing care on the neonatal unit are physically present in the facility <u>today</u>?,,"Staff who provide care on the neonatal unit can also provide care to newborns elsewhere at the facility (e.g. postnatal unit, pediatric unit, KMC unit, etc.). ",integer,-1,,,[hr_nu_tm_td(1)] = '1',,RH,,,,
hr_nu_td_dr_exc,hfa_neonatal_unit_staffing,,text,"Of those who are physically present, how many general medical doctors provide care exclusively on the neonatal unit <u>today</u>?",,"Staff providing care exclusively on the neonatal unit work only on the neonatal unit (not also on the postnatal unit or pediatrics ward, for example).",integer,-1,,,[hr_nu_td_dr_phy] > 0,,RH,,,,
hr_nu_td_dr_call,hfa_neonatal_unit_staffing,,text,How many general medical doctors providing care on the neonatal unit are on call <u>today</u>?,,"Someone is considered on call if they can be called and reach the hospital within 30 minutes, or if they are able to provide all necessary support needed by telephone. On call excludes the staff that are physically present at the time.",integer,-1,,,[hr_nu_tm_td(1)] = '1',,RH,,,,
hr_nu_td_dr_call_2,hfa_neonatal_unit_staffing,,text,"How many general medical doctors providing care on the neonatal unit are on call <u>today</u>, but unable to reach the hospital within 30 minutes?",,"Someone is considered on call if they can be called, or if they are able to provide all necessary support needed by telephone. On call excludes the staff that are physically present at the time.",integer,-1,,,[hr_nu_td_dr_call] = '0',,RH,,,,
hr_nu_td_pdr_hed,hfa_neonatal_unit_staffing,,descriptive,"<div style=""background-color:#fbd0c1;padding:5px;text-indent:1em"">Pediatricians</div>",,,,,,,[hr_nu_tm_td(7)] = '1',,,,,,
hr_nu_td_pdr_phy,hfa_neonatal_unit_staffing,,text,How many pediatricians providing care on the neonatal unit are physically present in the facility <u>today</u>?,,"Staff who provide care on the neonatal unit can also provide care to newborns elsewhere at the facility (e.g. postnatal unit, pediatric unit, KMC unit, etc.). ",integer,-1,,,[hr_nu_tm_td(7)] = '1',,,,,,
hr_nu_td_pdr_exc,hfa_neonatal_unit_staffing,,text,"Of those who are physically present, how many pediatricians provide care exclusively on the neonatal unit <u>today</u>?",,"Staff providing care exclusively on the neonatal unit work only on the neonatal unit (not also on the postnatal unit or pediatrics ward, for example).",integer,-1,,,[hr_nu_td_pdr_phy] > 0 ,,,,,,
hr_nu_td_pdr_call,hfa_neonatal_unit_staffing,,text,How many pediatricians providing care on the neonatal unit are on call <u>today</u>?,,"Someone is considered on call if they can be called and reach the hospital within 30 minutes, or if they are able to provide all necessary support needed by telephone. On call excludes the staff that are physically present at the time.",integer,-1,,,[hr_nu_tm_td(7)] = '1',,,,,,
hr_nu_td_pdr_call_2,hfa_neonatal_unit_staffing,,text,"How many pediatricians providing care on the neonatal unit are on call <u>today</u>, but unable to reach the hospital within 30 minutes?",,"Someone is considered on call if they can be called, or if they are able to provide all necessary support needed by telephone. On call excludes the staff that are physically present at the time.",integer,-1,,,[hr_nu_td_pdr_call] = '0',,RH,,,,
hr_nu_td_ndr_hed,hfa_neonatal_unit_staffing,,descriptive,"<div style=""background-color:#fbd0c1;padding:5px;text-indent:1em"">Neonatologists</div>",,,,,,,[hr_nu_tm_td(8)] = '1',,,,,,
hr_nu_td_ndr_phy,hfa_neonatal_unit_staffing,,text,How many neonatologists providing care on the neonatal unit are physically present in the facility <u>today</u>?,,"Staff who provide care on the neonatal unit can also provide care to newborns elsewhere at the facility (e.g. postnatal unit, pediatric unit, KMC unit, etc.). ",integer,-1,,,[hr_nu_tm_td(8)] = '1',,,,,,
hr_nu_td_ndr_exc,hfa_neonatal_unit_staffing,,text,"Of those who are physically present, how many neonatologists provide care exclusively on the neonatal unit <u>today</u>?",,"Staff providing care exclusively on the neonatal unit work only on the neonatal unit (not also on the postnatal unit or pediatrics ward, for example).",integer,-1,,, [hr_nu_td_ndr_phy] > 0,,,,,,
hr_nu_td_ndr_call,hfa_neonatal_unit_staffing,,text,How many neonatologists providing care on the neonatal unit are on call <u>today</u>?,,"Someone is considered on call if they can be called and reach the hospital within 30 minutes, or if they are able to provide all necessary support needed by telephone. On call excludes the staff that are physically present at the time.",integer,-1,,,[hr_nu_tm_td(8)] = '1',,,,,,
hr_nu_td_ndr_call_2,hfa_neonatal_unit_staffing,,text,"How many neonatologists providing care on the neonatal unit are on call <u>today</u>, but unable to reach the hospital within 30 minutes?",,"Someone is considered on call if they can be called, or if they are able to provide all necessary support needed by telephone. On call excludes the staff that are physically present at the time.",integer,-1,,,[hr_nu_td_ndr_call] = '0',,RH,,,,
hr_nu_td_grn_hed,hfa_neonatal_unit_staffing,,descriptive,"<div style=""background-color:#fbd0c1;padding:5px;text-indent:1em"">General Nurses</div>",,,,,,,[hr_nu_tm_td(3)] = '1',,,,,,
hr_nu_td_grn_phy,hfa_neonatal_unit_staffing,,text,How many general nurses providing care on the neonatal unit are physically present in the facility <u>today</u>?,,"Staff who provide care on the neonatal unit can also provide care to newborns elsewhere at the facility (e.g. postnatal unit, pediatric unit, KMC unit, etc.). ",integer,-1,,,[hr_nu_tm_td(3)] = '1',,RH,,,,
hr_nu_td_grn_exc,hfa_neonatal_unit_staffing,,text,"Of those who are physically present, how many general nurses provide care exclusively on the neonatal unit <u>today</u>?",,"Staff providing care exclusively on the neonatal unit work only on the neonatal unit (not also on the postnatal unit or pediatrics ward, for example).",integer,-1,,,[hr_nu_td_grn_phy] > 0,,RH,,,,
hr_nu_td_grn_call,hfa_neonatal_unit_staffing,,text,How many general nurses providing care on the neonatal unit are on call <u>today</u>?,,"Someone is considered on call if they can be called and reach the hospital within 30 minutes, or if they are able to provide all necessary support needed by telephone. On call excludes the staff that are physically present at the time.",integer,-1,,,[hr_nu_tm_td(3)] = '1',,RH,,,,
hr_nu_td_grn_call_2,hfa_neonatal_unit_staffing,,text,"How many general nurses providing care on the neonatal unit are on call <u>today</u>, but unable to reach the hospital within 30 minutes?",,"Someone is considered on call if they can be called, or if they are able to provide all necessary support needed by telephone. On call excludes the staff that are physically present at the time.",integer,-1,,,[hr_nu_td_grn_call] = '0',,RH,,,,
hr_nu_td_prn_hed,hfa_neonatal_unit_staffing,,descriptive,"<div style=""background-color:#fbd0c1;padding:5px;text-indent:1em"">Pediatric Nurses</div>",,,,,,,[hr_nu_tm_td(41)] = '1',,,,,,
hr_nu_td_prn_phy,hfa_neonatal_unit_staffing,,text,How many pediatric nurses providing care on the neonatal unit are physically present in the facility <u>today</u>?,,"Staff who provide care on the neonatal unit can also provide care to newborns elsewhere at the facility (e.g. postnatal unit, pediatric unit, KMC unit, etc.). ",integer,-1,,,[hr_nu_tm_td(41)] = '1',,RH,,,,
hr_nu_td_prn_exc,hfa_neonatal_unit_staffing,,text,"Of those who are physically present, how many pediatric nurses provide care exclusively on the neonatal unit <u>today</u>?",,"Staff providing care exclusively on the neonatal unit work only on the neonatal unit (not also on the postnatal unit or pediatrics ward, for example).",integer,-1,,,[hr_nu_td_prn_phy] > 0,,RH,,,,
hr_nu_td_prn_call,hfa_neonatal_unit_staffing,,text,How many pediatric nurses providing care on the neonatal unit are on call <u>today</u>?,,"Someone is considered on call if they can be called and reach the hospital within 30 minutes, or if they are able to provide all necessary support needed by telephone. On call excludes the staff that are physically present at the time.",integer,-1,,,[hr_nu_tm_td(41)] = '1',,RH,,,,
hr_nu_td_prn_call_2,hfa_neonatal_unit_staffing,,text,"How many pediatric nurses providing care on the neonatal unit are on call <u>today</u>, but unable to reach the hospital within 30 minutes?",,"Someone is considered on call if they can be called, or if they are able to provide all necessary support needed by telephone. On call excludes the staff that are physically present at the time.",integer,-1,,,[hr_nu_td_prn_call] = '0',,RH,,,,
hr_nu_td_nrn_hed,hfa_neonatal_unit_staffing,,descriptive,"<div style=""background-color:#fbd0c1;padding:5px;text-indent:1em"">Neonatal Nurses</div>",,,,,,,[hr_nu_tm_td(42)] = '1',,,,,,
hr_nu_td_nrn_phy,hfa_neonatal_unit_staffing,,text,How many neonatal nurses providing care on the neonatal unit are physically present in the facility <u>today</u>?,,"Staff who provide care on the neonatal unit can also provide care to newborns elsewhere at the facility (e.g. postnatal unit, pediatric unit, KMC unit, etc.). ",integer,-1,,,[hr_nu_tm_td(42)] = '1',,RH,,,,
hr_nu_td_nrn_exc,hfa_neonatal_unit_staffing,,text,"Of those who are physically present, how many neonatal nurses provide care exclusively on the neonatal unit <u>today</u>?",,"Staff providing care exclusively on the neonatal unit work only on the neonatal unit (not also on the postnatal unit or pediatrics ward, for example).",integer,-1,,,[hr_nu_td_nrn_phy] > 0,,RH,,,,
hr_nu_td_nrn_call,hfa_neonatal_unit_staffing,,text,How many neonatal nurses providing care on the neonatal unit are on call <u>today</u>?,,"Someone is considered on call if they can be called and reach the hospital within 30 minutes, or if they are able to provide all necessary support needed by telephone. On call excludes the staff that are physically present at the time.",integer,-1,,,[hr_nu_tm_td(42)] = '1',,RH,,,,
hr_nu_td_nrn_call_2,hfa_neonatal_unit_staffing,,text,"How many neonatal nurses providing care on the neonatal unit are on call <u>today</u>, but unable to reach the hospital within 30 minutes?",,"Someone is considered on call if they can be called, or if they are able to provide all necessary support needed by telephone. On call excludes the staff that are physically present at the time.",integer,-1,,,[hr_nu_td_nrn_call] = '0',,RH,,,,
hr_nu_td_co_hed,hfa_neonatal_unit_staffing,,descriptive,"<div style=""background-color:#fbd0c1;padding:5px;text-indent:1em"">Clinical Officers</div>",,,,,,,[hr_nu_tm_td(5)] = '1',,,,,,
hr_nu_td_co_phy,hfa_neonatal_unit_staffing,,text,How many clinical officers providing care on the neonatal unit are physically present in the facility <u>today</u>?,,"Staff who provide care on the neonatal unit can also provide care to newborns elsewhere at the facility (e.g. postnatal unit, pediatric unit, KMC unit, etc.). ",integer,-1,,,[hr_nu_tm_td(5)] = '1',,RH,,,,
hr_nu_td_co_exc,hfa_neonatal_unit_staffing,,text,"Of those who are physically present, how many clinical officers provide care exclusively on the neonatal unit <u>today</u>?",,"Staff providing care exclusively on the neonatal unit work only on the neonatal unit (not also on the postnatal unit or pediatrics ward, for example).",integer,-1,,,[hr_nu_td_co_phy] > 0,,RH,,,,
hr_nu_td_co_call,hfa_neonatal_unit_staffing,,text,How many clinical officers providing care on the neonatal unit are on call <u>today</u>?,,"Someone is considered on call if they can be called and reach the hospital within 30 minutes, or if they are able to provide all necessary support needed by telephone. On call excludes the staff that are physically present at the time.",integer,-1,,,[hr_nu_tm_td(5)] = '1',,RH,,,,
hr_nu_td_co_call_2,hfa_neonatal_unit_staffing,,text,"How many clinical officers providing care on the neonatal unit are on call <u>today</u>, but unable to reach the hospital within 30 minutes?",,"Someone is considered on call if they can be called, or if they are able to provide all necessary support needed by telephone. On call excludes the staff that are physically present at the time.",integer,-1,,,[hr_nu_td_co_call] = '0',,RH,,,,
hr_nu_lstn_hed,hfa_neonatal_unit_staffing,,descriptive,"<div style=""background-color:#82cdbf;padding:10px"">Last Night</div>",,,,,,,,,,,,,
hr_nu_lstn_dr_hed,hfa_neonatal_unit_staffing,,descriptive,"<div style=""background-color:#fbd0c1;padding:5px;text-indent:1em"">General Medical Doctors</div>",,,,,,, [hr_nu_tm_lstn(1)] = '1',,,,,,
hr_nu_lstn_dr_phy,hfa_neonatal_unit_staffing,,text,How many general medical doctors providing care on the neonatal unit were physically present in the facility <u>last night</u>?,,"Staff who provide care on the neonatal unit can also provide care to newborns elsewhere at the facility (e.g. postnatal unit, pediatric unit, KMC unit, etc.). ",integer,-1,,, [hr_nu_tm_lstn(1)] = '1',,RH,,,,
hr_nu_lstn_dr_exc,hfa_neonatal_unit_staffing,,text,"Of those who are physically present, how many general medical doctors provide care exclusively on the neonatal unit <u>last night</u>?",,"Staff providing care exclusively on the neonatal unit work only on the neonatal unit (not also on the postnatal unit or pediatrics ward, for example).",integer,-1,,,[hr_nu_lstn_dr_phy] > 0,,RH,,,,
hr_nu_lstn_dr_call,hfa_neonatal_unit_staffing,,text,How many general medical doctors providing care on the neonatal unit were on call <u>last night</u>?,,"Someone is considered on call if they can be called and reach the hospital within 30 minutes, or if they are able to provide all necessary support needed by telephone. On call excludes the staff that are physically present at the time.",integer,-1,,, [hr_nu_tm_lstn(1)] = '1',,RH,,,,
hr_nu_lstn_dr_call_2,hfa_neonatal_unit_staffing,,text,"How many general medical doctors providing care on the neonatal unit were on call <u>last night</u>, but unable to reach the hospital within 30 minutes?",,"Someone is considered on call if they can be called, or if they are able to provide all necessary support needed by telephone. On call excludes the staff that are physically present at the time.",integer,-1,,,[hr_nu_lstn_dr_call] = '0',,RH,,,,
hr_nu_lstn_pdr_hed,hfa_neonatal_unit_staffing,,descriptive,"<div style=""background-color:#fbd0c1;padding:5px;text-indent:1em"">Pediatricians</div>",,,,,,, [hr_nu_tm_lstn(7)] = '1',,,,,,
hr_nu_lstn_pdr_phy,hfa_neonatal_unit_staffing,,text,How many pediatricians providing care on the neonatal unit were physically present in the facility <u>last night</u>?,,"Staff who provide care on the neonatal unit can also provide care to newborns elsewhere at the facility (e.g. postnatal unit, pediatric unit, KMC unit, etc.). ",integer,-1,,, [hr_nu_tm_lstn(7)] = '1',,,,,,
hr_nu_lstn_pdr_exc,hfa_neonatal_unit_staffing,,text,"Of those who are physically present, how many pediatricians provide care exclusively on the neonatal unit <u>last night</u>?",,"Staff providing care exclusively on the neonatal unit work only on the neonatal unit (not also on the postnatal unit or pediatrics ward, for example).",integer,-1,,,[hr_nu_lstn_pdr_phy] > 0 ,,,,,,
hr_nu_lstn_pdr_call,hfa_neonatal_unit_staffing,,text,How many pediatricians providing care on the neonatal unit were on call <u>last night</u>?,,"Someone is considered on call if they can be called and reach the hospital within 30 minutes, or if they are able to provide all necessary support needed by telephone. On call excludes the staff that are physically present at the time.",integer,-1,,, [hr_nu_tm_lstn(7)] = '1',,,,,,
hr_nu_lstn_pdr_call_2,hfa_neonatal_unit_staffing,,text,"How many pediatricians providing care on the neonatal unit were on call <u>last night</u>, but unable to reach the hospital within 30 minutes?",,"Someone is considered on call if they can be called, or if they are able to provide all necessary support needed by telephone. On call excludes the staff that are physically present at the time.",integer,-1,,,[hr_nu_lstn_pdr_call] = '0',,RH,,,,
hr_nu_lstn_ndr_hed,hfa_neonatal_unit_staffing,,descriptive,"<div style=""background-color:#fbd0c1;padding:5px;text-indent:1em"">Neonatologists</div>",,,,,,, [hr_nu_tm_lstn(8)] = '1',,,,,,
hr_nu_lstn_ndr_phy,hfa_neonatal_unit_staffing,,text,How many neonatologists providing care on the neonatal unit were physically present in the facility <u>last night</u>?,,"Staff who provide care on the neonatal unit can also provide care to newborns elsewhere at the facility (e.g. postnatal unit, pediatric unit, KMC unit, etc.). ",integer,-1,,, [hr_nu_tm_lstn(8)] = '1',,,,,,
hr_nu_lstn_ndr_exc,hfa_neonatal_unit_staffing,,text,"Of those who are physically present, how many neonatologists provide care exclusively on the neonatal unit <u>last night</u>?",,"Staff providing care exclusively on the neonatal unit work only on the neonatal unit (not also on the postnatal unit or pediatrics ward, for example).",integer,-1,,,[hr_nu_lstn_ndr_phy] > 0,,,,,,
hr_nu_lstn_ndr_call,hfa_neonatal_unit_staffing,,text,How many neonatologists providing care on the neonatal unit were on call <u>last night</u>?,,"Someone is considered on call if they can be called and reach the hospital within 30 minutes, or if they are able to provide all necessary support needed by telephone. On call excludes the staff that are physically present at the time.",integer,-1,,, [hr_nu_tm_lstn(8)] = '1',,,,,,
hr_nu_lstn_ndr_call_2,hfa_neonatal_unit_staffing,,text,"How many neonatologists providing care on the neonatal unit were on call <u>last night</u>, but unable to reach the hospital within 30 minutes?",,"Someone is considered on call if they can be called, or if they are able to provide all necessary support needed by telephone. On call excludes the staff that are physically present at the time.",integer,-1,,,[hr_nu_lstn_ndr_call] = '0',,RH,,,,
hr_nu_lstn_grn_hed,hfa_neonatal_unit_staffing,,descriptive,"<div style=""background-color:#fbd0c1;padding:5px;text-indent:1em"">General Nurses</div>",,,,,,, [hr_nu_tm_lstn(3)] = '1',,,,,,
hr_nu_lstn_grn_phy,hfa_neonatal_unit_staffing,,text,How many general nurses providing care on the neonatal unit were physically present in the facility <u>last night</u>?,,"Staff who provide care on the neonatal unit can also provide care to newborns elsewhere at the facility (e.g. postnatal unit, pediatric unit, KMC unit, etc.). ",integer,-1,,, [hr_nu_tm_lstn(3)] = '1',,RH,,,,
hr_nu_lstn_grn_exc,hfa_neonatal_unit_staffing,,text,"Of those who are physically present, how many general nurses provide care exclusively on the neonatal unit <u>last night</u>?",,"Staff providing care exclusively on the neonatal unit work only on the neonatal unit (not also on the postnatal unit or pediatrics ward, for example).",integer,-1,,,[hr_nu_lstn_grn_phy] > 0,,RH,,,,
hr_nu_lstn_grn_call,hfa_neonatal_unit_staffing,,text,How many general nurses providing care on the neonatal unit were on call <u>last night</u>?,,"Someone is considered on call if they can be called and reach the hospital within 30 minutes, or if they are able to provide all necessary support needed by telephone. On call excludes the staff that are physically present at the time.",integer,-1,,, [hr_nu_tm_lstn(3)] = '1',,RH,,,,
hr_nu_lstn_grn_call_2,hfa_neonatal_unit_staffing,,text,"How many general nurses providing care on the neonatal unit were on call <u>last night</u>, but unable to reach the hospital within 30 minutes?",,"Someone is considered on call if they can be called, or if they are able to provide all necessary support needed by telephone. On call excludes the staff that are physically present at the time.",integer,-1,,,[hr_nu_lstn_grn_call] = '0',,RH,,,,
hr_nu_lstn_prn_hed,hfa_neonatal_unit_staffing,,descriptive,"<div style=""background-color:#fbd0c1;padding:5px;text-indent:1em"">Pediatric Nurses</div>",,,,,,, [hr_nu_tm_lstn(41)] = '1',,,,,,
hr_nu_lstn_prn_phy,hfa_neonatal_unit_staffing,,text,How many pediatric nurses providing care on the neonatal unit were physically present in the facility <u>last night</u>?,,"Staff who provide care on the neonatal unit can also provide care to newborns elsewhere at the facility (e.g. postnatal unit, pediatric unit, KMC unit, etc.). ",integer,-1,,, [hr_nu_tm_lstn(41)] = '1',,RH,,,,
hr_nu_lstn_prn_exc,hfa_neonatal_unit_staffing,,text,"Of those who are physically present, how many pediatric nurses provide care exclusively on the neonatal unit <u>last night</u>?",,"Staff providing care exclusively on the neonatal unit work only on the neonatal unit (not also on the postnatal unit or pediatrics ward, for example).",integer,-1,,,[hr_nu_lstn_prn_phy] > 0,,RH,,,,
hr_nu_lstn_prn_call,hfa_neonatal_unit_staffing,,text,How many pediatric nurses providing care on the neonatal unit were on call <u>last night</u>?,,"Someone is considered on call if they can be called and reach the hospital within 30 minutes, or if they are able to provide all necessary support needed by telephone. On call excludes the staff that are physically present at the time.",integer,-1,,, [hr_nu_tm_lstn(41)] = '1',,RH,,,,
hr_nu_lstn_prn_call_2,hfa_neonatal_unit_staffing,,text,"How many pediatric nurses providing care on the neonatal unit were on call <u>last night</u>, but unable to reach the hospital within 30 minutes?",,"Someone is considered on call if they can be called, or if they are able to provide all necessary support needed by telephone. On call excludes the staff that are physically present at the time.",integer,-1,,,[hr_nu_lstn_prn_call] = '0',,RH,,,,
hr_nu_lstn_nrn_hed,hfa_neonatal_unit_staffing,,descriptive,"<div style=""background-color:#fbd0c1;padding:5px;text-indent:1em"">Neonatal Nurses</div>",,,,,,, [hr_nu_tm_lstn(42)] = '1',,,,,,
hr_nu_lstn_nrn_phy,hfa_neonatal_unit_staffing,,text,How many neonatal nurses providing care on the neonatal unit were physically present in the facility <u>last night</u>?,,"Staff who provide care on the neonatal unit can also provide care to newborns elsewhere at the facility (e.g. postnatal unit, pediatric unit, KMC unit, etc.). ",integer,-1,,, [hr_nu_tm_lstn(42)] = '1',,RH,,,,
hr_nu_lstn_nrn_exc,hfa_neonatal_unit_staffing,,text,"Of those who are physically present, how many neonatal nurses provide care exclusively on the neonatal unit <u>last night</u>?",,"Staff providing care exclusively on the neonatal unit work only on the neonatal unit (not also on the postnatal unit or pediatrics ward, for example).",integer,-1,,,[hr_nu_lstn_nrn_phy] > 0,,RH,,,,
hr_nu_lstn_nrn_call,hfa_neonatal_unit_staffing,,text,How many neonatal nurses providing care on the neonatal unit were on call <u>last night</u>?,,"Someone is considered on call if they can be called and reach the hospital within 30 minutes, or if they are able to provide all necessary support needed by telephone. On call excludes the staff that are physically present at the time.",integer,-1,,, [hr_nu_tm_lstn(42)] = '1',,RH,,,,
hr_nu_lstn_nrn_call_2,hfa_neonatal_unit_staffing,,text,"How many neonatal nurses providing care on the neonatal unit were on call <u>last night</u>, but unable to reach the hospital within 30 minutes?",,"Someone is considered on call if they can be called, or if they are able to provide all necessary support needed by telephone. On call excludes the staff that are physically present at the time.",integer,-1,,,[hr_nu_lstn_nrn_call] = '0',,RH,,,,
hr_nu_lstn_co_hed,hfa_neonatal_unit_staffing,,descriptive,"<div style=""background-color:#fbd0c1;padding:5px;text-indent:1em"">Clinical Officers</div>",,,,,,, [hr_nu_tm_lstn(5)] = '1',,,,,,
hr_nu_lstn_co_phy,hfa_neonatal_unit_staffing,,text,How many clinical officers providing care on the neonatal unit were physically present in the facility <u>last night</u>?,,"Staff who provide care on the neonatal unit can also provide care to newborns elsewhere at the facility (e.g. postnatal unit, pediatric unit, KMC unit, etc.). ",integer,-1,,, [hr_nu_tm_lstn(5)] = '1',,RH,,,,
hr_nu_lstn_co_exc,hfa_neonatal_unit_staffing,,text,"Of those who are physically present, how many clinical officers provide care exclusively on the neonatal unit <u>last night</u>?",,"Staff providing care exclusively on the neonatal unit work only on the neonatal unit (not also on the postnatal unit or pediatrics ward, for example).",integer,-1,,,[hr_nu_lstn_co_phy] > 0,,RH,,,,
hr_nu_lstn_co_call,hfa_neonatal_unit_staffing,,text,How many clinical officers providing care on the neonatal unit were on call <u>last night</u>?,,"Someone is considered on call if they can be called and reach the hospital within 30 minutes, or if they are able to provide all necessary support needed by telephone. On call excludes the staff that are physically present at the time.",integer,-1,,, [hr_nu_tm_lstn(5)] = '1',,RH,,,,
hr_nu_lstn_co_call_2,hfa_neonatal_unit_staffing,,text,"How many clinical officers providing care on the neonatal unit were on call <u>last night</u>, but unable to reach the hospital within 30 minutes?",,"Someone is considered on call if they can be called, or if they are able to provide all necessary support needed by telephone. On call excludes the staff that are physically present at the time.",integer,-1,,,[hr_nu_lstn_co_call] = '0',,RH,,,,
hr_nu_oth_hed,hfa_neonatal_unit_staffing,,descriptive,"<div style=""background-color:#82cdbf;padding:10px"">Other Positions</div>",,,,,,,,,,,,,
hr_nu_oth_avl,hfa_neonatal_unit_staffing,,yesno,Are there any other positions that provide care on the neonatal unit?,,,,,,,,y,,,,,
hr_nu_oth_num,hfa_neonatal_unit_staffing,,radio,How many other positions provide care on the neonatal unit?,"1, 1 other position | 2, 2 other positions | 3, 3 other positions | 4, 4 other positions | 5, 5 other positions",,,,,,[hr_nu_oth_avl] = '1',,,,,,
hr_nu_oth_hed_1,hfa_neonatal_unit_staffing,,descriptive,"<div style=""background-color:#fbd0c1; padding:5px"">Other Position #1</div>",,,,,,,[hr_nu_oth_num] >= 1,,,,,,
hr_nu_oth_pos_1,hfa_neonatal_unit_staffing,,text,Please specify the position:,,,,,,,[hr_nu_oth_num] >= 1,,,,,,
hr_nu_oth_cdr_1,hfa_neonatal_unit_staffing,,text,How many are currently assigned to the neonatal unit?,,"This includes all staff assigned to work on the neonatal unit, including staff who also work on other units (e.g. postnatal or pediatrics ward).",integer,-1,,,[hr_nu_oth_num] >= 1,,,,,,
hr_nu_oth_by_1,hfa_neonatal_unit_staffing,,text,How many provide care on the neonatal unit?,,,integer,-1,,,[hr_nu_oth_num] >= 1,,,,,,
hr_nu_oth_hed_2,hfa_neonatal_unit_staffing,,descriptive,"<div style=""background-color:#fbd0c1; padding:5px"">Other Position #2</div>",,,,,,,[hr_nu_oth_num] >= 2,,,,,,
hr_nu_oth_pos_2,hfa_neonatal_unit_staffing,,text,Please specify the position:,,,,,,,[hr_nu_oth_num] >= 2,,,,,,
hr_nu_oth_cdr_2,hfa_neonatal_unit_staffing,,text,How many are currently assigned to the neonatal unit?,,"This includes all staff assigned to work on the neonatal unit, including staff who also work on other units (e.g. postnatal or pediatrics ward).",integer,-1,,,[hr_nu_oth_num] >= 2,,,,,,
hr_nu_oth_by_2,hfa_neonatal_unit_staffing,,text,How many provide care on the neonatal unit?,,,integer,-1,,,[hr_nu_oth_num] >= 2,,,,,,
hr_nu_oth_hed_3,hfa_neonatal_unit_staffing,,descriptive,"<div style=""background-color:#fbd0c1; padding:5px"">Other Position #3</div>",,,,,,,[hr_nu_oth_num] >= 3,,,,,,
hr_nu_oth_pos_3,hfa_neonatal_unit_staffing,,text,Please specify the position:,,,,,,,[hr_nu_oth_num] >= 3,,,,,,
hr_nu_oth_cdr_3,hfa_neonatal_unit_staffing,,text,How many are currently assigned to the neonatal unit?,,"This includes all staff assigned to work on the neonatal unit, including staff who also work on other units (e.g. postnatal or pediatrics ward).",integer,-1,,,[hr_nu_oth_num] >= 3,,,,,,
hr_nu_oth_by_3,hfa_neonatal_unit_staffing,,text,How many provide care on the neonatal unit?,,,integer,-1,,,[hr_nu_oth_num] >= 3,,,,,,
hr_nu_oth_hed_4,hfa_neonatal_unit_staffing,,descriptive,"<div style=""background-color:#fbd0c1; padding:5px"">Other Position #4</div>",,,,,,,[hr_nu_oth_num] >= 4,,,,,,
hr_nu_oth_pos_4,hfa_neonatal_unit_staffing,,text,Please specify the position:,,,,,,,[hr_nu_oth_num] >= 4,,,,,,
hr_nu_oth_cdr_4,hfa_neonatal_unit_staffing,,text,How many are currently assigned to the neonatal unit?,,"This includes all staff assigned to work on the neonatal unit, including staff who also work on other units (e.g. postnatal or pediatrics ward).",integer,-1,,,[hr_nu_oth_num] >= 4,,,,,,
hr_nu_oth_by_4,hfa_neonatal_unit_staffing,,text,How many provide care on the neonatal unit?,,,integer,-1,,,[hr_nu_oth_num] >= 4,,,,,,
hr_nu_oth_hed_5,hfa_neonatal_unit_staffing,,descriptive,"<div style=""background-color:#fbd0c1; padding:5px"">Other Position #5</div>",,,,,,,[hr_nu_oth_num] >= 5,,,,,,
hr_nu_oth_pos_5,hfa_neonatal_unit_staffing,,text,Please specify the position:,,,,,,,[hr_nu_oth_num] >= 5,,,,,,
hr_nu_oth_cdr_5,hfa_neonatal_unit_staffing,,text,How many are currently assigned to the neonatal unit?,,"This includes all staff assigned to work on the neonatal unit, including staff who also work on other units (e.g. postnatal or pediatrics ward).",integer,-1,,,[hr_nu_oth_num] >= 5,,,,,,
hr_nu_oth_by_5,hfa_neonatal_unit_staffing,,text,How many provide care on the neonatal unit?,,,integer,-1,,,[hr_nu_oth_num] >= 5,,,,,,
hr_nu_hed_7,hfa_neonatal_unit_staffing,,descriptive,"<div style=""background-color:#82cdbf; padding:5px""></div>",,,,,,,,,,,,,
hr_nu_com,hfa_neonatal_unit_staffing,,notes,Comments:,,,,,,,,,,,,,
hr_gui_hed_1,hfa_clinical_care_policies_and_guidelines,,descriptive,"<div style=""background-color:#82cdbf; padding:5px""></div>",,,,,,,,,,,,,
hr_gui_ban_1,hfa_clinical_care_policies_and_guidelines,,descriptive,,,,,,,,,,,,,,
hr_gui_hed_2,hfa_clinical_care_policies_and_guidelines,,descriptive,"<div class=""h4"" style=""background-color:#82cdbf;padding:10px"">Clinical Care Policies and Guidelines</div>",,,,,,,,,,,,,
hr_gui_ins_1,hfa_clinical_care_policies_and_guidelines,,descriptive,"<p style=""font-weight:normal""><i><b>INSTRUCTIONS:</b> Direct these questions to the nurse in charge. Please ask the nurse in charge if the following guidelines are available. If a guideline is available, continue to verify if it is easily accessible. All guidelines must be seen in order to select ""Yes"" to being available and to being easily accessible. In order to select ""Yes"" to easily accessible the nurse must know where the guideline is stored and be able to retrieve it quickly. Note that some of these guidelines might be found on the labor and delivery ward. If any guidance is part of a larger protocol, count this as being available. </i></p>",,,,,,,,,,,,,
hr_gui_hed_3,hfa_clinical_care_policies_and_guidelines,,descriptive,"<div style=""background-color:#82cdbf; padding:5px""></div>",,,,,,,,,,,,,
hr_gui_rp_num,hfa_clinical_care_policies_and_guidelines,,radio,Number of Respondents Interviewed:,"1, 1 respondent|2, 2 respondents|3, 3 respondents|4, 4 respondents|5, 5 respondents",,,,,,,y,,,,,
hr_gui_rp_hed_1,hfa_clinical_care_policies_and_guidelines,,descriptive,"<div style=""background-color:#82cdbf; padding:5px"">Respondent #1</div>",,,,,,,[hr_gui_rp_num] >= 1,,,,,,
hr_gui_rp_nam_1,hfa_clinical_care_policies_and_guidelines,,text,Respondent Name (First and Last):,,,,,,y,[hr_gui_rp_num] >= 1,y,,,,,
hr_gui_rp_pos_1,hfa_clinical_care_policies_and_guidelines,,radio,Respondent Position:,"6, Hospital Management | 5, Biomedical Engineering Technician | 1, NEST Coordinator | 2, Nurse | 7, Nurse-in-charge | 3, Data Clerk | 4, Clinician | 99, Other <i>(specify below)</i>",,,,,,[hr_gui_rp_num] >= 1,y,,,,,
hr_gui_rp_othpos_1,hfa_clinical_care_policies_and_guidelines,,text,"If other position, please specify: ",,,,,,,[hr_gui_rp_pos_1] = '99',,,,,,
hr_gui_rp_ph_1,hfa_clinical_care_policies_and_guidelines,,text,Respondent Phone Number:,,,,,,y,[hr_gui_rp_num] >= 1,,,,,,
hr_gui_rp_hed_2,hfa_clinical_care_policies_and_guidelines,,descriptive,"<div style=""background-color:#82cdbf; padding:5px"">Respondent #2</div>",,,,,,,[hr_gui_rp_num] >= 2,,,,,,
hr_gui_rp_nam_2,hfa_clinical_care_policies_and_guidelines,,text,Respondent Name (First and Last):,,,,,,y,[hr_gui_rp_num] >= 2,,,,,,
hr_gui_rp_pos_2,hfa_clinical_care_policies_and_guidelines,,radio,Respondent Position:,"6, Hospital Management | 5, Biomedical Engineering Technician | 1, NEST Coordinator | 2, Nurse | 7, Nurse-in-charge | 3, Data Clerk | 4, Clinician | 99, Other <i>(specify below)</i>",,,,,,[hr_gui_rp_num] >= 2,,,,,,
hr_gui_rp_othpos_2,hfa_clinical_care_policies_and_guidelines,,text,"If other position, please specify: ",,,,,,,[hr_gui_rp_pos_2] = '99',,,,,,
hr_gui_rp_ph_2,hfa_clinical_care_policies_and_guidelines,,text,Respondent Phone Number:,,,,,,y,[hr_gui_rp_num] >= 2,,,,,,
hr_gui_rp_hed_3,hfa_clinical_care_policies_and_guidelines,,descriptive,"<div style=""background-color:#82cdbf; padding:5px"">Respondent #3</div>",,,,,,,[hr_gui_rp_num] >= 3,,,,,,
hr_gui_rp_nam_3,hfa_clinical_care_policies_and_guidelines,,text,Respondent Name (First and Last):,,,,,,y,[hr_gui_rp_num] >= 3,,,,,,
hr_gui_rp_pos_3,hfa_clinical_care_policies_and_guidelines,,radio,Respondent Position:,"6, Hospital Management | 5, Biomedical Engineering Technician | 1, NEST Coordinator | 2, Nurse | 7, Nurse-in-charge | 3, Data Clerk | 4, Clinician | 99, Other <i>(specify below)</i>",,,,,,[hr_gui_rp_num] >= 3,,,,,,
hr_gui_rp_othpos_3,hfa_clinical_care_policies_and_guidelines,,text,"If other position, please specify: ",,,,,,,[hr_gui_rp_pos_3] = '99',,,,,,
hr_gui_rp_ph_3,hfa_clinical_care_policies_and_guidelines,,text,Respondent Phone Number:,,,,,,y,[hr_gui_rp_num] >= 3,,,,,,
hr_gui_rp_hed_4,hfa_clinical_care_policies_and_guidelines,,descriptive,"<div style=""background-color:#82cdbf; padding:5px"">Respondent #4</div>",,,,,,,[hr_gui_rp_num] >= 4,,,,,,
hr_gui_rp_nam_4,hfa_clinical_care_policies_and_guidelines,,text,Respondent Name (First and Last):,,,,,,y,[hr_gui_rp_num] >= 4,,,,,,
hr_gui_rp_pos_4,hfa_clinical_care_policies_and_guidelines,,radio,Respondent Position:,"6, Hospital Management | 5, Biomedical Engineering Technician | 1, NEST Coordinator | 2, Nurse | 7, Nurse-in-charge | 3, Data Clerk | 4, Clinician | 99, Other <i>(specify below)</i>",,,,,,[hr_gui_rp_num] >= 4,,,,,,
hr_gui_rp_othpos_4,hfa_clinical_care_policies_and_guidelines,,text,"If other position, please specify: ",,,,,,,[hr_gui_rp_pos_4] = '99',,,,,,
hr_gui_rp_ph_4,hfa_clinical_care_policies_and_guidelines,,text,Respondent Phone Number:,,,,,,y,[hr_gui_rp_num] >= 4,,,,,,
hr_gui_rp_hed_5,hfa_clinical_care_policies_and_guidelines,,descriptive,"<div style=""background-color:#82cdbf; padding:5px"">Respondent #5</div>",,,,,,,[hr_gui_rp_num] >= 5,,,,,,
hr_gui_rp_nam_5,hfa_clinical_care_policies_and_guidelines,,text,Respondent Name (First and Last):,,,,,,y,[hr_gui_rp_num] >= 5,,,,,,
hr_gui_rp_pos_5,hfa_clinical_care_policies_and_guidelines,,radio,Respondent Position:,"6, Hospital Management | 5, Biomedical Engineering Technician | 1, NEST Coordinator | 2, Nurse | 7, Nurse-in-charge | 3, Data Clerk | 4, Clinician | 99, Other <i>(specify below)</i>",,,,,,[hr_gui_rp_num] >= 5,,,,,,
hr_gui_rp_othpos_5,hfa_clinical_care_policies_and_guidelines,,text,"If other position, please specify: ",,,,,,,[hr_gui_rp_pos_5] = '99',,,,,,
hr_gui_rp_ph_5,hfa_clinical_care_policies_and_guidelines,,text,Respondent Phone Number:,,,,,,y,[hr_gui_rp_num] >= 5,,,,,,
hr_gui_gn_hed,hfa_clinical_care_policies_and_guidelines,,descriptive,"<div style=""background-color:#82cdbf;padding:5px"">General newborn care protocols: Does the facility have...?</div>",,,,,,,,,,,,,
hr_gui_gn_emoc,hfa_clinical_care_policies_and_guidelines,,radio,BEmOC and CEmOC guidelines,"1, Available and easily accessible | 2, Available, but not easily accessible| 0, Not available today",,,,,,,y,,,hr_gui_gn,,
hr_gui_rs_hed,hfa_clinical_care_policies_and_guidelines,,descriptive,"<div style=""background-color:#82cdbf;padding:5px"">Newborn resuscitation protocols: Does the facility have...?</div>",,,,,,,,,,,,,
hr_gui_rs_chr,hfa_clinical_care_policies_and_guidelines,,radio,"Wall charts/action sequences for neonatal resuscitation (e.g. HBB flowchart, ETAT+ flowchart)","1, Available and easily accessible | 2, Available, but not easily accessible| 0, Not available today",,,,,,,y,,,hr_gui_rs,,
hr_gui_rs,hfa_clinical_care_policies_and_guidelines,,radio,Neonatal resuscitation guidelines,"1, Available and easily accessible | 2, Available, but not easily accessible| 0, Not available today",,,,,,,y,,,hr_gui_rs,,
hr_gui_tmp_hed,hfa_clinical_care_policies_and_guidelines,,descriptive,"<div style=""background-color:#82cdbf;padding:5px"">Thermal protection protocols for newborns: Does the facility have...?</div>",,,,,,,,,,,,,
hr_gui_tmp,hfa_clinical_care_policies_and_guidelines,,radio,Thermal protection guidelines,"1, Available and easily accessible | 2, Available, but not easily accessible| 0, Not available today",,,,,,,y,,,hr_gui_tmp,,
hr_gui_pmtct_hed,hfa_clinical_care_policies_and_guidelines,,descriptive,"<div style=""background-color:#82cdbf;padding:5px"">Prevention of Mother to Child Transmission (PMTCT) protocols: Does the facility have…?</div>",,,,,,,,,,,,,
hr_gui_pmtct,hfa_clinical_care_policies_and_guidelines,,radio,PMTCT guidelines,"1, Available and easily accessible | 2, Available, but not easily accessible| 0, Not available today",,,,,,,y,,,hr_gui_pmtct,,
hr_gui_bmlk_hed,hfa_clinical_care_policies_and_guidelines,,descriptive,"<div style=""background-color:#82cdbf;padding:5px"">Breastfeeding protocols: Does the facility have...?</div>",,,,,,,,,,,,,
hr_gui_bmlk_exc,hfa_clinical_care_policies_and_guidelines,,radio,Standards on immediate initiation and exclusive breastfeeding,"1, Available and easily accessible | 2, Available, but not easily accessible| 0, Not available today",,,,,,,y,,,hr_gui_bmlk,,
hr_gui_bmlk_nutr,hfa_clinical_care_policies_and_guidelines,,radio,"Maternal, Infant and Young Child Nutrition guidelines","1, Available and easily accessible | 2, Available, but not easily accessible| 0, Not available today",,,,,,,y,,,hr_gui_bmlk,,
hr_gui_bmlk,hfa_clinical_care_policies_and_guidelines,,radio,"""Ten steps to successful breastfeeding"" or implementation of International Code of Marketing of Breast-milk Substitutes written policy","1, Available and easily accessible | 2, Available, but not easily accessible| 0, Not available today",,,,,,,y,,,hr_gui_bmlk,,
hr_gui_iv_hed,hfa_clinical_care_policies_and_guidelines,,descriptive,"<div style=""background-color:#82cdbf;padding:5px"">Hypoglycemia and IV fluids protocols: Does the facility have...?</div>",,,,,,,,,,,,,
hr_gui_iv_drg,hfa_clinical_care_policies_and_guidelines,,radio,"Fluid, volume, and medication guidelines","1, Available and easily accessible | 2, Available, but not easily accessible| 0, Not available today",,,,,,,y,,,hr_gui_iv,,
hr_gui_iv_mg,hfa_clinical_care_policies_and_guidelines,,radio,Prevention and management of hypoglycaemia in those at risk of impaired metabolic adaptation guidelines,"1, Available and easily accessible | 2, Available, but not easily accessible| 0, Not available today",,,,,,,y,,,hr_gui_iv,,
hr_gui_kmc_hed,hfa_clinical_care_policies_and_guidelines,,descriptive,"<div style=""background-color:#82cdbf;padding:5px"">Kangaroo Mother Care (KMC) protocols: Does the facility have...?</div>",,,,,,,,,,,,,
hr_gui_kmc,hfa_clinical_care_policies_and_guidelines,,radio,Kangaroo Mother Care protocol,"1, Available and easily accessible | 2, Available, but not easily accessible| 0, Not available today",,,,,,,y,,,hr_gui_kmc,,
hr_gui_kmc_wt,hfa_clinical_care_policies_and_guidelines,,radio,Kangaroo Mother Care for stable babies up to 2500 grams protocol,"1, Available and easily accessible | 2, Available, but not easily accessible| 0, Not available today",,,,,,,,,,hr_gui_kmc,,
hr_gui_ikmc,hfa_clinical_care_policies_and_guidelines,,radio,"Immediate Kangaroo Mother Care (iKMC), including KMC prior to stability, protocol (neonatal unit)","1, Available and easily accessible | 2, Available, but not easily accessible| 0, Not available today",,,,,,,y,,,hr_gui_kmc,,
hr_gui_ikmc_ld,hfa_clinical_care_policies_and_guidelines,,radio,"Immediate Kangaroo Mother Care (iKMC), including KMC prior to stability, protocol (labour and delivery ward)","1, Available and easily accessible | 2, Available, but not easily accessible| 0, Not available today",,,,,,,,,,hr_gui_kmc,,
hr_gui_o2_hed,hfa_clinical_care_policies_and_guidelines,,descriptive,"<div style=""background-color:#82cdbf;padding:5px"">Safe Oxygen delivery protocols: Does the facility have...?</div>",,,,,,,,,,,,,
hr_gui_o2,hfa_clinical_care_policies_and_guidelines,,radio,Classification of breathing difficulty and SpO2 thresholds and protocols for oxygen therapy and monitoring,"1, Available and easily accessible | 2, Available, but not easily accessible| 0, Not available today",,,,,,,y,,,hr_gui_o2,,
hr_gui_o2_apn,hfa_clinical_care_policies_and_guidelines,,radio,"Assessment, management and prevention of apnoea guidelines","1, Available and easily accessible | 2, Available, but not easily accessible| 0, Not available today",,,,,,,y,,,hr_gui_o2,,
hr_gui_fed_hed,hfa_clinical_care_policies_and_guidelines,,descriptive,"<div style=""background-color:#82cdbf;padding:5px"">Alternative feeding and nutrition protocols: Does the facility have...?</div>",,,,,,,,,,,,,
hr_gui_fed_nu,hfa_clinical_care_policies_and_guidelines,,radio,"Infant feeding for the neonatal unit, including enteral feeding volumes by weight and age guidelines","1, Available and easily accessible | 2, Available, but not easily accessible| 0, Not available today",,,,,,,y,,,hr_gui_fed,,
hr_gui_fed_iv,hfa_clinical_care_policies_and_guidelines,,radio,IV fluid volumes guidelines,"1, Available and easily accessible | 2, Available, but not easily accessible| 0, Not available today",,,,,,,y,,,hr_gui_fed,,
hr_gui_fed_chr,hfa_clinical_care_policies_and_guidelines,,radio,Fluid balance and feeding chart (fluid input and output),"1, Available and easily accessible | 2, Available, but not easily accessible| 0, Not available today",,,,,,,y,,,hr_gui_fed,,
hr_gui_fed_lobwt,hfa_clinical_care_policies_and_guidelines,,radio,"Providing vitamin D, calcium, phosphorus and iron supplements for very-low-birth-weight newborns protocol","1, Available and easily accessible | 2, Available, but not easily accessible| 0, Not available today",,,,,,,y,,,hr_gui_fed,,
hr_gui_pt_hed,hfa_clinical_care_policies_and_guidelines,,descriptive,"<div style=""background-color:#82cdbf;padding:5px"">Phototherapy protocols: Does the facility have...?</div>",,,,,,,,,,,,,
hr_gui_pt_trt,hfa_clinical_care_policies_and_guidelines,,radio,Treatment thresholds for phototherapy,"1, Available and easily accessible | 2, Available, but not easily accessible| 0, Not available today",,,,,,,y,,,hr_gui_pt,,
hr_gui_pt_tx,hfa_clinical_care_policies_and_guidelines,,radio,Treatment thresholds for exchange transfusion,"1, Available and easily accessible | 2, Available, but not easily accessible| 0, Not available today",,,,,,,y,,,hr_gui_pt,,
hr_gui_pt_use,hfa_clinical_care_policies_and_guidelines,,radio,"Use of phototherapy units (e.g. positioning of phototherapy lamps, etc.)","1, Available and easily accessible | 2, Available, but not easily accessible| 0, Not available today",,,,,,,y,,,hr_gui_pt,,
hr_gui_seiz_hed,hfa_clinical_care_policies_and_guidelines,,descriptive,"<div style=""background-color:#82cdbf;padding:5px"">Seizure management protocols: Does the facility have...?</div>",,,,,,,,,,,,,
hr_gui_seiz,hfa_clinical_care_policies_and_guidelines,,radio,Guidelines on management of newborn convulsions and spasms,"1, Available and easily accessible | 2, Available, but not easily accessible| 0, Not available today",,,,,,,y,,,hr_gui_seiz,,
hr_gui_cp_hed,hfa_clinical_care_policies_and_guidelines,,descriptive,"<div style=""background-color:#82cdbf;padding:5px"">Continuous Positive Airway Pressure (CPAP) protocols: Does the facility have...?</div>",,,,,,,,,,,,,
hr_gui_cp_st,hfa_clinical_care_policies_and_guidelines,,radio,CPAP initiation and weaning protocols,"1, Available and easily accessible | 2, Available, but not easily accessible| 0, Not available today",,,,,,,y,,,hr_gui_cp,,
hr_gui_cp_chr,hfa_clinical_care_policies_and_guidelines,,radio,CPAP wall chart,"1, Available and easily accessible | 2, Available, but not easily accessible| 0, Not available today",,,,,,,y,,,hr_gui_cp,,
hr_gui_mv_hed,hfa_clinical_care_policies_and_guidelines,,descriptive,"<div style=""background-color:#82cdbf;padding:5px"">Mechanical ventilation protocols: Does the facility have...?</div>",,,,,,,,,,,,,
hr_gui_mv,hfa_clinical_care_policies_and_guidelines,,radio,Mechanical ventilation guidelines,"1, Available and easily accessible | 2, Available, but not easily accessible| 0, Not available today",,,,,,,y,,,hr_gui_mv,,
hr_gui_tx_hed,hfa_clinical_care_policies_and_guidelines,,descriptive,"<div style=""background-color:#82cdbf;padding:5px"">Blood transfusion protocols: Does the facility have...?</div>",,,,,,,,,,,,,
hr_gui_tx_bld,hfa_clinical_care_policies_and_guidelines,,radio,Blood transfusion procedural guidelines,"1, Available and easily accessible | 2, Available, but not easily accessible| 0, Not available today",,,,,,,y,,,hr_gui_tx,,
hr_gui_tx,hfa_clinical_care_policies_and_guidelines,,radio,Exchange transfusion procedural guidelines,"1, Available and easily accessible | 2, Available, but not easily accessible| 0, Not available today",,,,,,,y,,,hr_gui_tx,,
hr_gui_tx_chr,hfa_clinical_care_policies_and_guidelines,,radio,Blood transfusion monitoring chart,"1, Available and easily accessible | 2, Available, but not easily accessible| 0, Not available today",,,,,,,y,,,hr_gui_tx,,
hr_gui_abn_hed,hfa_clinical_care_policies_and_guidelines,,descriptive,"<div style=""background-color:#82cdbf;padding:5px"">Congenital abnormalities protocols: Does the facility have...?</div>",,,,,,,,,,,,,
hr_gui_abn,hfa_clinical_care_policies_and_guidelines,,radio,"Assessment and management of newborns with congenital abnormalities, including for specialist consultation and referral pathways guidelines","1, Available and easily accessible | 2, Available, but not easily accessible| 0, Not available today",,,,,,,y,,,hr_gui_abn,,
hr_gui_hie_hed,hfa_clinical_care_policies_and_guidelines,,descriptive,"<div style=""background-color:#82cdbf;padding:5px"">Neonatal encephalopathy protocols: Does the facility have...?</div>",,,,,,,,,,,,,
hr_gui_hie,hfa_clinical_care_policies_and_guidelines,,radio,Assessment and management of neonatal encephalopathy in newborns guidelines,"1, Available and easily accessible | 2, Available, but not easily accessible| 0, Not available today",,,,,,,y,,,hr_gui_hie,,
hr_gui_rop_hed,hfa_clinical_care_policies_and_guidelines,,descriptive,"<div style=""background-color:#82cdbf;padding:5px"">Retinopathy of prematurity protocols: Does the facility have...?</div>",,,,,,,,,,,,,
hr_gui_rop,hfa_clinical_care_policies_and_guidelines,,radio,"Prevention, screening and documentation of retinopathy of prematurity guidelines","1, Available and easily accessible | 2, Available, but not easily accessible| 0, Not available today",,,,,,,y,,,hr_gui_rop,,
hr_gui_rop_trt,hfa_clinical_care_policies_and_guidelines,,radio,Treatment of retinopathy of prematurity guidelines,"1, Available and easily accessible | 2, Available, but not easily accessible| 0, Not available today",,,,,,,y,,,hr_gui_rop,,
hr_gui_syph_hed,hfa_clinical_care_policies_and_guidelines,,descriptive,"<div style=""background-color:#82cdbf;padding:5px"">Congenital syphilis protocols: Does the facility have...?</div>",,,,,,,,,,,,,
hr_gui_syph,hfa_clinical_care_policies_and_guidelines,,radio,Management of congenital syphilis guidelines,"1, Available and easily accessible | 2, Available, but not easily accessible| 0, Not available today",,,,,,,y,,,hr_gui_syph,,
hr_gui_ane_hed,hfa_clinical_care_policies_and_guidelines,,descriptive,"<div style=""background-color:#82cdbf;padding:5px"">Anaemia protocols: Does the facility have...?</div>",,,,,,,,,,,,,
hr_gui_ane,hfa_clinical_care_policies_and_guidelines,,radio,Assessment and management of anaemia in small and sick newborns guidelines,"1, Available and easily accessible | 2, Available, but not easily accessible| 0, Not available today",,,,,,,y,,,hr_gui_ane,,
hr_gui_ns_hed,hfa_clinical_care_policies_and_guidelines,,descriptive,"<div style=""background-color:#82cdbf;padding:5px"">Skin and nasal trauma protocols: Does the facility have...?</div>",,,,,,,,,,,,,
hr_gui_ns,hfa_clinical_care_policies_and_guidelines,,radio,"Prevention, monitoring, detection and management of complications related to health care equipment, devices and practices, including skin erythema, skin breakdown, pressure sores, nasal trauma and tissue injury guidelines","1, Available and easily accessible | 2, Available, but not easily accessible| 0, Not available today",,,,,,,y,,,hr_gui_ns,,
hr_gui_ophtn_hed,hfa_clinical_care_policies_and_guidelines,,descriptive,"<div style=""background-color:#82cdbf;padding:5px"">Ophthalmia neonatorum protocols: Does the facility have...?</div>",,,,,,,,,,,,,
hr_gui_ophtn,hfa_clinical_care_policies_and_guidelines,,radio,Prevention and management of ophthalmia neonatorum in newborns guidelines,"1, Available and easily accessible | 2, Available, but not easily accessible| 0, Not available today",,,,,,,y,,,hr_gui_ophtn,,
hr_gui_ref_hed,hfa_clinical_care_policies_and_guidelines,,descriptive,"<div style=""background-color:#82cdbf;padding:5px"">Pre-referral protocols: Does the facility have...?</div>",,,,,,,,,,,,,
hr_gui_ref,hfa_clinical_care_policies_and_guidelines,,radio,Pre-referral management of all small and sick newborns who require referral protocol,"1, Available and easily accessible | 2, Available, but not easily accessible| 0, Not available today",,,,,,,y,,,hr_gui_ref,,
hr_gui_hndf_hed,hfa_clinical_care_policies_and_guidelines,,descriptive,"<div style=""background-color:#82cdbf;padding:5px"">Handover protocols: Does the facility have...?</div>",,,,,,,,,,,,,
hr_gui_hndf,hfa_clinical_care_policies_and_guidelines,,radio,"Structured, standard form for written handover of newborns among care teams at shift changes or during transfer among facilities protocol","1, Available and easily accessible | 2, Available, but not easily accessible| 0, Not available today",,,,,,,y,,,hr_gui_hndf,,
hr_gui_fu_hed,hfa_clinical_care_policies_and_guidelines,,descriptive,"<div style=""background-color:#82cdbf;padding:5px"">Follow-Up of At-Risk protocols: Does the facility have...?</div>",,,,,,,,,,,,,
hr_gui_fu,hfa_clinical_care_policies_and_guidelines,,radio,Follow-up of at-risk newborns protocol,"1, Available and easily accessible | 2, Available, but not easily accessible| 0, Not available today",,,,,,,y,,,hr_gui_fu,,
hr_gui_hed_5,hfa_clinical_care_policies_and_guidelines,,descriptive,"<div style=""background-color:#82cdbf; padding:5px""></div>",,,,,,,,,,,,,
hr_gui_com,hfa_clinical_care_policies_and_guidelines,,notes,Comments:,,,,,,,,,,,,,
hr_sf_hed_1,hfa_newborn_care_clinical_competencies,,descriptive,"<div style=""background-color:#82cdbf; padding:5px""></div>",,,,,,,,,,,,,
hr_sf_ban_1,hfa_newborn_care_clinical_competencies,,descriptive,,,,,,,,,,,,,,
hr_sf_hed_2,hfa_newborn_care_clinical_competencies,,descriptive,"<div class=""h4"" style=""background-color:#82cdbf;padding:10px"">Newborn Care Signal Functions</div>",,,,,,,,,,,,,
hr_sf_rp_num,hfa_newborn_care_clinical_competencies,,radio,Number of Respondents Interviewed:,"1, 1 respondent|2, 2 respondents|3, 3 respondents|4, 4 respondents|5, 5 respondents",,,,,,,y,,,,,
hr_sf_rp_hed_1,hfa_newborn_care_clinical_competencies,,descriptive,"<div style=""background-color:#82cdbf; padding:5px"">Respondent #1</div>",,,,,,,[hr_sf_rp_num] >= 1,,,,,,
hr_sf_rp_nam_1,hfa_newborn_care_clinical_competencies,,text,Respondent Name (First and Last):,,,,,,y,[hr_sf_rp_num] >= 1,y,,,,,
hr_sf_rp_pos_1,hfa_newborn_care_clinical_competencies,,radio,Respondent Position:,"6, Hospital Management | 5, Biomedical Engineering Technician | 1, NEST Coordinator | 2, Nurse | 7, Nurse-in-charge | 3, Data Clerk | 4, Clinician | 99, Other <i>(specify below)</i>",,,,,,[hr_sf_rp_num] >= 1,y,,,,,
hr_sf_rp_othpos_1,hfa_newborn_care_clinical_competencies,,text,"If other position, please specify: ",,,,,,,[hr_sf_rp_pos_1] = '99',,,,,,
hr_sf_rp_ph_1,hfa_newborn_care_clinical_competencies,,text,Respondent Phone Number:,,,,,,y,[hr_sf_rp_num] >= 1,,,,,,
hr_sf_rp_hed_2,hfa_newborn_care_clinical_competencies,,descriptive,"<div style=""background-color:#82cdbf; padding:5px"">Respondent #2</div>",,,,,,,[hr_sf_rp_num] >= 2,,,,,,
hr_sf_rp_nam_2,hfa_newborn_care_clinical_competencies,,text,Respondent Name (First and Last):,,,,,,y,[hr_sf_rp_num] >= 2,,,,,,
hr_sf_rp_pos_2,hfa_newborn_care_clinical_competencies,,radio,Respondent Position:,"6, Hospital Management | 5, Biomedical Engineering Technician | 1, NEST Coordinator | 2, Nurse | 7, Nurse-in-charge | 3, Data Clerk | 4, Clinician | 99, Other <i>(specify below)</i>",,,,,,[hr_sf_rp_num] >= 2,,,,,,
hr_sf_rp_othpos_2,hfa_newborn_care_clinical_competencies,,text,"If other position, please specify: ",,,,,,,[hr_sf_rp_pos_2] = '99',,,,,,
hr_sf_rp_ph_2,hfa_newborn_care_clinical_competencies,,text,Respondent Phone Number:,,,,,,y,[hr_sf_rp_num] >= 2,,,,,,
hr_sf_rp_hed_3,hfa_newborn_care_clinical_competencies,,descriptive,"<div style=""background-color:#82cdbf; padding:5px"">Respondent #3</div>",,,,,,,[hr_sf_rp_num] >= 3,,,,,,
hr_sf_rp_nam_3,hfa_newborn_care_clinical_competencies,,text,Respondent Name (First and Last):,,,,,,y,[hr_sf_rp_num] >= 3,,,,,,
hr_sf_rp_pos_3,hfa_newborn_care_clinical_competencies,,radio,Respondent Position:,"6, Hospital Management | 5, Biomedical Engineering Technician | 1, NEST Coordinator | 2, Nurse | 7, Nurse-in-charge | 3, Data Clerk | 4, Clinician | 99, Other <i>(specify below)</i>",,,,,,[hr_sf_rp_num] >= 3,,,,,,
hr_sf_rp_othpos_3,hfa_newborn_care_clinical_competencies,,text,"If other position, please specify: ",,,,,,,[hr_sf_rp_pos_3] = '99',,,,,,
hr_sf_rp_ph_3,hfa_newborn_care_clinical_competencies,,text,Respondent Phone Number:,,,,,,y,[hr_sf_rp_num] >= 3,,,,,,
hr_sf_rp_hed_4,hfa_newborn_care_clinical_competencies,,descriptive,"<div style=""background-color:#82cdbf; padding:5px"">Respondent #4</div>",,,,,,,[hr_sf_rp_num] >= 4,,,,,,
hr_sf_rp_nam_4,hfa_newborn_care_clinical_competencies,,text,Respondent Name (First and Last):,,,,,,y,[hr_sf_rp_num] >= 4,,,,,,
hr_sf_rp_pos_4,hfa_newborn_care_clinical_competencies,,radio,Respondent Position:,"6, Hospital Management | 5, Biomedical Engineering Technician | 1, NEST Coordinator | 2, Nurse | 7, Nurse-in-charge | 3, Data Clerk | 4, Clinician | 99, Other <i>(specify below)</i>",,,,,,[hr_sf_rp_num] >= 4,,,,,,
hr_sf_rp_othpos_4,hfa_newborn_care_clinical_competencies,,text,"If other position, please specify: ",,,,,,,[hr_sf_rp_pos_4] = '99',,,,,,
hr_sf_rp_ph_4,hfa_newborn_care_clinical_competencies,,text,Respondent Phone Number:,,,,,,y,[hr_sf_rp_num] >= 4,,,,,,
hr_sf_rp_hed_5,hfa_newborn_care_clinical_competencies,,descriptive,"<div style=""background-color:#82cdbf; padding:5px"">Respondent #5</div>",,,,,,,[hr_sf_rp_num] >= 5,,,,,,
hr_sf_rp_nam_5,hfa_newborn_care_clinical_competencies,,text,Respondent Name (First and Last):,,,,,,y,[hr_sf_rp_num] >= 5,,,,,,
hr_sf_rp_pos_5,hfa_newborn_care_clinical_competencies,,radio,Respondent Position:,"6, Hospital Management | 5, Biomedical Engineering Technician | 1, NEST Coordinator | 2, Nurse | 7, Nurse-in-charge | 3, Data Clerk | 4, Clinician | 99, Other <i>(specify below)</i>",,,,,,[hr_sf_rp_num] >= 5,,,,,,
hr_sf_rp_othpos_5,hfa_newborn_care_clinical_competencies,,text,"If other position, please specify: ",,,,,,,[hr_sf_rp_pos_5] = '99',,,,,,
hr_sf_rp_ph_5,hfa_newborn_care_clinical_competencies,,text,Respondent Phone Number:,,,,,,y,[hr_sf_rp_num] >= 5,,,,,,
hr_sf_hed_4,hfa_newborn_care_clinical_competencies,,descriptive,"<div class=""h4"" style=""background-color:#82cdbf;padding:10px"">Signal Functions/Core Competencies</div>",,,,,,,,,,,,,
hr_sf_ins_1,hfa_newborn_care_clinical_competencies,,descriptive,"<p style=""font-weight:normal""><i><b>INSTRUCTIONS:</b> Direct these questions to the nurse in charge. Please indicate who provides the following services to newborns at this facility.</i></p>",,,,,,,,,,,,,
hr_sf_cdr_rs_hed,hfa_newborn_care_clinical_competencies,,descriptive,"<div style=""background-color:#fbd0c1;padding:5px"">Resuscitate newborn with bag and mask</div>",,,,,,,,,,,,,
hr_sf_cdr_rs,hfa_newborn_care_clinical_competencies,,yesno,Is the signal function performed?,,,,,,,,,,,,,
hr_sf_cdr_rs_st,hfa_newborn_care_clinical_competencies,,checkbox,Who can prescribe care?,"1, General Medical Doctor | 7, Pediatrician | 8, Neonatologist | 3, General Nurse | 41, Pediatric Nurse | 42, Neonatal Nurse | 5, Clinical Officer | 99, Other <i>(specify below)</i>",,,,,,[hr_sf_cdr_rs] = '1',,,,,,
hr_sf_cdr_rs_st_oth,hfa_newborn_care_clinical_competencies,,text,Please specify other cadre that can prescribe care:,,,,,,,[hr_sf_cdr_rs_st(99)] = '1',,,,,,
hr_sf_cdr_rs_do,hfa_newborn_care_clinical_competencies,,checkbox,Who can provide care?,"1, General Medical Doctor | 7, Pediatrician | 8, Neonatologist | 3, General Nurse | 41, Pediatric Nurse | 42, Neonatal Nurse | 5, Clinical Officer | 99, Other <i>(specify below)</i>",,,,,,[hr_sf_cdr_rs] = '1',,,,,,
hr_sf_cdr_rs_do_oth,hfa_newborn_care_clinical_competencies,,text,Please specify other cadre that can provide care:,,,,,,,[hr_sf_cdr_rs_do(99)] = '1',,,,,,
hr_sf_cdr_kmc_hed,hfa_newborn_care_clinical_competencies,,descriptive,"<div style=""background-color:#fbd0c1;padding:5px"">Provide support for Kangaroo Mother Care (KMC)</div>",,,,,,,,,,,,,
hr_sf_cdr_kmc,hfa_newborn_care_clinical_competencies,,yesno,Is the signal function performed?,,,,,,,,,,,,,
hr_sf_cdr_kmc_st,hfa_newborn_care_clinical_competencies,,checkbox,Who can prescribe care?,"1, General Medical Doctor | 7, Pediatrician | 8, Neonatologist | 3, General Nurse | 41, Pediatric Nurse | 42, Neonatal Nurse | 5, Clinical Officer | 99, Other <i>(specify below)</i>",,,,,,[hr_sf_cdr_kmc] = '1',,,,,,
hr_sf_cdr_kmc_st_oth,hfa_newborn_care_clinical_competencies,,text,Please specify other cadre that can prescribe care:,,,,,,,[hr_sf_cdr_kmc_st(99)] = '1',,,,,,
hr_sf_cdr_kmc_do,hfa_newborn_care_clinical_competencies,,checkbox,Who can provide care?,"1, General Medical Doctor | 7, Pediatrician | 8, Neonatologist | 3, General Nurse | 41, Pediatric Nurse | 42, Neonatal Nurse | 5, Clinical Officer | 99, Other <i>(specify below)</i>",,,,,,[hr_sf_cdr_kmc] = '1',,,,,,
hr_sf_cdr_kmc_do_oth,hfa_newborn_care_clinical_competencies,,text,Please specify other cadre that can provide care:,,,,,,,[hr_sf_cdr_kmc_do(99)] = '1',,,,,,
hr_sf_cdr_ikmc,hfa_newborn_care_clinical_competencies,,yesno,"Is immediate Kangaroo Mother Care (iKMC), including KMC prior to stability, practiced at the facility?",,,,,,,[hr_sf_cdr_kmc] = '1',,,,,,
hr_sf_cdr_o2_hed,hfa_newborn_care_clinical_competencies,,descriptive,"<div style=""background-color:#fbd0c1;padding:5px"">Provide oxygen to a newborn</div>",,,,,,,,,,,,,
hr_sf_cdr_o2,hfa_newborn_care_clinical_competencies,,yesno,Is the signal function performed?,,,,,,,,,,,,,
hr_sf_cdr_o2_st,hfa_newborn_care_clinical_competencies,,checkbox,Who can prescribe care?,"1, General Medical Doctor | 7, Pediatrician | 8, Neonatologist | 3, General Nurse | 41, Pediatric Nurse | 42, Neonatal Nurse | 5, Clinical Officer | 99, Other <i>(specify below)</i>",,,,,,[hr_sf_cdr_o2] = '1',,,,,,
hr_sf_cdr_o2_st_oth,hfa_newborn_care_clinical_competencies,,text,Please specify other cadre that can prescribe care:,,,,,,,[hr_sf_cdr_o2_st(99)] = '1',,,,,,
hr_sf_cdr_o2_do,hfa_newborn_care_clinical_competencies,,checkbox,Who can provide care?,"1, General Medical Doctor | 7, Pediatrician | 8, Neonatologist | 3, General Nurse | 41, Pediatric Nurse | 42, Neonatal Nurse | 5, Clinical Officer | 99, Other <i>(specify below)</i>",,,,,,[hr_sf_cdr_o2] = '1',,,,,,
hr_sf_cdr_o2_do_oth,hfa_newborn_care_clinical_competencies,,text,Please specify other cadre that can provide care:,,,,,,,[hr_sf_cdr_o2_do(99)] = '1',,,,,,
hr_sf_cdr_pt_hed,hfa_newborn_care_clinical_competencies,,descriptive,"<div style=""background-color:#fbd0c1;padding:5px"">Provide phototherapy light treatment to a newborn</div>",,,,,,,,,,,,,
hr_sf_cdr_pt,hfa_newborn_care_clinical_competencies,,yesno,Is the signal function performed?,,,,,,,,,,,,,
hr_sf_cdr_pt_st,hfa_newborn_care_clinical_competencies,,checkbox,Who can prescribe care?,"1, General Medical Doctor | 7, Pediatrician | 8, Neonatologist | 3, General Nurse | 41, Pediatric Nurse | 42, Neonatal Nurse | 5, Clinical Officer | 99, Other <i>(specify below)</i>",,,,,,[hr_sf_cdr_pt] = '1',,,,,,
hr_sf_cdr_pt_st_oth,hfa_newborn_care_clinical_competencies,,text,Please specify other cadre that can prescribe care:,,,,,,,[hr_sf_cdr_pt_st(99)] = '1',,,,,,
hr_sf_cdr_pt_do,hfa_newborn_care_clinical_competencies,,checkbox,Who can provide care?,"1, General Medical Doctor | 7, Pediatrician | 8, Neonatologist | 3, General Nurse | 41, Pediatric Nurse | 42, Neonatal Nurse | 5, Clinical Officer | 99, Other <i>(specify below)</i>",,,,,,[hr_sf_cdr_pt] = '1',,,,,,
hr_sf_cdr_pt_do_oth,hfa_newborn_care_clinical_competencies,,text,Please specify other cadre that can provide care:,,,,,,,[hr_sf_cdr_pt_do(99)] = '1',,,,,,
hr_sf_cdr_abx_hed,hfa_newborn_care_clinical_competencies,,descriptive,"<div style=""background-color:#fbd0c1;padding:5px"">Provide antibiotics for neonatal infections</div>",,,,,,,,,,,,,
hr_sf_cdr_abx,hfa_newborn_care_clinical_competencies,,yesno,Is the signal function performed?,,,,,,,,,,,,,
hr_sf_cdr_abx_st,hfa_newborn_care_clinical_competencies,,checkbox,Who can prescribe care?,"1, General Medical Doctor | 7, Pediatrician | 8, Neonatologist | 3, General Nurse | 41, Pediatric Nurse | 42, Neonatal Nurse | 5, Clinical Officer | 99, Other <i>(specify below)</i>",,,,,,[hr_sf_cdr_abx] = '1',,,,,,
hr_sf_cdr_abx_st_oth,hfa_newborn_care_clinical_competencies,,text,Please specify other cadre that can prescribe care:,,,,,,,[hr_sf_cdr_abx_st(99)] = '1',,,,,,
hr_sf_cdr_abx_do,hfa_newborn_care_clinical_competencies,,checkbox,Who can provide care?,"1, General Medical Doctor | 7, Pediatrician | 8, Neonatologist | 3, General Nurse | 41, Pediatric Nurse | 42, Neonatal Nurse | 5, Clinical Officer | 99, Other <i>(specify below)</i>",,,,,,[hr_sf_cdr_abx] = '1',,,,,,
hr_sf_cdr_abx_do_oth,hfa_newborn_care_clinical_competencies,,text,Please specify other cadre that can provide care:,,,,,,,[hr_sf_cdr_abx_do(99)] = '1',,,,,,
hr_sf_cdr_aed_hed,hfa_newborn_care_clinical_competencies,,descriptive,"<div style=""background-color:#fbd0c1;padding:5px"">Provide parenteral anticonvulsants to a newborn</div>",,,,,,,,,,,,,
hr_sf_cdr_aed,hfa_newborn_care_clinical_competencies,,yesno,Is the signal function performed?,,,,,,,,,,,,,
hr_sf_cdr_aed_st,hfa_newborn_care_clinical_competencies,,checkbox,Who can prescribe care?,"1, General Medical Doctor | 7, Pediatrician | 8, Neonatologist | 3, General Nurse | 41, Pediatric Nurse | 42, Neonatal Nurse | 5, Clinical Officer | 99, Other <i>(specify below)</i>",,,,,,[hr_sf_cdr_aed] = '1',,,,,,
hr_sf_cdr_aed_st_oth,hfa_newborn_care_clinical_competencies,,text,Please specify other cadre that can prescribe care:,,,,,,,[hr_sf_cdr_aed_st(99)] = '1',,,,,,
hr_sf_cdr_aed_do,hfa_newborn_care_clinical_competencies,,checkbox,Who can provide care?,"1, General Medical Doctor | 7, Pediatrician | 8, Neonatologist | 3, General Nurse | 41, Pediatric Nurse | 42, Neonatal Nurse | 5, Clinical Officer | 99, Other <i>(specify below)</i>",,,,,,[hr_sf_cdr_aed] = '1',,,,,,
hr_sf_cdr_aed_do_oth,hfa_newborn_care_clinical_competencies,,text,Please specify other cadre that can provide care:,,,,,,,[hr_sf_cdr_aed_do(99)] = '1',,,,,,
hr_sf_cdr_iv_hed,hfa_newborn_care_clinical_competencies,,descriptive,"<div style=""background-color:#fbd0c1;padding:5px"">Provide IV fluids to a newborn</div>",,,,,,,,,,,,,
hr_sf_cdr_iv,hfa_newborn_care_clinical_competencies,,yesno,Is the signal function performed?,,,,,,,,,,,,,
hr_sf_cdr_iv_st,hfa_newborn_care_clinical_competencies,,checkbox,Who can prescribe care?,"1, General Medical Doctor | 7, Pediatrician | 8, Neonatologist | 3, General Nurse | 41, Pediatric Nurse | 42, Neonatal Nurse | 5, Clinical Officer | 99, Other <i>(specify below)</i>",,,,,,[hr_sf_cdr_iv] = '1',,,,,,
hr_sf_cdr_iv_st_oth,hfa_newborn_care_clinical_competencies,,text,Please specify other cadre that can prescribe care:,,,,,,,[hr_sf_cdr_iv_st(99)] = '1',,,,,,
hr_sf_cdr_iv_do,hfa_newborn_care_clinical_competencies,,checkbox,Who can provide care?,"1, General Medical Doctor | 7, Pediatrician | 8, Neonatologist | 3, General Nurse | 41, Pediatric Nurse | 42, Neonatal Nurse | 5, Clinical Officer | 99, Other <i>(specify below)</i>",,,,,,[hr_sf_cdr_iv] = '1',,,,,,
hr_sf_cdr_iv_do_oth,hfa_newborn_care_clinical_competencies,,text,Please specify other cadre that can provide care:,,,,,,,[hr_sf_cdr_iv_do(99)] = '1',,,,,,
hr_sf_cdr_cp_hed,hfa_newborn_care_clinical_competencies,,descriptive,"<div style=""background-color:#fbd0c1;padding:5px"">Provide CPAP treatment to a newborn</div>",,,,,,,,,,,,,
hr_sf_cdr_cp,hfa_newborn_care_clinical_competencies,,yesno,Is the signal function performed?,,,,,,,,,,,,,
hr_sf_cdr_cp_st,hfa_newborn_care_clinical_competencies,,checkbox,Who can prescribe care?,"1, General Medical Doctor | 7, Pediatrician | 8, Neonatologist | 3, General Nurse | 41, Pediatric Nurse | 42, Neonatal Nurse | 5, Clinical Officer | 99, Other <i>(specify below)</i>",,,,,,[hr_sf_cdr_cp] = '1',,,,,,
hr_sf_cdr_cp_st_oth,hfa_newborn_care_clinical_competencies,,text,Please specify other cadre that can prescribe care:,,,,,,,[hr_sf_cdr_cp_st(99)] = '1',,,,,,
hr_sf_cdr_cp_do,hfa_newborn_care_clinical_competencies,,checkbox,Who can provide care?,"1, General Medical Doctor | 7, Pediatrician | 8, Neonatologist | 3, General Nurse | 41, Pediatric Nurse | 42, Neonatal Nurse | 5, Clinical Officer | 99, Other <i>(specify below)</i>",,,,,,[hr_sf_cdr_cp] = '1',,,,,,
hr_sf_cdr_cp_do_oth,hfa_newborn_care_clinical_competencies,,text,Please specify other cadre that can provide care:,,,,,,,[hr_sf_cdr_cp_do(99)] = '1',,,,,,
hr_sf_cdr_mv_hed,hfa_newborn_care_clinical_competencies,,descriptive,"<div style=""background-color:#fbd0c1;padding:5px"">Provide mechanical ventilation to a newborn</div>",,,,,,,,,,,,,
hr_sf_cdr_mv,hfa_newborn_care_clinical_competencies,,yesno,Is the signal function performed?,,,,,,,,,,,,,
hr_sf_cdr_mv_st,hfa_newborn_care_clinical_competencies,,checkbox,Who can prescribe care?,"1, General Medical Doctor | 7, Pediatrician | 8, Neonatologist | 3, General Nurse | 41, Pediatric Nurse | 42, Neonatal Nurse | 5, Clinical Officer | 99, Other <i>(specify below)</i>",,,,,,[hr_sf_cdr_mv] = '1',,,,,,
hr_sf_cdr_mv_st_oth,hfa_newborn_care_clinical_competencies,,text,Please specify other cadre that can prescribe care:,,,,,,,[hr_sf_cdr_mv_st(99)] = '1',,,,,,
hr_sf_cdr_mv_do,hfa_newborn_care_clinical_competencies,,checkbox,Who can provide care?,"1, General Medical Doctor | 7, Pediatrician | 8, Neonatologist | 3, General Nurse | 41, Pediatric Nurse | 42, Neonatal Nurse | 5, Clinical Officer | 99, Other <i>(specify below)</i>",,,,,,[hr_sf_cdr_mv] = '1',,,,,,
hr_sf_cdr_mv_do_oth,hfa_newborn_care_clinical_competencies,,text,Please specify other cadre that can provide care:,,,,,,,[hr_sf_cdr_mv_do(99)] = '1',,,,,,
hr_sf_cdr_tx_hed,hfa_newborn_care_clinical_competencies,,descriptive,"<div style=""background-color:#fbd0c1;padding:5px"">Perform blood transfusion for a newborn</div>",,,,,,,,,,,,,
hr_sf_cdr_tx,hfa_newborn_care_clinical_competencies,,yesno,Is the signal function performed?,,,,,,,,,,,,,
hr_sf_cdr_tx_st,hfa_newborn_care_clinical_competencies,,checkbox,Who can prescribe care?,"1, General Medical Doctor | 7, Pediatrician | 8, Neonatologist | 3, General Nurse | 41, Pediatric Nurse | 42, Neonatal Nurse | 5, Clinical Officer | 99, Other <i>(specify below)</i>",,,,,,[hr_sf_cdr_tx] = '1',,,,,,
hr_sf_cdr_tx_st_oth,hfa_newborn_care_clinical_competencies,,text,Please specify other cadre that can prescribe care:,,,,,,,[hr_sf_cdr_tx_st(99)] = '1',,,,,,
hr_sf_cdr_tx_do,hfa_newborn_care_clinical_competencies,,checkbox,Who can provide care?,"1, General Medical Doctor | 7, Pediatrician | 8, Neonatologist | 3, General Nurse | 41, Pediatric Nurse | 42, Neonatal Nurse | 5, Clinical Officer | 99, Other <i>(specify below)</i>",,,,,,[hr_sf_cdr_tx] = '1',,,,,,
hr_sf_cdr_tx_do_oth,hfa_newborn_care_clinical_competencies,,text,Please specify other cadre that can provide care:,,,,,,,[hr_sf_cdr_tx_do(99)] = '1',,,,,,
hr_sf_fin_hed,hfa_newborn_care_clinical_competencies,,descriptive,"<div class=""h4"" style=""background-color:#82cdbf;padding:10px"">Newborn Services Pricing</div>",,,,,,,,,,,,,
hr_sf_fin_fre,hfa_newborn_care_clinical_competencies,,yesno,Are any newborn services provided free at the point of care?,,,,,,,,y,,,,,
hr_sf_fin_fre_typ,hfa_newborn_care_clinical_competencies,,checkbox,Which newborn services are provided free at the point of care? <i>(select all that apply)</i>,"0, None | 2, PMTCT services | 3, Resuscitation of newborn with bag and mask | 4, Support for breastfeeding | 5, Treatment for hypoglycemia to a newborn | 6, Kangaroo Mother Care (KMC) | 7, Administration of oxygen to a newborn | 8, Total parenteral feeding to a newborn | 9, Phototherapy light treatment to a newborn | 10, Antibiotics for neonatal infections | 11, Parenteral anticonvulsants to a newborn | 27, IV fluids to a newborn | 12, IV fluids using a syringe pump to a newborn | 13, Management of neonatal encephalopathy | 14, Treatment for congenital syphilis | 15, Treatment for anaemia to a newborn | 16, CPAP treatment to a newborn | 17, Mechanical ventilation to a newborn | 18, Blood transfusion for a newborn | 19, Follow-up for retinopathy of prematurity | 20, Pre- and post-neonatal surgical care | 21, Thermal protection to a newborn | 22, Palliative care to a newborn | 23, Treatment for congenital abnormalities | 24, Treatment for ophthalmia neonatorum | 25, Treatment for necrotizing enterocolitis to a newborn | 26, Treatment for intraventricular hemorrhage to a newborn",,,,,,[hr_sf_fin_fre] = '1',,RV,,,,
hr_sf_fin_pri,hfa_newborn_care_clinical_competencies,,yesno,Are prices of treatments and services displayed publicly anywhere in the hospital?,,,,,,,,y,,,,,
hr_sf_fin_cons_gui,hfa_newborn_care_clinical_competencies,,yesno,"Is there a policy that families are expected to find and buy consumables for any interventions, lab tests, or procedures for newborns on the neonatal unit?",,,,,,,,,,,,,
hr_sf_fin_cons,hfa_newborn_care_clinical_competencies,,yesno,"Are families expected to find and buy consumables for any interventions, lab tests, or procedures for newborns on the neonatal unit?",,"For example, if the facility has stockouts.",,,,,,,,,,,
hr_sf_hed_7,hfa_newborn_care_clinical_competencies,,descriptive,"<div class=""h4"" style=""background-color:#82cdbf;padding:10px"">Signal Functions Performed in the Last 4 Weeks</div>",,,,,,,,,,,,,
hr_sf_ins_2,hfa_newborn_care_clinical_competencies,,descriptive,"<p style=""font-weight:normal""><i><b>INSTRUCTIONS:</b> Direct these questions to the nurse in charge. Read the question and answer options out loud. Do not leave any items blank. </i></p>",,,,,,,,,,,,,
hr_sf_ipc_hed_1,hfa_newborn_care_clinical_competencies,,descriptive,"<div style=""background-color:#fbd0c1;padding:5px"">Infection Control</div>",,,,,,,,,,,,,
hr_sf_ipc_4wk,hfa_newborn_care_clinical_competencies,,yesno,Do all healthcare workers always wash their hands with soap or use hand sanitizer before and after handling each baby?  ,,,,,,,,y,RV,,,,
hr_sf_ipc,hfa_newborn_care_clinical_competencies,,checkbox,"If healthcare workers sometimes or never wash their hands with soap or use hand sanitizer before and after handling each baby, what prevents them from doing it all the time?","0, No challenges | 1, Lack of soap | 2, Lack of running water | 3, Lack of sinks | 4, Sinks too far away | 5, Lack of towels | 6, Training needed | 7, Not enough time/too many patients | 8, Unmotivated | 9, Unsupportive Management",Select all that apply.,,,,,,y,,,,, @NONEOFTHEABOVE=0
hr_sf_enc_hed_1,hfa_newborn_care_clinical_competencies,,descriptive,"<div style=""background-color:#fbd0c1;padding:5px"">Supporting Mothers to Exclusively Breastfeed </div>",,,,,,,,,,,,,
hr_sf_enc_4wk,hfa_newborn_care_clinical_competencies,,yesno,Have mothers been supported in exclusive breastfeeding in the last 4 weeks?,,,,,,,,y,RV,,,,
hr_sf_enc,hfa_newborn_care_clinical_competencies,,checkbox,What are the challenges you faced in the last 4 weeks in supporting mothers to exclusively breastfeed?,"0, No challenges | 1, Restricted neonatal unit visitation hours | 2, Lack of any space to express/breastfeed | 3, Training needed | 4, Lack of expressing supplies or equipment | 5, Unsupportive management | 6, Declined by family/consent not given | 7, Not enough time/too many patients",Select all that apply.,,,,,,y,,,,, @NONEOFTHEABOVE=0
hr_sf_rs_hed_1,hfa_newborn_care_clinical_competencies,,descriptive,"<div style=""background-color:#fbd0c1;padding:5px"">Resuscitation with Bag and Mask</div>",,,,,,,,,,,,,
hr_sf_rs_4wk,hfa_newborn_care_clinical_competencies,,yesno,Has neonatal resuscitation with bag and mask been performed in the last 4 weeks? ,,,,,,,,y,RV,,,,
hr_sf_rs,hfa_newborn_care_clinical_competencies,,checkbox,What are the challenges you faced in the last 4 weeks in providing neonatal resuscitation with bag and mask to <b>every newborn</b> who needed it?,"0, No challenges | 1, No babies required treatment | 2, Not enough time/too many patients | 3, Training needed | 4, Lack of supplies, equipment, drugs | 5, Unsupportive management",Select all that apply.,,,,,,y,,,,, @NONEOFTHEABOVE=0
hr_sf_hypo_hed_1,hfa_newborn_care_clinical_competencies,,descriptive,"<div style=""background-color:#fbd0c1;padding:5px"">Hypoglycemia</div>",,,,,,,,,,,,,
hr_sf_hypo_4wk,hfa_newborn_care_clinical_competencies,,yesno,Has hypoglycemia treatment been provided to neonates in the last 4 weeks?,,,,,,,,y,RV,,,,
hr_sf_hypo,hfa_newborn_care_clinical_competencies,,checkbox,What are the challenges you faced in the last 4 weeks in providing hypoglycemia treatment to <b>every newborn</b> who needed it?,"0, No challenges | 1, No babies required treatment | 2, Not enough time/too many patients | 3, Training needed | 4, Lack of supplies, equipment, drugs | 7, Lack of power/backup power for equipment | 5, Unsupportive management | 6, Declined by family/consent not given",Select all that apply.,,,,,,y,,,,, @NONEOFTHEABOVE=0
hr_sf_kmc_hed_1,hfa_newborn_care_clinical_competencies,,descriptive,"<div style=""background-color:#fbd0c1;padding:5px"">Kangaroo Mother Care (KMC)</div>",,,,,,,,,,,,,
hr_sf_kmc_4wk,hfa_newborn_care_clinical_competencies,,yesno,Has support for KMC been provided to mothers/caretakers in the last 4 weeks? ,,Caretakers could include fathers or any other family members providing KMC.,,,,,,y,RV,,,,
hr_sf_kmc,hfa_newborn_care_clinical_competencies,,checkbox,What are the challenges you faced in the last 4 weeks in providing support for KMC to <b>every newborn</b> who needed it?,"0, No challenges | 1, No babies required treatment | 2, Not enough time/too many patients | 3, Training needed | 4, No or not enough space designated for KMC | 5, Lack of KMC beds | 6, Unsupportive management | 7, Declined by family/consent not given",Select all that apply.,,,,,,y,,,,, @NONEOFTHEABOVE=0
hr_sf_kmc_wt_4wk,hfa_newborn_care_clinical_competencies,,yesno,Has support for KMC for all stable babies up to 2500 grams been provided to mothers/caretakers in the last 4 weeks? ,,Caretakers could include fathers or any other family members providing KMC.,,,,,,y,RV,,,,
hr_sf_kmc_wt,hfa_newborn_care_clinical_competencies,,checkbox,What are the challenges you faced in providing KMC for <b>every stable newborn up to 2500 grams</b>?,"0, No challenges | 1, No babies required treatment | 2, Not enough time/too many patients | 3, Training needed | 4, No or not enough space designated for KMC | 5, Lack of KMC beds | 6, Unsupportive management | 7, Declined by family/consent not given",Select all that apply.,,,,,,y,,,,, @NONEOFTHEABOVE=0
hr_sf_ikmc_4wk,hfa_newborn_care_clinical_competencies,,yesno,"Has support for iKMC, including KMC prior to stability, been provided to mothers/caretakers in the last 4 weeks? ",,Caretakers could include fathers or any other family members providing KMC.,,,,,,y,RV,,,,
hr_sf_ikmc,hfa_newborn_care_clinical_competencies,,checkbox,"What are the challenges you faced in the last 4 weeks in providing support for iKMC, including KMC prior to stability, to <b>every newborn</b> who needed it?","0, No challenges | 1, No babies required treatment | 2, Not enough time/too many patients | 3, Training needed | 4, No or not enough space designated for KMC | 5, Lack of KMC beds | 6, Unsupportive management | 7, Declined by family/consent not given",Select all that apply.,,,,,,y,,,,, @NONEOFTHEABOVE=0
hr_sf_kmc_cp_4wk,hfa_newborn_care_clinical_competencies,,yesno,Has KMC been provided to any baby at the same time as CPAP in the last 4 weeks? ,,,,,,,,y,RV,,,,
hr_sf_kmc_cp,hfa_newborn_care_clinical_competencies,,checkbox,What are the challenges you faced in the last 4 weeks in providing support for KMC at the same time as CPAP to <b>every newborn</b> who needed it?,"0, No challenges | 1, No babies required treatment | 2, Not enough time/too many patients | 3, Training needed | 4, No or not enough space designated for KMC | 5, Lack of KMC beds | 6, Unsupportive management | 7, Declined by family/consent not given",Select all that apply.,,,,,,y,,,,, @NONEOFTHEABOVE=0
hr_sf_tmp_hed_1,hfa_newborn_care_clinical_competencies,,descriptive,"<div style=""background-color:#fbd0c1;padding:5px"">Thermal Protection</div>",,,,,,,,,,,,,
hr_sf_tmp_4wk,hfa_newborn_care_clinical_competencies,,yesno,Has thermal protection been provided to neonates in the last 4 weeks?,,,,,,,,y,RV,,,,
hr_sf_tmp,hfa_newborn_care_clinical_competencies,,checkbox,What are the challenges you faced in the last 4 weeks in providing thermal protection to <b>every newborn</b> who needed it?,"0, No challenges | 1, No babies required treatment | 2, Not enough time/too many patients | 3, Training needed | 4, Lack of supplies, equipment, drugs | 7, Lack of power/backup power for equipment | 5, Unsupportive management | 6, Declined by family/consent not given",Select all that apply.,,,,,,y,,,,, @NONEOFTHEABOVE=0
hr_sf_o2_hed_1,hfa_newborn_care_clinical_competencies,,descriptive,"<div style=""background-color:#fbd0c1;padding:5px"">Administration of Oxygen</div>",,,,,,,,,,,,,
hr_sf_o2_4wk,hfa_newborn_care_clinical_competencies,,yesno,Has oxygen been administered to neonates in the last 4 weeks?,,,,,,,,y,RV,,,,
hr_sf_o2,hfa_newborn_care_clinical_competencies,,checkbox,What are the challenges you faced in the last 4 weeks in administering oxygen to <b>every newborn</b> who needed it?,"0, No challenges | 1, No babies required treatment | 2, Not enough time/too many patients | 3, Training needed | 4, Lack of oxygen | 5, Faulty oxygen concentrators/cylinders/wall ports | 6, Lack of oxygen supply accessories | 9, Lack of power/backup power for equipment | 7, Unsupportive management | 8, Declined by family/consent not given",Select all that apply.,,,,,,y,,,,, @NONEOFTHEABOVE=0
hr_sf_fed_hed_1,hfa_newborn_care_clinical_competencies,,descriptive,"<div style=""background-color:#fbd0c1;padding:5px"">Alternative Feeding</div>",,,,,,,,,,,,,
hr_sf_fed_4wk,hfa_newborn_care_clinical_competencies,,yesno,Has alternative feeding (breast milk substitute) been provided to neonates in the last 4 weeks?,,,,,,,,y,RV,,,,
hr_sf_fed,hfa_newborn_care_clinical_competencies,,checkbox,What are the challenges you faced in the last 4 weeks in providing alternative feeding to <b>every newborn</b> who needed it?,"0, No challenges | 1, No babies required treatment | 2, Not enough time/too many patients | 3, Training needed | 4, Lack of supplies to support feeding | 5, Unsupportive management | 6, Declined by family/consent not given",Select all that apply.,,,,,,y,,,,, @NONEOFTHEABOVE=0
hr_sf_pt_hed_1,hfa_newborn_care_clinical_competencies,,descriptive,"<div style=""background-color:#fbd0c1;padding:5px"">Phototherapy</div>",,,,,,,,,,,,,
hr_sf_pt_4wk,hfa_newborn_care_clinical_competencies,,yesno,Has phototherapy treatment been provided to neonates in the last 4 weeks?,,,,,,,,y,RV,,,,
hr_sf_pt,hfa_newborn_care_clinical_competencies,,checkbox,What are the challenges you faced in the last 4 weeks in providing phototherapy treatment to <b>every newborn</b> who needed it?,"0, No challenges | 1, No babies required treatment | 2, Not enough time/too many patients | 3, Training needed | 4, Lack of supplies or equipment | 7, Lack of power/backup power for equipment | 5, Unsupportive management | 6, Declined by family/consent not given",Select all that apply.,,,,,,y,,,,, @NONEOFTHEABOVE=0
hr_sf_abx_hed_1,hfa_newborn_care_clinical_competencies,,descriptive,"<div style=""background-color:#fbd0c1;padding:5px"">Infection Treatment</div>",,,,,,,,,,,,,
hr_sf_abx_4wk,hfa_newborn_care_clinical_competencies,,yesno,"Have antibiotics, guided by culture report, been administered to a neonate in the last 4 weeks?",,,,,,,,y,RV,,,,
hr_sf_abx,hfa_newborn_care_clinical_competencies,,checkbox,"What are the challenges you faced in the last 4 weeks in providing antibiotics, guided by culture report, to <b>every newborn</b> who needed it?","0, No challenges | 1, No babies required treatment | 2, Not enough time/too many patients | 3, Training needed | 4, Lack of drugs | 5, Unsupportive management | 6, Lack of lab capacity or lab supplies | 9, Lack of power/backup power for equipment | 7, Lack of communication between lab and neonatal unit | 8, Declined by family/consent not given",Select all that apply.,,,,,,y,,,,, @NONEOFTHEABOVE=0
hr_sf_aed_hed_1,hfa_newborn_care_clinical_competencies,,descriptive,"<div style=""background-color:#fbd0c1;padding:5px"">Seizure Management</div>",,,,,,,,,,,,,
hr_sf_aed_4wk,hfa_newborn_care_clinical_competencies,,yesno,Have anticonvulsants been administered to neonates in the last 4 weeks?,,,,,,,,y,RV,,,,
hr_sf_aed,hfa_newborn_care_clinical_competencies,,checkbox,What are the challenges you faced in the last 4 weeks in administering anticonvulsants to <b>every newborn</b> who needed it?,"0, No challenges | 1, No babies required treatment | 2, Not enough time/too many patients | 3, Training needed | 4, Lack of drugs | 5, Unsupportive management | 6, Declined by family/consent not given",Select all that apply.,,,,,,y,,,,, @NONEOFTHEABOVE=0
hr_sf_iv_hed_1,hfa_newborn_care_clinical_competencies,,descriptive,"<div style=""background-color:#fbd0c1;padding:5px"">Administration of IV Fluids</div>",,,,,,,,,,,,,
hr_sf_iv_4wk,hfa_newborn_care_clinical_competencies,,yesno,Have IV fluids been administered to neonates in the last 4 weeks?,,,,,,,,y,RV,,,,
hr_sf_iv,hfa_newborn_care_clinical_competencies,,checkbox,What are the challenges you faced in the last 4 weeks in administering IV fluids to <b>every newborn</b> who needed it?,"0, No challenges | 1, No babies required treatment | 2, Not enough time/too many patients | 3, Training needed | 4, Lack of IV fluids | 5, Lack of supplies or equipment | 9, Lack of power/backup power for equipment | 6, No guidelines | 7, Unsupportive management | 8, Declined by family/consent not given",Select all that apply.,,,,,,y,,,,, @NONEOFTHEABOVE=0
hr_sf_cp_hed_1,hfa_newborn_care_clinical_competencies,,descriptive,"<div style=""background-color:#fbd0c1;padding:5px"">Continuous Positive Airway Pressure (CPAP)</div>",,,,,,,,,,,,,
hr_sf_cp_4wk,hfa_newborn_care_clinical_competencies,,yesno,Has CPAP been provided to neonates in the last 4 weeks?,,,,,,,,y,RV,,,,
hr_sf_cp,hfa_newborn_care_clinical_competencies,,checkbox,What are the challenges you faced in the last 4 weeks in providing CPAP to <b>every newborn</b> who needed it?,"0, No challenges | 1, No babies required treatment | 2, Not enough time/too many patients | 3, Training needed | 4, Lack of supplies or equipment | 7, Lack of power/backup power for equipment | 5, Unsupportive management | 6, Declined by family/consent not given",Select all that apply.,,,,,,y,,,,, @NONEOFTHEABOVE=0
hr_sf_abn_hed_1,hfa_newborn_care_clinical_competencies,,descriptive,"<div style=""background-color:#fbd0c1;padding:5px"">Congenital Abnormalities</div>",,,,,,,,,,,,,
hr_sf_abn_4wk,hfa_newborn_care_clinical_competencies,,yesno,Has there been assessment and/or management of congenital abnormalities in the last 4 weeks?,,,,,,,,y,RV,,,,
hr_sf_abn,hfa_newborn_care_clinical_competencies,,checkbox,What are the challenges you faced in the last 4 weeks in providing assessment and/or management of congenital abnormalities to <b>every newborn</b> who needed it?,"0, No challenges | 1, No babies required treatment | 2, Not enough time/too many patients | 3, Training needed | 4, Lack of supplies or equipment | 7, Lack of power/backup power for equipment | 5, Unsupportive management | 6, Declined by family/consent not given",Select all that apply.,,,,,,y,,,,, @NONEOFTHEABOVE=0
hr_sf_tx_hed_1,hfa_newborn_care_clinical_competencies,,descriptive,"<div style=""background-color:#fbd0c1;padding:5px"">Blood/Exchange Transfusion</div>",,,,,,,,,,,,,
hr_sf_tx_4wk,hfa_newborn_care_clinical_competencies,,yesno,Have blood/exchange transfusions been provided to neonates in the last 4 weeks?,,,,,,,,y,RV,,,,
hr_sf_tx,hfa_newborn_care_clinical_competencies,,checkbox,What are the challenges you faced in the last 4 weeks in providing blood/exchange transfusions to <b>every newborn</b> who needed it?,"0, No challenges | 1, No babies required treatment | 2, Not enough time/too many patients | 3, Training needed | 4, Lack of supplies, equipment, drugs | 7, Lack of power/backup power for equipment | 5, Unsupportive management | 6, Declined by family/consent not given",Select all that apply.,,,,,,y,,,,, @NONEOFTHEABOVE=0
hr_sf_hie_hed_1,hfa_newborn_care_clinical_competencies,,descriptive,"<div style=""background-color:#fbd0c1;padding:5px"">Neonatal Encephalopathy</div>",,,,,,,,,,,,,
hr_sf_hie_4wk,hfa_newborn_care_clinical_competencies,,yesno,Has there been assessment and/or management of neonatal encephalopathy in the last 4 weeks?,,,,,,,,y,RV,,,,
hr_sf_hie,hfa_newborn_care_clinical_competencies,,checkbox,What are the challenges you faced in the last 4 weeks in providing assessment and/or management of neonatal encephalopathy to <b>every newborn</b> who needed it?,"0, No challenges | 1, No babies required treatment | 2, Not enough time/too many patients | 3, Training needed | 4, Lack of supplies, equipment, drugs | 7, Lack of power/backup power for equipment | 5, Unsupportive management | 6, Declined by family/consent not given",Select all that apply.,,,,,,y,,,,, @NONEOFTHEABOVE=0
hr_sf_hed_8,hfa_newborn_care_clinical_competencies,,descriptive,"<div style=""background-color:#82cdbf; padding:5px""></div>",,,,,,,,,,,,,
hr_sf_com,hfa_newborn_care_clinical_competencies,,notes,Comments:,,,,,,,,,,,,,
hr_kw_hed_1,hfa_clinical_experience_and_training,,descriptive,"<div style=""background-color:#82cdbf; padding:5px""></div>",,,,,,,,,,,,,
hr_kw_ban_1,hfa_clinical_experience_and_training,,descriptive,,,,,,,,,,,,,,
hr_kw_hed_2,hfa_clinical_experience_and_training,,descriptive,"<div class=""h4"" style=""background-color:#82cdbf;padding:10px"">Supervisory Support, Motivation, and Training</div>",,,,,,,,,,,,,
hr_kw_ins_1,hfa_clinical_experience_and_training,,descriptive,"<p style=""font-weight:normal""><i><b>INSTRUCTIONS:</b> Direct these questions to the nurse in charge. </i></p>",,,,,,,,,,,,,
hr_kw_hed_3,hfa_clinical_experience_and_training,,descriptive,"<div style=""background-color:#82cdbf; padding:5px"">Respondent</div>",,,,,,,,,,,,,
hr_kw_rp_nam,hfa_clinical_experience_and_training,,text,Respondent Name (First and Last):,,,,,,y,,y,,,,,
hr_kw_rp_pos_new,hfa_clinical_experience_and_training,,radio,Respondent Position:,"3, General Nurse | 41, Pediatric Nurse | 42, Neonatal Nurse | 2, Nurse (In Charge) | 5, Clinical Officer | 1, General Medical Doctor | 7, Pediatrician | 8, Neonatologist | 99, Other <i>(please specify)</i>",,,,,,,y,,,,,
hr_kw_rp_othpos,hfa_clinical_experience_and_training,,text,"If other position, please specify: ",,,,,,,[hr_kw_rp_pos_new] = '99',,,,,,
hr_kw_hed_4,hfa_clinical_experience_and_training,,descriptive,"<div style=""background-color:#82cdbf; padding:5px"">Clinical Experience and Training</div>",,,,,,,,,,,,,
hr_kw_ins_2,hfa_clinical_experience_and_training,,descriptive,"<p style=""font-weight:normal""><i><b>INSTRUCTIONS:</b> Direct these questions to the nurse in charge. The following section asks about the experience and training of the respondent regarding various services typically provided to newborns. <b>""Pre-service training""</b> is defined as any training received before beginning formal work, generally during college or a certification process. <b>""On the job training""</b> is defined as any training undertaken while you are doing the job, including mentorship, informal training, shadowing and side-by-side work. <b>""A formal in-service course""</b> is defined as any formal training undertaken during your employment period, but not while you are at work. This could include any offsite or onsite training course. </i></p>",,,,,,,,,,,,,
hr_kw_bmlk_hed,hfa_clinical_experience_and_training,,descriptive,"<div style=""background-color:#fbd0c1;padding:5px;text-indent:1em"">Breastfeeding Support</div>",,,,,,,,,,,,,
hr_kw_bmlk_ptrn,hfa_clinical_experience_and_training,,radio,Were you trained <u>during pre-service training</u> on how to provide breastfeeding support?,"1, Yes|0, No",,,,,,,y,RH,,hr_kw_bmlk,,
hr_kw_bmlk_crs_new,hfa_clinical_experience_and_training,,radio,Have you in the past 5 years received <u>a formal in-service course</u> on how to provide breastfeeding support?,"1, Yes|0, No",,,,,,,y,RH,,hr_kw_bmlk,,
hr_kw_bmlk_trn_new,hfa_clinical_experience_and_training,,radio,Have you in the past 5 years received <u>on the job training</u> on how to provide breastfeeding support?,"1, Yes|0, No",,,,,,,y,RH,,hr_kw_bmlk,,
hr_kw_bmlk_4wk,hfa_clinical_experience_and_training,,radio,Did you provide this service at this facility in the last 4 weeks?,"1, Yes|0, No",,,,,,,y,RH,,hr_kw_bmlk,,
hr_kw_rs_hed,hfa_clinical_experience_and_training,,descriptive,"<div style=""background-color:#fbd0c1;padding:5px;text-indent:1em"">Newborn Resuscitation</div>",,,,,,,,,,,,,
hr_kw_rs_ptrn,hfa_clinical_experience_and_training,,radio,Were you trained <u>during pre-service training</u> on how to resuscitate a newborn with bag and mask?,"1, Yes|0, No",,,,,,,y,RH,,hr_kw_rs,,
hr_kw_rs_crs_new,hfa_clinical_experience_and_training,,radio,Have you in the past 5 years received <u>a formal in-service course</u> on how to resuscitate a newborn with bag and mask?,"1, Yes|0, No",,,,,,,y,RH,,hr_kw_rs,,
hr_kw_rs_trn_new,hfa_clinical_experience_and_training,,radio,Have you in the past 5 years received <u>on the job training</u> on how to resuscitate a newborn with bag and mask?,"1, Yes|0, No",,,,,,,y,RH,,hr_kw_rs,,
hr_kw_rs_4wk,hfa_clinical_experience_and_training,,radio,Did you provide this service at this facility in the last 4 weeks?,"1, Yes|0, No",,,,,,,y,RH,,hr_kw_rs,,
hr_kw_hypo_hed,hfa_clinical_experience_and_training,,descriptive,"<div style=""background-color:#fbd0c1;padding:5px;text-indent:1em"">Hypoglycemia Treatment</div>",,,,,,,,,,,,,
hr_kw_hypo_ptrn,hfa_clinical_experience_and_training,,radio,Were you trained <u>during pre-service training</u> on how to treat newborn for hypoglycemia?,"1, Yes|0, No",,,,,,,y,RH,,hr_kw_hypo,,
hr_kw_hypo_crs_new,hfa_clinical_experience_and_training,,radio,Have you in the past 5 years received <u>a formal in-service course</u> on how to treat a newborn for hypoglycemia?,"1, Yes|0, No",,,,,,,y,RH,,hr_kw_hypo,,
hr_kw_hypo_trn_new,hfa_clinical_experience_and_training,,radio,Have you in the past 5 years received <u>on the job training</u> on how to treat a newborn for hypoglycemia?,"1, Yes|0, No",,,,,,,y,RH,,hr_kw_hypo,,
hr_kw_hypo_4wk,hfa_clinical_experience_and_training,,radio,Did you provide this service at this facility in the last 4 weeks?,"1, Yes|0, No",,,,,,,y,RH,,hr_kw_hypo,,
hr_kw_kmc_hed,hfa_clinical_experience_and_training,,descriptive,"<div style=""background-color:#fbd0c1;padding:5px;text-indent:1em"">Kangaroo Mother Care (KMC)</div>",,,,,,,,,,,,,
hr_kw_kmc_ptrn,hfa_clinical_experience_and_training,,radio,Were you trained <u>during pre-service training</u> on how to provide support to mothers/caretakers for kangaroo mother care (KMC)?,"1, Yes|0, No",Caretakers could include fathers or any other family members providing KMC.,,,,,,y,RH,,hr_kw_kmc,,
hr_kw_kmc_crs_new,hfa_clinical_experience_and_training,,radio,Have you in the past 5 years received <u>a formal in-service course</u> on how to provide support to mothers/caretakers for kangaroo mother care (KMC)?,"1, Yes|0, No",Caretakers could include fathers or any other family members providing KMC.,,,,,,y,RH,,hr_kw_kmc,,
hr_kw_kmc_trn_new,hfa_clinical_experience_and_training,,radio,Have you in the past 5 years received <u>on the job training</u> on how to provide support to mothers/caretakers for kangaroo mother care (KMC)?,"1, Yes|0, No",Caretakers could include fathers or any other family members providing KMC.,,,,,,y,RH,,hr_kw_kmc,,
hr_kw_kmc_4wk,hfa_clinical_experience_and_training,,radio,Did you provide this service at this facility in the last 4 weeks?,"1, Yes|0, No",,,,,,,y,RH,,hr_kw_kmc,,
hr_kw_ikmc_hed,hfa_clinical_experience_and_training,,descriptive,"<div style=""background-color:#fbd0c1;padding:5px;text-indent:1em"">Immediate Kangaroo Mother Care (iKMC)</div>",,,,,,,,,,,,,
hr_kw_ikmc_ptrn,hfa_clinical_experience_and_training,,radio,"Were you trained <u>during pre-service training</u> on how to provide support to mothers/caretakers for immediate kangaroo mother care (iKMC), including KMC prior to stability?","1, Yes|0, No",Caretakers could include fathers or any other family members providing KMC.,,,,,,y,RH,,hr_kw_ikmc,,
hr_kw_ikmc_crs_new,hfa_clinical_experience_and_training,,radio,"Have you in the past 5 years received <u>a formal in-service course</u> on how to provide support to mothers/caretakers for immediate kangaroo mother care (iKMC), including KMC prior to stability?","1, Yes|0, No",Caretakers could include fathers or any other family members providing KMC.,,,,,,y,RH,,hr_kw_ikmc,,
hr_kw_ikmc_trn_new,hfa_clinical_experience_and_training,,radio,"Have you in the past 5 years received <u>on the job training</u> on how to provide support to mothers/caretakers for immediate kangaroo mother care (iKMC), including KMC prior to stability?","1, Yes|0, No",Caretakers could include fathers or any other family members providing KMC.,,,,,,y,RH,,hr_kw_ikmc,,
hr_kw_ikmc_4wk,hfa_clinical_experience_and_training,,radio,Did you provide this service at this facility in the last 4 weeks?,"1, Yes|0, No",,,,,,,y,RH,,hr_kw_ikmc,,
hr_kw_pmtct_hed,hfa_clinical_experience_and_training,,descriptive,"<div style=""background-color:#fbd0c1;padding:5px;text-indent:1em"">Provide HIV Antiretrovirals</div>",,,,,,,,,,,,,
hr_kw_pmtct_ptrn,hfa_clinical_experience_and_training,,radio,Were you trained <u>during pre-service training</u> on how to provide antiretrovirals in order to prevent mother to child transmission?,"1, Yes|0, No",,,,,,,y,RH,,hr_kw_pmtct,,
hr_kw_pmtct_crs_new,hfa_clinical_experience_and_training,,radio,Have you in the past 5 years received <u>a formal in-service course</u> on how to provide antiretrovirals in order to prevent mother to child transmission?,"1, Yes|0, No",,,,,,,y,RH,,hr_kw_pmtct,,
hr_kw_pmtct_trn_new,hfa_clinical_experience_and_training,,radio,Have you in the past 5 years received <u>on the job training</u> on how to provide antiretrovirals in order to prevent mother to child transmission?,"1, Yes|0, No",,,,,,,y,RH,,hr_kw_pmtct,,
hr_kw_pmtct_4wk,hfa_clinical_experience_and_training,,radio,Did you provide this service at this facility in the last 4 weeks?,"1, Yes|0, No",,,,,,,y,RH,,hr_kw_pmtct,,
hr_kw_o2_hed,hfa_clinical_experience_and_training,,descriptive,"<div style=""background-color:#fbd0c1;padding:5px;text-indent:1em"">Oxygen</div>",,,,,,,,,,,,,
hr_kw_o2_ptrn,hfa_clinical_experience_and_training,,radio,Were you trained <u>during pre-service training</u> on how to provide oxygen to newborns?,"1, Yes|0, No",,,,,,,y,RH,,hr_kw_o2,,
hr_kw_o2_crs_new,hfa_clinical_experience_and_training,,radio,Have you in the past 5 years received <u>a formal in-service course</u> on how to provide oxygen to newborns?,"1, Yes|0, No",,,,,,,y,RH,,hr_kw_o2,,
hr_kw_o2_trn_new,hfa_clinical_experience_and_training,,radio,Have you in the past 5 years received <u>on the job training</u> on how to provide oxygen to newborns?,"1, Yes|0, No",,,,,,,y,RH,,hr_kw_o2,,
hr_kw_o2_4wk,hfa_clinical_experience_and_training,,radio,Did you provide this service at this facility in the last 4 weeks?,"1, Yes|0, No",,,,,,,y,RH,,hr_kw_o2,,
hr_kw_fed_hed,hfa_clinical_experience_and_training,,descriptive,"<div style=""background-color:#fbd0c1;padding:5px;text-indent:1em"">Alternative Feeding</div>",,,,,,,,,,,,,
hr_kw_fed_ptrn,hfa_clinical_experience_and_training,,radio,Were you trained <u>during pre-service training</u> on how to provide alternative feeding to newborns?,"1, Yes|0, No",,,,,,,y,RH,,hr_kw_fed,,
hr_kw_fed_crs_new,hfa_clinical_experience_and_training,,radio,Have you in the past 5 years received <u>a formal in-service course</u> on how to provide alternative feeding to newborns?,"1, Yes|0, No",,,,,,,y,RH,,hr_kw_fed,,
hr_kw_fed_trn_new,hfa_clinical_experience_and_training,,radio,Have you in the past 5 years received <u>on the job training</u> on how to provide alternative feeding to newborns?,"1, Yes|0, No",,,,,,,y,RH,,hr_kw_fed,,
hr_kw_fed_4wk,hfa_clinical_experience_and_training,,radio,Did you provide this service at this facility in the last 4 weeks?,"1, Yes|0, No",,,,,,,y,RH,,hr_kw_fed,,
hr_kw_pt_hed,hfa_clinical_experience_and_training,,descriptive,"<div style=""background-color:#fbd0c1;padding:5px;text-indent:1em"">Phototherapy</div>",,,,,,,,,,,,,
hr_kw_pt_ptrn,hfa_clinical_experience_and_training,,radio,Were you trained <u>during pre-service training</u> on how to provide phototherapy to newborns?,"1, Yes|0, No",,,,,,,y,RH,,hr_kw_pt,,
hr_kw_pt_crs_new,hfa_clinical_experience_and_training,,radio,Have you in the past 5 years received <u>a formal in-service course</u> on how to provide phototherapy to newborns?,"1, Yes|0, No",,,,,,,y,RH,,hr_kw_pt,,
hr_kw_pt_trn_new,hfa_clinical_experience_and_training,,radio,Have you in the past 5 years received <u>on the job training</u> on how to provide phototherapy to newborns?,"1, Yes|0, No",,,,,,,y,RH,,hr_kw_pt,,
hr_kw_pt_4wk,hfa_clinical_experience_and_training,,radio,Did you provide this service at this facility in the last 4 weeks?,"1, Yes|0, No",,,,,,,y,RH,,hr_kw_pt,,
hr_kw_abx_hed,hfa_clinical_experience_and_training,,descriptive,"<div style=""background-color:#fbd0c1;padding:5px;text-indent:1em"">Antibiotic Treatment</div>",,,,,,,,,,,,,
hr_kw_abx_ptrn,hfa_clinical_experience_and_training,,radio,Were you trained <u>during pre-service training</u> on how to provide antibiotics for neonatal infections?,"1, Yes|0, No",,,,,,,y,RH,,hr_kw_abx,,
hr_kw_abx_crs_new,hfa_clinical_experience_and_training,,radio,Have you in the past 5 years received <u>a formal in-service course</u> on how to provide antibiotics for neonatal infections?,"1, Yes|0, No",,,,,,,y,RH,,hr_kw_abx,,
hr_kw_abx_trn_new,hfa_clinical_experience_and_training,,radio,Have you in the past 5 years received <u>on the job training</u> on how to provide antibiotics for neonatal infections?,"1, Yes|0, No",,,,,,,y,RH,,hr_kw_abx,,
hr_kw_abx_4wk,hfa_clinical_experience_and_training,,radio,Did you provide this service at this facility in the last 4 weeks?,"1, Yes|0, No",,,,,,,y,RH,,hr_kw_abx,,
hr_kw_seiz_hed,hfa_clinical_experience_and_training,,descriptive,"<div style=""background-color:#fbd0c1;padding:5px;text-indent:1em"">Seizure Management</div>",,,,,,,,,,,,,
hr_kw_seiz_ptrn,hfa_clinical_experience_and_training,,radio,Were you trained <u>during pre-service training</u> on how to manage newborn seizures?,"1, Yes|0, No",,,,,,,y,RH,,hr_kw_seiz,,
hr_kw_seiz_crs_new,hfa_clinical_experience_and_training,,radio,Have you in the past 5 years received <u>a formal in-service course</u> on how to manage newborn seizures?,"1, Yes|0, No",,,,,,,y,RH,,hr_kw_seiz,,
hr_kw_seiz_trn_new,hfa_clinical_experience_and_training,,radio,Have you in the past 5 years received <u>on the job training</u> on how to manage newborn seizures?,"1, Yes|0, No",,,,,,,y,RH,,hr_kw_seiz,,
hr_kw_seiz_4wk,hfa_clinical_experience_and_training,,radio,Did you provide this service at this facility in the last 4 weeks?,"1, Yes|0, No",,,,,,,y,RH,,hr_kw_seiz,,
hr_kw_iv_hed,hfa_clinical_experience_and_training,,descriptive,"<div style=""background-color:#fbd0c1;padding:5px;text-indent:1em"">Intravenous Fluids</div>",,,,,,,,,,,,,
hr_kw_iv_ptrn,hfa_clinical_experience_and_training,,radio,Were you trained <u>during pre-service training</u> on how to provide fluids intravenously to newborns?,"1, Yes|0, No",,,,,,,y,RH,,hr_kw_iv,,
hr_kw_iv_crs_new,hfa_clinical_experience_and_training,,radio,Have you in the past 5 years received <u>a formal in-service course</u> on how to provide fluids intravenously to newborns?,"1, Yes|0, No",,,,,,,y,RH,,hr_kw_iv,,
hr_kw_iv_trn_new,hfa_clinical_experience_and_training,,radio,Have you in the past 5 years received <u>on the job training</u> on how to provide fluids intravenously to newborns?,"1, Yes|0, No",,,,,,,y,RH,,hr_kw_iv,,
hr_kw_iv_4wk,hfa_clinical_experience_and_training,,radio,Did you provide this service at this facility in the last 4 weeks?,"1, Yes|0, No",,,,,,,y,RH,,hr_kw_iv,,
hr_kw_hie_hed,hfa_clinical_experience_and_training,,descriptive,"<div style=""background-color:#fbd0c1;padding:5px;text-indent:1em"">Neonatal Encephalopathy</div>",,,,,,,,,,,,,
hr_kw_hie_ptrn,hfa_clinical_experience_and_training,,radio,Were you trained <u>during pre-service training</u> on how to provide management for neonatal encephalopathy?,"1, Yes | 0, No",,,,,,,y,RH,,hr_kw_hie,,
hr_kw_hie_crs_new,hfa_clinical_experience_and_training,,radio,Have you in the past 5 years received <u>a formal in-service course</u> on how to provide management for neonatal encephalopathy?,"1, Yes | 0, No",,,,,,,y,RH,,hr_kw_hie,,
hr_kw_hie_trn_new,hfa_clinical_experience_and_training,,radio,Have you in the past 5 years received <u>on the job training</u> on how to provide management for neonatal encephalopathy?,"1, Yes | 0, No",,,,,,,y,RH,,hr_kw_hie,,
hr_kw_hie_4wk,hfa_clinical_experience_and_training,,radio,Did you provide this service at this facility in the last 4 weeks?,"1, Yes | 0, No",,,,,,,y,RH,,hr_kw_hie,,
hr_kw_syph_hed,hfa_clinical_experience_and_training,,descriptive,"<div style=""background-color:#fbd0c1;padding:5px;text-indent:1em"">Congenital Syphilis</div>",,,,,,,,,,,,,
hr_kw_syph_ptrn,hfa_clinical_experience_and_training,,radio,Were you trained <u>during pre-service training</u> on how to provide treatment for congenital syphilis?,"1, Yes | 0, No",,,,,,,y,RH,,hr_kw_syph,,
hr_kw_syph_crs_new,hfa_clinical_experience_and_training,,radio,Have you in the past 5 years received <u>a formal in-service course</u> on how to provide treatment for congenital syphilis?,"1, Yes | 0, No",,,,,,,y,RH,,hr_kw_syph,,
hr_kw_syph_trn_new,hfa_clinical_experience_and_training,,radio,Have you in the past 5 years received <u>on the job training</u> on how to provide treatment for congenital syphilis?,"1, Yes | 0, No",,,,,,,y,RH,,hr_kw_syph,,
hr_kw_syph_4wk,hfa_clinical_experience_and_training,,radio,Did you provide this service at this facility in the last 4 weeks?,"1, Yes | 0, No",,,,,,,y,RH,,hr_kw_syph,,
hr_kw_ane_hed,hfa_clinical_experience_and_training,,descriptive,"<div style=""background-color:#fbd0c1;padding:5px;text-indent:1em"">Anaemia</div>",,,,,,,,,,,,,
hr_kw_ane_ptrn,hfa_clinical_experience_and_training,,radio,Were you trained <u>during pre-service training</u> on how to provide treatment for anaemia to newborns?,"1, Yes | 0, No",,,,,,,y,RH,,hr_kw_ane,,
hr_kw_ane_crs_new,hfa_clinical_experience_and_training,,radio,Have you in the past 5 years received <u>a formal in-service course</u> on how to provide treatment for anaemia to newborns?,"1, Yes | 0, No",,,,,,,y,RH,,hr_kw_ane,,
hr_kw_ane_trn_new,hfa_clinical_experience_and_training,,radio,Have you in the past 5 years received <u>on the job training</u> on how to provide treatment for anaemia to newborns?,"1, Yes | 0, No",,,,,,,y,RH,,hr_kw_ane,,
hr_kw_ane_4wk,hfa_clinical_experience_and_training,,radio,Did you provide this service at this facility in the last 4 weeks?,"1, Yes | 0, No",,,,,,,y,RH,,hr_kw_ane,,
hr_kw_cp_hed,hfa_clinical_experience_and_training,,descriptive,"<div style=""background-color:#fbd0c1;padding:5px;text-indent:1em"">Continuous Positive Airway Pressure (CPAP)</div>",,,,,,,,,,,,,
hr_kw_cp_ptrn,hfa_clinical_experience_and_training,,radio,Were you trained <u>during pre-service training</u> on how to provide continuous positive airway pressure (CPAP) treatment to newborns?,"1, Yes|0, No",,,,,,,y,RH,,hr_kw_cp,,
hr_kw_cp_crs_new,hfa_clinical_experience_and_training,,radio,Have you in the past 5 years received <u>a formal in-service course</u> on how to provide continuous positive airway pressure (CPAP) treatment to newborns?,"1, Yes|0, No",,,,,,,y,RH,,hr_kw_cp,,
hr_kw_cp_trn_new,hfa_clinical_experience_and_training,,radio,Have you in the past 5 years received <u>on the job training</u> on how to provide continuous positive airway pressure (CPAP) treatment to newborns?,"1, Yes|0, No",,,,,,,y,RH,,hr_kw_cp,,
hr_kw_cp_4wk,hfa_clinical_experience_and_training,,radio,Did you provide this service at this facility in the last 4 weeks?,"1, Yes|0, No",,,,,,,y,RH,,hr_kw_cp,,
hr_kw_mv_hed,hfa_clinical_experience_and_training,,descriptive,"<div style=""background-color:#fbd0c1;padding:5px;text-indent:1em"">Mechanical Ventilation</div>",,,,,,,,,,,,,
hr_kw_mv_ptrn,hfa_clinical_experience_and_training,,radio,Were you trained <u>during pre-service training</u> on how to provide mechanical ventilation to newborns?,"1, Yes|0, No",,,,,,,y,RH,,hr_kw_mv,,
hr_kw_mv_crs_new,hfa_clinical_experience_and_training,,radio,Have you in the past 5 years received <u>a formal in-service course</u> on how to provide mechanical ventilation to newborns?,"1, Yes|0, No",,,,,,,y,RH,,hr_kw_mv,,
hr_kw_mv_trn_new,hfa_clinical_experience_and_training,,radio,Have you in the past 5 years received <u>on the job training</u> on how to provide mechanical ventilation to newborns?,"1, Yes|0, No",,,,,,,y,RH,,hr_kw_mv,,
hr_kw_mv_4wk,hfa_clinical_experience_and_training,,radio,Did you provide this service at this facility in the last 4 weeks?,"1, Yes|0, No",,,,,,,y,RH,,hr_kw_mv,,
hr_kw_tx_hed,hfa_clinical_experience_and_training,,descriptive,"<div style=""background-color:#fbd0c1;padding:5px;text-indent:1em"">Blood Transfusion</div>",,,,,,,,,,,,,
hr_kw_tx_ptrn,hfa_clinical_experience_and_training,,radio,Were you trained <u>during pre-service training</u> on how to provide blood transfusion to newborns?,"1, Yes|0, No",,,,,,,y,RH,,hr_kw_tx,,
hr_kw_tx_crs_new,hfa_clinical_experience_and_training,,radio,Have you in the past 5 years received <u>a formal in-service course</u> on how to provide blood transfusion to newborns?,"1, Yes|0, No",,,,,,,y,RH,,hr_kw_tx,,
hr_kw_tx_trn_new,hfa_clinical_experience_and_training,,radio,Have you in the past 5 years received <u>on the job training</u> on how to provide blood transfusion to newborns?,"1, Yes|0, No",,,,,,,y,RH,,hr_kw_tx,,
hr_kw_tx_4wk,hfa_clinical_experience_and_training,,radio,Did you provide this service at this facility in the last 4 weeks?,"1, Yes|0, No",,,,,,,y,RH,,hr_kw_tx,,
hr_kw_rop_hed,hfa_clinical_experience_and_training,,descriptive,"<div style=""background-color:#fbd0c1;padding:5px;text-indent:1em"">Retinopathy of Prematurity</div>",,,,,,,,,,,,,
hr_kw_rop_ptrn,hfa_clinical_experience_and_training,,radio,Were you trained <u>during pre-service training</u> on how to provide follow-up for retinopathy of prematurity?,"1, Yes|0, No",,,,,,,y,RH,,hr_kw_rop,,
hr_kw_rop_crs_new,hfa_clinical_experience_and_training,,radio,Have you in the past 5 years received <u>a formal in-service course</u> on how to provide follow-up for retinopathy of prematurity?,"1, Yes|0, No",,,,,,,y,RH,,hr_kw_rop,,
hr_kw_rop_trn_new,hfa_clinical_experience_and_training,,radio,Have you in the past 5 years received <u>on the job training</u> on how to provide follow-up for retinopathy of prematurity?,"1, Yes|0, No",,,,,,,y,RH,,hr_kw_rop,,
hr_kw_rop_4wk,hfa_clinical_experience_and_training,,radio,Did you provide this service at this facility in the last 4 weeks?,"1, Yes|0, No",,,,,,,y,RH,,hr_kw_rop,,
hr_kw_tmp_hed,hfa_clinical_experience_and_training,,descriptive,"<div style=""background-color:#fbd0c1;padding:5px;text-indent:1em"">Thermal Protection</div>",,,,,,,,,,,,,
hr_kw_tmp_ptrn,hfa_clinical_experience_and_training,,radio,Were you trained <u>during pre-service training</u> on how to provide thermal protection to newborns?,"1, Yes | 0, No",,,,,,,y,RH,,hr_kw_tmp,,
hr_kw_tmp_crs_new,hfa_clinical_experience_and_training,,radio,Have you in the past 5 years received <u>a formal in-service course</u> on how to provide thermal protection to newborns?,"1, Yes | 0, No",,,,,,,y,RH,,hr_kw_tmp,,
hr_kw_tmp_trn_new,hfa_clinical_experience_and_training,,radio,Have you in the past 5 years received <u>on the job training</u> on how to provide thermal protection to newborns?,"1, Yes | 0, No",,,,,,,y,RH,,hr_kw_tmp,,
hr_kw_tmp_4wk,hfa_clinical_experience_and_training,,radio,Did you provide this service at this facility in the last 4 weeks?,"1, Yes | 0, No",,,,,,,y,RH,,hr_kw_tmp,,
hr_kw_pal_hed,hfa_clinical_experience_and_training,,descriptive,"<div style=""background-color:#fbd0c1;padding:5px;text-indent:1em"">Palliative Care</div>",,,,,,,,,,,,,
hr_kw_pal_ptrn,hfa_clinical_experience_and_training,,radio,Were you trained <u>during pre-service training</u> on how to provide palliative care to newborns?,"1, Yes | 0, No",,,,,,,y,RH,,hr_kw_pal,,
hr_kw_pal_crs_new,hfa_clinical_experience_and_training,,radio,Have you in the past 5 years received <u>a formal in-service course</u> on how to provide palliative care to newborns?,"1, Yes | 0, No",,,,,,,y,RH,,hr_kw_pal,,
hr_kw_pal_trn_new,hfa_clinical_experience_and_training,,radio,Have you in the past 5 years received <u>on the job training</u> on how to provide palliative care to newborns?,"1, Yes | 0, No",,,,,,,y,RH,,hr_kw_pal,,
hr_kw_pal_4wk,hfa_clinical_experience_and_training,,radio,Did you provide this service at this facility in the last 4 weeks?,"1, Yes | 0, No",,,,,,,y,RH,,hr_kw_pal,,
hr_kw_icd_hed,hfa_clinical_experience_and_training,,descriptive,"<div style=""background-color:#fbd0c1;padding:5px;text-indent:1em"">Classification of Conditions and Diseases in accordance with the ICD</div>",,,,,,,,,,,,,
hr_kw_icd_ptrn,hfa_clinical_experience_and_training,,radio,Were you trained <u>during pre-service training</u> on how to classify conditions and diseases in accordance with the International Classification of Diseases?,"1, Yes | 0, No",,,,,,,y,RH,,hr_kw_icd,,
hr_kw_icd_crs_new,hfa_clinical_experience_and_training,,radio,Have you in the past 5 years received <u>a formal in-service course</u> on how to classify conditions and diseases in accordance with the International Classification of Diseases?,"1, Yes | 0, No",,,,,,,y,RH,,hr_kw_icd,,
hr_kw_icd_trn_new,hfa_clinical_experience_and_training,,radio,Have you in the past 5 years received <u>on the job training</u> on how to classify conditions and diseases in accordance with the International Classification of Diseases?,"1, Yes | 0, No",,,,,,,y,RH,,hr_kw_icd,,
hr_kw_icd_4wk,hfa_clinical_experience_and_training,,radio,Did you provide this service at this facility in the last 4 weeks?,"1, Yes | 0, No",,,,,,,y,RH,,hr_kw_icd,,
hr_kw_eth_hed,hfa_clinical_experience_and_training,,descriptive,"<div style=""background-color:#fbd0c1;padding:5px;text-indent:1em"">Legal and Medical Ethical Principles</div>",,,,,,,,,,,,,
hr_kw_eth_ptrn,hfa_clinical_experience_and_training,,radio,"Were you trained <u>during pre-service training</u> on legal and medical ethical principles of autonomy, informed consent, confidentiality and privacy?","1, Yes | 0, No",,,,,,,y,RH,,hr_kw_eth,,
hr_kw_eth_crs_new,hfa_clinical_experience_and_training,,radio,"Have you in the past 5 years received <u>a formal in-service course</u> on legal and medical ethical principles of autonomy, informed consent, confidentiality and privacy?","1, Yes | 0, No",,,,,,,y,RH,,hr_kw_eth,,
hr_kw_eth_trn_new,hfa_clinical_experience_and_training,,radio,"Have you in the past 5 years received <u>on the job training</u> on legal and medical ethical principles of autonomy, informed consent, confidentiality and privacy?","1, Yes | 0, No",,,,,,,y,RH,,hr_kw_eth,,
hr_kw_eth_4wk,hfa_clinical_experience_and_training,,radio,Did you provide this service at this facility in the last 4 weeks?,"1, Yes | 0, No",,,,,,,y,RH,,hr_kw_eth,,
hr_kw_reg_hed,hfa_clinical_experience_and_training,,descriptive,"<div style=""background-color:#fbd0c1;padding:5px;text-indent:1em"">Register Completion</div>",,,,,,,,,,,,,
hr_kw_reg_ptrn,hfa_clinical_experience_and_training,,radio,Were you trained <u>during pre-service training</u> on how to complete registers currently used at this facility?,"1, Yes | 0, No",,,,,,,y,RH,,hr_kw_reg,,
hr_kw_reg_crs_new,hfa_clinical_experience_and_training,,radio,Have you in the past 5 years received <u>a formal in-service course</u> on how to complete registers currently used at this facility?,"1, Yes | 0, No",,,,,,,y,RH,,hr_kw_reg,,
hr_kw_reg_trn_new,hfa_clinical_experience_and_training,,radio,Have you in the past 5 years received <u>on the job training</u> on how to complete registers currently used at this facility?,"1, Yes | 0, No",,,,,,,y,RH,,hr_kw_reg,,
hr_kw_reg_4wk,hfa_clinical_experience_and_training,,radio,Did you provide this service at this facility in the last 4 weeks?,"1, Yes | 0, No",,,,,,,y,RH,,hr_kw_reg,,
hr_kw_hed_6,hfa_clinical_experience_and_training,,descriptive,"<div style=""background-color:#82cdbf; padding:5px"">Supervision Policies</div>",,,,,,,,,,,,,
hr_kw_spv_gui,hfa_clinical_experience_and_training,,radio,Is there a formal policy around supportive supervision on the newborn unit? ,"1, Yes | 0, No",A formal policy can be a hospital or departmental policy that includes regular supervision sessions and follows a standard template or pattern.,,,,,,,,,,,
hr_kw_spv_nu,hfa_clinical_experience_and_training,,radio,Has mentorship been provided to newborn unit staff?,"1, Yes | 0, No, never",,,,,,,,,,,,
hr_kw_spv_nu_frq,hfa_clinical_experience_and_training,,radio,When was mentorship provided to newborn unit staff? ,"1, Yes, in the last 3 months | 2, Yes, in the last 12 months | 3, Yes, but more than 12 months ago",,,,,,[hr_kw_spv_nu] = '1',,,,,,
hr_kw_spv_trn,hfa_clinical_experience_and_training,,radio,Has the nurse-in-charge been trained to provide mentorship on the newborn unit?,"1, Yes | 0, No",,,,,,,,,,,,
hr_kw_spv_rn,hfa_clinical_experience_and_training,,radio,Has the nurse-in-charge provided mentorship on the newborn unit in the last 3 months?,"1, Yes | 0, No",,,,,,,,,,,,
hr_kw_hed_5,hfa_clinical_experience_and_training,,descriptive,"<div style=""background-color:#82cdbf; padding:5px""></div>",,,,,,,,,,,,,
hr_kw_com,hfa_clinical_experience_and_training,,notes,Comments:,,,,,,,,,,,,,
hr_spv_hed_1,hfa_support_and_supervision_paper_only,,descriptive,"<div style=""background-color:#82cdbf; padding:5px""></div>",,,,,,,,,,,,,
hr_spv_ban_1,hfa_support_and_supervision_paper_only,,descriptive,,,,,,,,,,,,,,
hr_spv_hed_2,hfa_support_and_supervision_paper_only,,descriptive,"<div class=""h4"" style=""background-color:#82cdbf;padding:10px"">Support and Supervision</div>",,,,,,,,,,,,,
hr_spv_ins_1,hfa_support_and_supervision_paper_only,,descriptive,"<p style=""font-weight:normal""><i><b>INSTRUCTIONS:</b> This section should be filled out by the nurse as a <b>written questionnaire</b>. <u><b>Do not record the name of the respondent anywhere on this form.</b></u><br><br>

Please read the following to the respondent in order to continue. </i><br><br>

<b>Instructions to the Respondent:</b> During the first part of the interview you agreed to answer our questions about your training. The final questions relate to your experience working in this facility and your answers might be considered more private. Thus, we are asking you again to agree to answer several more questions and to guarantee your anonymity and confidentiality. Your response will never be shared with the facility. We request that you do not record your name anywhere on the questionnaire. Again, your participation is voluntary; you may choose to not answer a particular question or to end the interview at any time.</p>",,,,,,,,,,,,,
hr_spv_hed_3,hfa_support_and_supervision_paper_only,,descriptive,"<div style=""background-color:#82cdbf;padding:10px"">Respondent Consent</div>",,,,,,,,,,,,,
hr_spv_iw,hfa_support_and_supervision_paper_only,,yesno,I agree to proceed with the interview.,,,,,,,,,RH,,,,
hr_spv_hed_4,hfa_support_and_supervision_paper_only,,descriptive,"<div style=""background-color:#fbd0c1;padding:10px"">If the answer to this question is ""No"", then the interview is concluded. If ""Yes,"" continue. </div>",,,,,,,,,,,,,
hr_spv_hed_5,hfa_support_and_supervision_paper_only,,descriptive,"<div class=""h4"" style=""background-color:#82cdbf;padding:10px"">Part 1</div>",,,,,,,[hr_spv_iw] = 1,,,,,,
hr_spv_fac,hfa_support_and_supervision_paper_only,,radio,Do you receive technical support or supervision in your work from someone senior in this facility?,"0, No technical support or supervision|1, Yes, in the last 3 months|2, Yes, in the last 12 months|3, Yes, but more than 12 months ago",,,,,,[hr_spv_iw] = 1,,,,,,
hr_spv_ext,hfa_support_and_supervision_paper_only,,radio,Do you receive technical support or supervision in your work from an external senior supervisor? ,"0, No technical support or supervision|1, Yes, in the last 3 months|2, Yes, in the last 12 months|3, Yes, but more than 12 months ago",,,,,,[hr_spv_iw] = 1,,,,,,
hr_spv_hed_6,hfa_support_and_supervision_paper_only,,descriptive,"<div style=""background-color:#82cdbf;padding:5px"">Thinking back to the last time you were supervised, did the supervisor do any of the following?</div>",,,,,,,[hr_spv_fac] = '1' or [hr_spv_fac] = '2' or [hr_spv_fac] = '3' or [hr_spv_ext] = '1' or [hr_spv_ext] = '2' or [hr_spv_ext] = '3',,,,,,
hr_spv_sum,hfa_support_and_supervision_paper_only,,radio,Check your records or reports,"1, Yes|0, No",,,,,,[hr_spv_fac] = '1' or [hr_spv_fac] = '2' or [hr_spv_fac] = '3' or [hr_spv_ext] = '1' or [hr_spv_ext] = '2' or [hr_spv_ext] = '3',,,,hr_spv,,
hr_spv_obs,hfa_support_and_supervision_paper_only,,radio,Observe your work,"1, Yes|0, No",,,,,,[hr_spv_fac] = '1' or [hr_spv_fac] = '2' or [hr_spv_fac] = '3' or [hr_spv_ext] = '1' or [hr_spv_ext] = '2' or [hr_spv_ext] = '3',,,,hr_spv,,
hr_spv_perf,hfa_support_and_supervision_paper_only,,radio,Provide any feedback (either negative or positive) on your performance,"1, Yes|0, No",,,,,,[hr_spv_fac] = '1' or [hr_spv_fac] = '2' or [hr_spv_fac] = '3' or [hr_spv_ext] = '1' or [hr_spv_ext] = '2' or [hr_spv_ext] = '3',,,,hr_spv,,
hr_spv_gv,hfa_support_and_supervision_paper_only,,radio,Provide updates on administrative or technical issues related to work,"1, Yes|0, No",,,,,,[hr_spv_fac] = '1' or [hr_spv_fac] = '2' or [hr_spv_fac] = '3' or [hr_spv_ext] = '1' or [hr_spv_ext] = '2' or [hr_spv_ext] = '3',,,,hr_spv,,
hr_spv_wrk,hfa_support_and_supervision_paper_only,,radio,Discuss problems you have encountered,"1, Yes|0, No",,,,,,[hr_spv_fac] = '1' or [hr_spv_fac] = '2' or [hr_spv_fac] = '3' or [hr_spv_ext] = '1' or [hr_spv_ext] = '2' or [hr_spv_ext] = '3',,,,hr_spv,,
hr_spv_hed_7,hfa_support_and_supervision_paper_only,,descriptive,"<div class=""h4"" style=""background-color:#82cdbf;padding:10px"">Part 2</div>",,,,,,,[hr_spv_iw] = 1,,,,,,
hr_spv_hed_8,hfa_support_and_supervision_paper_only,,descriptive,"<p style=""font-weight:normal""><b>2A. Perceived Supervisory Support:</b> Instructions:<br> Thinking about your most immediate supervisor, please indicate your level of agreement with the statements below. Circle the number that indicates your level of agreement in the response column. Outlined below are different levels of agreement ranging from 1 to 5:

1.   Strongly disagree<br>
2.   Disagree<br>
3.   Neither agree nor disagree<br>
4.   Agree<br>
5.   Strongly agree<br>
</p>",,,,,,,[hr_spv_iw] = 1,,,,,,
hr_spv_hed_9,hfa_support_and_supervision_paper_only,,descriptive,"<div style=""background-color:#82cdbf;padding:5px"">STATEMENT&nbsp&nbsp&nbsp&nbsp&nbsp&nbsp&nbsp&nbsp&nbsp&nbsp&nbsp&nbsp&nbsp&nbsp&nbsp&nbsp&nbsp&nbsp&nbsp&nbsp&nbsp&nbsp&nbsp&nbsp&nbsp&nbsp&nbsp&nbsp&nbsp&nbsp&nbsp&nbsp&nbsp&nbsp&nbsp&nbsp&nbsp&nbsp&nbsp&nbsp&nbsp&nbsp&nbsp&nbsp&nbsp&nbsp&nbsp&nbsp&nbsp&nbsp&nbsp&nbsp&nbsp&nbsp&nbsp&nbsp&nbsp&nbsp&nbsp&nbsp&nbsp&nbsp&nbsp&nbsp&nbsp&nbsp&nbsp&nbsp&nbsp&nbsp&nbsp&nbsp&nbsp&nbsp&nbsp&nbsp&nbsp&nbsp&nbsp&nbsp&nbsp&nbsp&nbsp&nbsp&nbsp&nbsp&nbsp&nbsp&nbsp&nbsp&nbsp&nbsp&nbsp&nbsp&nbsp&nbsp&nbsp&nbsp&nbsp&nbsp&nbsp&nbsp&nbsp&nbsp&nbsp&nbsp&nbsp&nbsp&nbsp&nbsp&nbsp&nbsp&nbsp&nbsp&nbsp&nbsp&nbsp&nbsp&nbsp&nbsp&nbsp&nbsp&nbsp&nbspRESPONSE</div>",,,,,,,[hr_spv_iw] = 1,,,,,,
hr_spv_scl_1,hfa_support_and_supervision_paper_only,,radio,My supervisor values my contribution.,"1, 1 (Strongly disagree) | 2, 2 | 3, 3 | 4, 4 | 5, 5 (Strongly agree)",,,,,,[hr_spv_iw] = 1,,,,hr_spv_1,,
hr_spv_scl_2,hfa_support_and_supervision_paper_only,,radio,"If my supervisor could hire someone to do my work at a lower salary, s/he would do so.","1, 1 (Strongly disagree) | 2, 2 | 3, 3 | 4, 4 | 5, 5 (Strongly agree)",,,,,,[hr_spv_iw] = 1,,,,hr_spv_1,,
hr_spv_scl_3,hfa_support_and_supervision_paper_only,,radio,My supervisor fails to appreciate any extra effort from me.,"1, 1 (Strongly disagree) | 2, 2 | 3, 3 | 4, 4 | 5, 5 (Strongly agree)",,,,,,[hr_spv_iw] = 1,,,,hr_spv_1,,
hr_spv_scl_4,hfa_support_and_supervision_paper_only,,radio,My supervisor considers my goals and values.,"1, 1 (Strongly disagree) | 2, 2 | 3, 3 | 4, 4 | 5, 5 (Strongly agree)",,,,,,[hr_spv_iw] = 1,,,,hr_spv_1,,
hr_spv_scl_5,hfa_support_and_supervision_paper_only,,radio,My supervisor would ignore any complaint from me.,"1, 1 (Strongly disagree) | 2, 2 | 3, 3 | 4, 4 | 5, 5 (Strongly agree)",,,,,,[hr_spv_iw] = 1,,,,hr_spv_1,,
hr_spv_scl_6,hfa_support_and_supervision_paper_only,,radio,My supervisor does not regard my best interests when s/he makes decisions that affect me.,"1, 1 (Strongly disagree) | 2, 2 | 3, 3 | 4, 4 | 5, 5 (Strongly agree)",,,,,,[hr_spv_iw] = 1,,,,hr_spv_1,,
hr_spv_scl_7,hfa_support_and_supervision_paper_only,,radio,Help is available from my supervisor when I have a problem.,"1, 1 (Strongly disagree) | 2, 2 | 3, 3 | 4, 4 | 5, 5 (Strongly agree)",,,,,,[hr_spv_iw] = 1,,,,hr_spv_1,,
hr_spv_scl_8,hfa_support_and_supervision_paper_only,,radio,My supervisor really cares about my well‐being.,"1, 1 (Strongly disagree) | 2, 2 | 3, 3 | 4, 4 | 5, 5 (Strongly agree)",,,,,,[hr_spv_iw] = 1,,,,hr_spv_1,,
hr_spv_scl_9,hfa_support_and_supervision_paper_only,,radio,"Even if I did my best job possible, my supervisor would fail to notice.","1, 1 (Strongly disagree) | 2, 2 | 3, 3 | 4, 4 | 5, 5 (Strongly agree)",,,,,,[hr_spv_iw] = 1,,,,hr_spv_1,,
hr_spv_scl_10,hfa_support_and_supervision_paper_only,,radio,My supervisor is willing to help when I need a special favor.,"1, 1 (Strongly disagree) | 2, 2 | 3, 3 | 4, 4 | 5, 5 (Strongly agree)",,,,,,[hr_spv_iw] = 1,,,,hr_spv_1,,
hr_spv_scl_11,hfa_support_and_supervision_paper_only,,radio,My supervisor cares about my general satisfaction at work.,"1, 1 (Strongly disagree) | 2, 2 | 3, 3 | 4, 4 | 5, 5 (Strongly agree)",,,,,,[hr_spv_iw] = 1,,,,hr_spv_1,,
hr_spv_scl_12,hfa_support_and_supervision_paper_only,,radio,"If given the opportunity, my supervisor would take advantage of me.","1, 1 (Strongly disagree) | 2, 2 | 3, 3 | 4, 4 | 5, 5 (Strongly agree)",,,,,,[hr_spv_iw] = 1,,,,hr_spv_1,,
hr_spv_scl_13,hfa_support_and_supervision_paper_only,,radio,My supervisor shows very little concern for me.,"1, 1 (Strongly disagree) | 2, 2 | 3, 3 | 4, 4 | 5, 5 (Strongly agree)",,,,,,[hr_spv_iw] = 1,,,,hr_spv_1,,
hr_spv_scl_14,hfa_support_and_supervision_paper_only,,radio,My supervisor cares about my opinions.,"1, 1 (Strongly disagree) | 2, 2 | 3, 3 | 4, 4 | 5, 5 (Strongly agree)",,,,,,[hr_spv_iw] = 1,,,,hr_spv_1,,
hr_spv_scl_15,hfa_support_and_supervision_paper_only,,radio,My supervisor is proud of my accomplishments at work.,"1, 1 (Strongly disagree) | 2, 2 | 3, 3 | 4, 4 | 5, 5 (Strongly agree)",,,,,,[hr_spv_iw] = 1,,,,hr_spv_1,,
hr_spv_scl_16,hfa_support_and_supervision_paper_only,,radio,My supervisor tries to make my work as interesting as possible.,"1, 1 (Strongly disagree) | 2, 2 | 3, 3 | 4, 4 | 5, 5 (Strongly agree)",,,,,,[hr_spv_iw] = 1,,,,hr_spv_1,,
hr_spv_hed_10,hfa_support_and_supervision_paper_only,,descriptive,"<div style=""background-color:#82cdbf;padding:10px""></div>",,,,,,,[hr_spv_iw] = 1,,,,,,
hr_spv_hed_11,hfa_support_and_supervision_paper_only,,descriptive,"<p style=""font-weight:normal""><b>2B. Motivation:</b> Thinking about your job in general, please indicate your level of agreement with the statements below. Circle the number that indicates your level of agreement in the response column. Outlined below are different levels of agreement ranging from 1 to 5:<br><br>

1.   Strongly disagree<br>
2.   Disagree<br>
3.   Neither agree nor disagree<br>
4.   Agree<br>
5.   Strongly agree<br>
</p>",,,,,,,[hr_spv_iw] = 1,,,,,,
hr_spv_hed_12,hfa_support_and_supervision_paper_only,,descriptive,"<div style=""background-color:#82cdbf;padding:5px"">STATEMENT&nbsp&nbsp&nbsp&nbsp&nbsp&nbsp&nbsp&nbsp&nbsp&nbsp&nbsp&nbsp&nbsp&nbsp&nbsp&nbsp&nbsp&nbsp&nbsp&nbsp&nbsp&nbsp&nbsp&nbsp&nbsp&nbsp&nbsp&nbsp&nbsp&nbsp&nbsp&nbsp&nbsp&nbsp&nbsp&nbsp&nbsp&nbsp&nbsp&nbsp&nbsp&nbsp&nbsp&nbsp&nbsp&nbsp&nbsp&nbsp&nbsp&nbsp&nbsp&nbsp&nbsp&nbsp&nbsp&nbsp&nbsp&nbsp&nbsp&nbsp&nbsp&nbsp&nbsp&nbsp&nbsp&nbsp&nbsp&nbsp&nbsp&nbsp&nbsp&nbsp&nbsp&nbsp&nbsp&nbsp&nbsp&nbsp&nbsp&nbsp&nbsp&nbsp&nbsp&nbsp&nbsp&nbsp&nbsp&nbsp&nbsp&nbsp&nbsp&nbsp&nbsp&nbsp&nbsp&nbsp&nbsp&nbsp&nbsp&nbsp&nbsp&nbsp&nbsp&nbsp&nbsp&nbsp&nbsp&nbsp&nbsp&nbsp&nbsp&nbsp&nbsp&nbsp&nbsp&nbsp&nbsp&nbsp&nbsp&nbsp&nbsp&nbsp&nbsp&nbspRESPONSE</div>",,,,,,,[hr_spv_iw] = 1,,,,,,
hr_spv_motv_1,hfa_support_and_supervision_paper_only,,radio,"These days, I feel motivated to work as hard as I can.","1, 1 (Strongly disagree) | 2, 2 | 3, 3 | 4, 4 | 5, 5 (Strongly agree)",,,,,,[hr_spv_iw] = 1,,,,hr_spv_2,,
hr_spv_motv_2,hfa_support_and_supervision_paper_only,,radio,"Overall, I am very satisfied with my job.","1, 1 (Strongly disagree) | 2, 2 | 3, 3 | 4, 4 | 5, 5 (Strongly agree)",,,,,,[hr_spv_iw] = 1,,,,hr_spv_2,,
hr_spv_motv_3,hfa_support_and_supervision_paper_only,,radio,I am satisfied with the opportunity to use my abilities in my job.,"1, 1 (Strongly disagree) | 2, 2 | 3, 3 | 4, 4 | 5, 5 (Strongly agree)",,,,,,[hr_spv_iw] = 1,,,,hr_spv_2,,
hr_spv_motv_4,hfa_support_and_supervision_paper_only,,radio,I do not feel like I accomplish anything worthwhile on this job.,"1, 1 (Strongly disagree) | 2, 2 | 3, 3 | 4, 4 | 5, 5 (Strongly agree)",,,,,,[hr_spv_iw] = 1,,,,hr_spv_2,,
hr_spv_motv_5,hfa_support_and_supervision_paper_only,,radio,I am proud to be working for this facility.,"1, 1 (Strongly disagree) | 2, 2 | 3, 3 | 4, 4 | 5, 5 (Strongly agree)",,,,,,[hr_spv_iw] = 1,,,,hr_spv_2,,
hr_spv_motv_6,hfa_support_and_supervision_paper_only,,radio,I would rather work for another facility.,"1, 1 (Strongly disagree) | 2, 2 | 3, 3 | 4, 4 | 5, 5 (Strongly agree)",,,,,,[hr_spv_iw] = 1,,,,hr_spv_2,,
hr_spv_motv_7,hfa_support_and_supervision_paper_only,,radio,This facility really inspires me to do my very best on the job.,"1, 1 (Strongly disagree) | 2, 2 | 3, 3 | 4, 4 | 5, 5 (Strongly agree)",,,,,,[hr_spv_iw] = 1,,,,hr_spv_2,,
hr_spv_motv_8,hfa_support_and_supervision_paper_only,,radio,I always complete my tasks efficiently and correctly.,"1, 1 (Strongly disagree) | 2, 2 | 3, 3 | 4, 4 | 5, 5 (Strongly agree)",,,,,,[hr_spv_iw] = 1,,,,hr_spv_2,,
hr_spv_motv_9,hfa_support_and_supervision_paper_only,,radio,I am a hard worker.,"1, 1 (Strongly disagree) | 2, 2 | 3, 3 | 4, 4 | 5, 5 (Strongly agree)",,,,,,[hr_spv_iw] = 1,,,,hr_spv_2,,
hr_spv_motv_10,hfa_support_and_supervision_paper_only,,radio,I am punctual about coming to work (within 15 minutes of start-time).,"1, 1 (Strongly disagree) | 2, 2 | 3, 3 | 4, 4 | 5, 5 (Strongly agree)",,,,,,[hr_spv_iw] = 1,,,,hr_spv_2,,
hr_spv_hed_19,hfa_support_and_supervision_paper_only,,descriptive,"<div style=""background-color:#82cdbf; padding:5px""></div>",,,,,,,,,,,,,
hr_spv_com,hfa_support_and_supervision_paper_only,,notes,Comments:,,,,,,,,,,,,,