Variable / Field Name,Form Name,Section Header,Field Type,Field Label,"Choices, Calculations, OR Slider Labels",Field Note,Text Validation Type OR Show Slider Number,Text Validation Min,Text Validation Max,Identifier?,Branching Logic (Show field only if...),Required Field?,Custom Alignment,Question Number (surveys only),Matrix Group Name,Matrix Ranking?,Field Annotation
is_id_recid,hfa_identification,,text,Record ID,,,,,,,,,,,,,
is_id_hed_1,hfa_identification,,descriptive,"<div style=""background-color:#82cdbf; padding:5px""></div>",,,,,,,,,,,,,
is_id_ban_1,hfa_identification,,descriptive,,,,,,,,,,,,,,
is_id_hed_2,hfa_identification,,descriptive,"<div class=""h4"" style=""background-color:#82cdbf;padding:10px"">Information Systems</div>",,,,,,,,,,,,,
is_id_ins_1,hfa_identification,,descriptive,"<p style=""font-weight:normal""><i><b>INSTRUCTIONS:</b> This module consists of eight sections:<br>
Section 1: Data sources - forms (direct towards data clerk/HRIO)<br>
Section 2: Data sources - registers and tally sheets (direct towards data clerk/HRIO)<br>
Section 3: Filing systems (direct towards data clerk/HRIO)<br>
Section 4: Neonatal data clerks (direct towards data clerk/HRIO)<br>
Section 5: Summary data for reporting (direct towards data clerk/HRIO)<br>
Section 6: Maternal perinatal death surveillance and response (direct towards data clerk/HRIO)<br>
Section 7: Civil registration and vital statistics (direct towards data clerk/HRIO)<br>
Section 8: Electronic information systems and infrastructure (direct towards IT officer) <br>
Section 9: Indicator variables (direct towards data clerk/HRIO) <br>
",,,,,,,,,,,,,
is_id_hed_3,hfa_identification,,descriptive,"<div style=""background-color:#82cdbf; padding:5px""></div>",,,,,,,,,,,,,
is_id_ctry,hfa_identification,,radio,Country:,"1, Malawi | 2, Kenya | 3, Tanzania | 4, Nigeria",,,,,,,y,,,,,
is_id_facid_mw,hfa_identification,,dropdown,Facility Name:,"1, Fill in Facility IDs",,,,,,[is_id_ctry] = '1',y,,,,,
is_id_facid_ke,hfa_identification,,dropdown,Facility Name:,"1, Fill in Facility IDs",,,,,,[is_id_ctry] = '2',y,,,,,
is_id_facid_tz,hfa_identification,,dropdown,Facility Name:,"1, Fill in Facility IDs",,,,,,[is_id_ctry] = '3',y,,,,,
is_id_facid_nga,hfa_identification,,dropdown,Facility Name:,"1, Fill in Facility IDs",,,,,,[is_id_ctry] = '4',y,,,,,
is_id_dtfrm,hfa_identification,,text,Data Collection Date:,,,date_ymd,,,,,y,,,,,
is_id_hed_4,hfa_identification,,descriptive,"<div style=""background-color:#82cdbf; padding:5px""></div>",,,,,,,,,,,,,
is_id_iw_num,hfa_identification,,radio,How many data collectors collected this data?,"1, 1 data collector|2, 2 data collectors",,,,,,,y,,,,,
is_id_hed_5,hfa_identification,,descriptive,"<div style=""background-color:#82cdbf; padding:5px"">Data Collector #1</div>",,,,,,,[is_id_iw_num] = '1' or [is_id_iw_num] = '2',,,,,,
is_id_iw_nam_1,hfa_identification,,text,Data Collector First and Last Name:,,,,,,y,[is_id_iw_num] = '1' or [is_id_iw_num] = '2',y,,,,,
is_id_hed_6,hfa_identification,,descriptive,"<div style=""background-color:#82cdbf; padding:5px"">Data Collector #2</div>",,,,,,,[is_id_iw_num] = '2',,,,,,
is_id_iw_nam_2,hfa_identification,,text,Data Collector First and Last Name:,,,,,,y,[is_id_iw_num] = '2',,,,,,
is_id_hed_7,hfa_identification,,descriptive,"<div style=""background-color:#82cdbf; padding:5px""></div>",,,,,,,,,,,,,
is_id_com,hfa_identification,,notes,Comments:,,,,,,,,,,,,,
is_frm_hed_1,hfa_data_sources_forms,,descriptive,"<div style=""background-color:#82cdbf; padding:5px""></div>",,,,,,,,,,,,,
is_frm_ban_1,hfa_data_sources_forms,,descriptive,,,,,,,,,,,,,,
is_frm_hed_2,hfa_data_sources_forms,,descriptive,"<div class=""h4"" style=""background-color:#82cdbf;padding:10px"">Data Sources - Forms</div>",,,,,,,,,,,,,
is_frm_ins_1,hfa_data_sources_forms,,descriptive,"<p style=""font-weight:normal""><i><b>INSTRUCTIONS:</b> Please direct these questions towards the data clerk and/or the Health Records and Information Officer (HRIO). Select ""Yes"" if the document is used at the facility and ""No"" if it is not used at the facility. The document can be part of a larger document or booklet. If it is used at the facility, indicate the source (who created the form) and if it is paper-based or electronic. Examples of who created the document include ""government"" if it is an official ministry of health document, ""facility"" if the facility developed the document itself, ""NGO"" or ""Project"" if it is part of a special study or NGO-led program (e.g. WHO KMC study). If the form was created by the facility and is only used by the facility, the creator would be the facility.<br><br> If the facility has an informal method of documenting this information, please specify in the comment box. It is likely that you will have to walk around to different parts of the hospital to view all the documents. If some of these documents are combined at a facility, please indicate that each one is available in the separate lines. <br><br>Please do not leave any variable blank. If a free text variable is unknown and an answer is required, write ""-1"" for numeric fields and ""unknown"" for text fields. If a multiple-choice variable is unknown, select ""unknown"".<b></p>",,,,,,,,,,,,,
is_frm_hed_3,hfa_data_sources_forms,,descriptive,"<div class=""h4"" style=""background-color:#82cdbf;padding:10px""></div>",,,,,,,,,,,,,
is_frm_rp_num,hfa_data_sources_forms,,radio,Number of Respondents Interviewed:,"1, 1 respondent|2, 2 respondents|3, 3 respondents|4, 4 respondents|5, 5 respondents",,,,,,,y,,,,,
is_frm_rp_hed_1,hfa_data_sources_forms,,descriptive,"<div style=""background-color:#82cdbf; padding:5px"">Respondent #1</div>",,,,,,,[is_frm_rp_num] >= 1,,,,,,
is_frm_rp_nam_1,hfa_data_sources_forms,,text,Respondent Name (First and Last):,,,,,,y,[is_frm_rp_num] >= 1,y,,,,,
is_frm_rp_pos_1,hfa_data_sources_forms,,radio,Respondent Position:,"6, Hospital Management | 1, NEST Coordinator | 2, Nurse | 7, Nurse-in-charge | 3, Data Clerk | 8, HMIS Officer | 4, Clinician | 99, Other <i>(specify below)</i>",,,,,,[is_frm_rp_num] >= 1,y,,,,,
is_frm_rp_othpos_1,hfa_data_sources_forms,,text,"If other position, please specify: ",,,,,,,[is_frm_rp_pos_1] = '99',,,,,,
is_frm_rp_ph_1,hfa_data_sources_forms,,text,Respondent Phone Number:,,,,,,y,[is_frm_rp_num] >= 1,,,,,,
is_frm_rp_hed_2,hfa_data_sources_forms,,descriptive,"<div style=""background-color:#82cdbf; padding:5px"">Respondent #2</div>",,,,,,,[is_frm_rp_num] >= 2,,,,,,
is_frm_rp_nam_2,hfa_data_sources_forms,,text,Respondent Name (First and Last):,,,,,,y,[is_frm_rp_num] >= 2,,,,,,
is_frm_rp_pos_2,hfa_data_sources_forms,,radio,Respondent Position:,"6, Hospital Management | 1, NEST Coordinator | 2, Nurse | 7, Nurse-in-charge | 3, Data Clerk | 8, HMIS Officer | 4, Clinician | 99, Other <i>(specify below)</i>",,,,,,[is_frm_rp_num] >= 2,,,,,,
is_frm_rp_othpos_2,hfa_data_sources_forms,,text,"If other position, please specify: ",,,,,,,[is_frm_rp_pos_2] = '99',,,,,,
is_frm_rp_ph_2,hfa_data_sources_forms,,text,Respondent Phone Number:,,,,,,y,[is_frm_rp_num] >= 2,,,,,,
is_frm_rp_hed_3,hfa_data_sources_forms,,descriptive,"<div style=""background-color:#82cdbf; padding:5px"">Respondent #3</div>",,,,,,,[is_frm_rp_num] >= 3,,,,,,
is_frm_rp_nam_3,hfa_data_sources_forms,,text,Respondent Name (First and Last):,,,,,,y,[is_frm_rp_num] >= 3,,,,,,
is_frm_rp_pos_3,hfa_data_sources_forms,,radio,Respondent Position:,"6, Hospital Management | 1, NEST Coordinator | 2, Nurse | 7, Nurse-in-charge | 3, Data Clerk | 8, HMIS Officer | 4, Clinician | 99, Other <i>(specify below)</i>",,,,,,[is_frm_rp_num] >= 3,,,,,,
is_frm_rp_othpos_3,hfa_data_sources_forms,,text,"If other position, please specify: ",,,,,,,[is_frm_rp_pos_3] = '99',,,,,,
is_frm_rp_ph_3,hfa_data_sources_forms,,text,Respondent Phone Number:,,,,,,y,[is_frm_rp_num] >= 3,,,,,,
is_frm_rp_hed_4,hfa_data_sources_forms,,descriptive,"<div style=""background-color:#82cdbf; padding:5px"">Respondent #4</div>",,,,,,,[is_frm_rp_num] >= 4,,,,,,
is_frm_rp_nam_4,hfa_data_sources_forms,,text,Respondent Name (First and Last):,,,,,,y,[is_frm_rp_num] >= 4,,,,,,
is_frm_rp_pos_4,hfa_data_sources_forms,,radio,Respondent Position:,"6, Hospital Management | 1, NEST Coordinator | 2, Nurse | 7, Nurse-in-charge | 3, Data Clerk | 8, HMIS Officer | 4, Clinician | 99, Other <i>(specify below)</i>",,,,,,[is_frm_rp_num] >= 4,,,,,,
is_frm_rp_othpos_4,hfa_data_sources_forms,,text,"If other position, please specify: ",,,,,,,[is_frm_rp_pos_4] = '99',,,,,,
is_frm_rp_ph_4,hfa_data_sources_forms,,text,Respondent Phone Number:,,,,,,y,[is_frm_rp_num] >= 4,,,,,,
is_frm_rp_hed_5,hfa_data_sources_forms,,descriptive,"<div style=""background-color:#82cdbf; padding:5px"">Respondent #5</div>",,,,,,,[is_frm_rp_num] >= 5,,,,,,
is_frm_rp_nam_5,hfa_data_sources_forms,,text,Respondent Name (First and Last):,,,,,,y,[is_frm_rp_num] >= 5,,,,,,
is_frm_rp_pos_5,hfa_data_sources_forms,,radio,Respondent Position:,"6, Hospital Management | 1, NEST Coordinator | 2, Nurse | 7, Nurse-in-charge | 3, Data Clerk | 8, HMIS Officer | 4, Clinician | 99, Other <i>(specify below)</i>",,,,,,[is_frm_rp_num] >= 5,,,,,,
is_frm_rp_othpos_5,hfa_data_sources_forms,,text,"If other position, please specify: ",,,,,,,[is_frm_rp_pos_5] = '99',,,,,,
is_frm_rp_ph_5,hfa_data_sources_forms,,text,Respondent Phone Number:,,,,,,y,[is_frm_rp_num] >= 5,,,,,,
is_frm_hed_5,hfa_data_sources_forms,,descriptive,"<div class=""h4"" style=""background-color:#82cdbf;padding:10px"">Birth Forms</div>",,,,,,,,,,,,,
is_frm_bcrt_hed,hfa_data_sources_forms,,descriptive,"<div style=""background-color:#fbd0c1;padding:10px"">Birth Certificate</div>",,,,,,,,,,,,,
is_frm_bcrt_use,hfa_data_sources_forms,,yesno,Is this document used at this facility?,,"An official document issued to record a child/person's birth and identify them by name, place, date of birth and parentage.",,,,,,y,,,,,
is_frm_bcrt_own,hfa_data_sources_forms,,radio,What is the source?,"1, Government/Ministry of Health |2, Facility | 3, NGO/Special Project | 4, Other <i>(specify below)</i>",,,,,,[is_frm_bcrt_use] = '1',,RV,,,,
is_frm_bcrt_othown,hfa_data_sources_forms,,text,Please specify other source:,,,,,,,[is_frm_bcrt_own] = '4',,RV,,,,
is_frm_bcrt_pe,hfa_data_sources_forms,,radio,What is the document format?,"0, Paper|1, Electronic",,,,,,[is_frm_bcrt_use] = '1',,RV,,,,
is_frm_bcrt_com,hfa_data_sources_forms,,notes,Comments:,,,,,,,,,,,,,
is_frm_bnf_hed,hfa_data_sources_forms,,descriptive,"<div style=""background-color:#fbd0c1;padding:10px"">Birth Notification</div>",,,,,,,,,,,,,
is_frm_bnf_use,hfa_data_sources_forms,,yesno,Is this document used at this facility?,,"An official document issued by the hospital where birth took place within 6 months. Contains name of the child, parents' names, the hospital in which the child was delivered, the date, stamp and an authorized signature from the hospital. Used to apply for the Birth Certificate.",,,,,,y,,,,,
is_frm_bnf_own,hfa_data_sources_forms,,radio,What is the source?,"1, Government/Ministry of Health |2, Facility | 3, NGO/Special Project | 4, Other <i>(specify below)</i>",,,,,,[is_frm_bnf_use] = '1',,RV,,,,
is_frm_bnf_othown,hfa_data_sources_forms,,text,Please specify other source:,,,,,,,[is_frm_bnf_own] = '4',,RV,,,,
is_frm_bnf_pe,hfa_data_sources_forms,,radio,What is the document format?,"0, Paper|1, Electronic",,,,,,[is_frm_bnf_use] = '1',,RV,,,,
is_frm_bnf_com,hfa_data_sources_forms,,notes,Comments:,,,,,,,,,,,,,
is_frm_hed_6,hfa_data_sources_forms,,descriptive,"<div class=""h4"" style=""background-color:#82cdbf;padding:10px"">Inpatient Forms</div>",,,,,,,,,,,,,
is_frm_dx_hed,hfa_data_sources_forms,,descriptive,"<div style=""background-color:#fbd0c1;padding:10px"">Inpatient Diagnostic Index Card</div>",,,,,,,,,,,,,
is_frm_dx_use,hfa_data_sources_forms,,yesno,Is this document used at this facility?,,A card for coding and indexing of the patients' conditions involved.,,,,,,y,,,,,
is_frm_dx_own,hfa_data_sources_forms,,radio,What is the source?,"1, Government/Ministry of Health |2, Facility | 3, NGO/Special Project | 4, Other <i>(specify below)</i>",,,,,,[is_frm_dx_use] = '1',,RV,,,,
is_frm_dx_othown,hfa_data_sources_forms,,text,Please specify other source:,,,,,,,[is_frm_dx_own] = '4',,RV,,,,
is_frm_dx_pe,hfa_data_sources_forms,,radio,What is the document format?,"0, Paper|1, Electronic",,,,,,[is_frm_dx_use] = '1',,RV,,,,
is_frm_dx_com,hfa_data_sources_forms,,notes,Comments:,,,,,,,,,,,,,
is_frm_mchl_hed,hfa_data_sources_forms,,descriptive,"<div style=""background-color:#fbd0c1;padding:10px"">Mother and Child Booklet</div>",,,,,,,,,,,,,
is_frm_mchl_use,hfa_data_sources_forms,,yesno,Is this document used at this facility?,,"A booklet containing information on safe pregnancy, delivery and child health. This booklet is kept by the mother/caregiver and used every time the mother/caregiver visits clinic from the first antenatal care visit until the child completes all required visits. It ensures continuity of care and provides health education to parents.",,,,,,y,,,,,
is_frm_mchl_own,hfa_data_sources_forms,,radio,What is the source?,"1, Government/Ministry of Health |2, Facility | 3, NGO/Special Project | 4, Other <i>(specify below)</i>",,,,,,[is_frm_mchl_use] = '1',,RV,,,,
is_frm_mchl_othown,hfa_data_sources_forms,,text,Please specify other source:,,,,,,,[is_frm_mchl_own] = '4',,RV,,,,
is_frm_mchl_pe,hfa_data_sources_forms,,radio,What is the document format?,"0, Paper|1, Electronic",,,,,,[is_frm_mchl_use] = '1',,RV,,,,
is_frm_mchl_com,hfa_data_sources_forms,,notes,Comments:,,,,,,,,,,,,,
is_frm_clinnt_hed,hfa_data_sources_forms,,descriptive,"<div style=""background-color:#fbd0c1;padding:10px"">Inpatient/Clinical Medical Notes</div>",,,,,,,,,,,,,
is_frm_clinnt_use,hfa_data_sources_forms,,yesno,Is this document used at this facility?,,"Medical notes documented by clinical staff in the medical file during an inpatient stay. The notes include details of every procedure or intervention that was given to the patient to monitor patient progress, for reference and continuity of care. Notes are usually updated after every ward review.",,,,,,y,,,,,
is_frm_clinnt_own,hfa_data_sources_forms,,radio,What is the source?,"1, Government/Ministry of Health | 2, Facility | 3, NGO/Special Project | 4, Other <i>(specify below)</i>",,,,,,[is_frm_clinnt_use] = '1',,RV,,,,
is_frm_clinnt_othown,hfa_data_sources_forms,,text,Please specify other source:,,,,,,,[is_frm_clinnt_own] = '4',,RV,,,,
is_frm_clinnt_pe,hfa_data_sources_forms,,radio,What is the document format?,"0, Paper|1, Electronic",,,,,,[is_frm_clinnt_use] = '1',,RV,,,,
is_frm_clinnt_com,hfa_data_sources_forms,,notes,Comments:,,,,,,,,,,,,,
is_frm_rnnt_hed,hfa_data_sources_forms,,descriptive,"<div style=""background-color:#fbd0c1;padding:10px"">Nursing Notes (Cardex)</div>",,,,,,,,,,,,,
is_frm_rnnt_use,hfa_data_sources_forms,,yesno,Is this document used at this facility?,,These notes are a quick summary of individual patient needs that are used by nursing staff to communicate important information about their patients and updated at every shift change.,,,,,,y,,,,,
is_frm_rnnt_own,hfa_data_sources_forms,,radio,What is the source?,"1, Government/Ministry of Health | 2, Facility | 3, NGO/Special Project | 4, Other <i>(specify below)</i>",,,,,,[is_frm_rnnt_use] = '1',,RV,,,,
is_frm_rnnt_othown,hfa_data_sources_forms,,text,Please specify other source:,,,,,,,[is_frm_rnnt_own] = '4',,RV,,,,
is_frm_rnnt_pe,hfa_data_sources_forms,,radio,What is the document format?,"0, Paper|1, Electronic",,,,,,[is_frm_rnnt_use] = '1',,RV,,,,
is_frm_rnnt_com,hfa_data_sources_forms,,notes,Comments:,,,,,,,,,,,,,
is_frm_prnchr_hed,hfa_data_sources_forms,,descriptive,"<div style=""background-color:#fbd0c1;padding:10px"">Inpatient Unit Perinatal Chart</div>",,,,,,,,,,,,,
is_frm_prnchr_use,hfa_data_sources_forms,,yesno,Is this document used at this facility?,,A structured and standardized form for assessment and documentation of information about a pregnant woman's health and care. This form is usually started immediately after confirmation of pregnancy.,,,,,,y,,,,,
is_frm_prnchr_own,hfa_data_sources_forms,,radio,What is the source?,"1, Government/Ministry of Health | 2, Facility | 3, NGO/Special Project | 4, Other <i>(specify below)</i>",,,,,,[is_frm_prnchr_use] = '1',,RV,,,,
is_frm_prnchr_othown,hfa_data_sources_forms,,text,Please specify other source:,,,,,,,[is_frm_prnchr_own] = '4',,RV,,,,
is_frm_prnchr_pe,hfa_data_sources_forms,,radio,What is the document format?,"0, Paper|1, Electronic",,,,,,[is_frm_prnchr_use] = '1',,RV,,,,
is_frm_prnchr_com,hfa_data_sources_forms,,notes,Comments:,,,,,,,,,,,,,
is_frm_trtchr_hed,hfa_data_sources_forms,,descriptive,"<div style=""background-color:#fbd0c1;padding:10px"">Drug Treatment Chart</div>",,,,,,,,,,,,,
is_frm_trtchr_use,hfa_data_sources_forms,,yesno,Is this document used at this facility?,,"A record of all drug treatments administered to a patient while in the ward. This record contains details such as date drugs prescribed, started, stopped, dose, route, frequency and names of prescribing clinical staff. ",,,,,,y,,,,,
is_frm_trtchr_own,hfa_data_sources_forms,,radio,What is the source?,"1, Government/Ministry of Health | 2, Facility | 3, NGO/Special Project | 4, Other <i>(specify below)</i>",,,,,,[is_frm_trtchr_use] = '1',,RV,,,,
is_frm_trtchr_othown,hfa_data_sources_forms,,text,Please specify other source:,,,,,,,[is_frm_trtchr_own] = '4',,RV,,,,
is_frm_trtchr_pe,hfa_data_sources_forms,,radio,What is the document format?,"0, Paper|1, Electronic",,,,,,[is_frm_trtchr_use] = '1',,RV,,,,
is_frm_trtchr_com,hfa_data_sources_forms,,notes,Comments:,,,,,,,,,,,,,
is_frm_ldnt_hed,hfa_data_sources_forms,,descriptive,"<div style=""background-color:#fbd0c1;padding:10px"">Labor, Delivery, Postnatal Case Notes</div>",,,,,,,,,,,,,
is_frm_ldnt_use,hfa_data_sources_forms,,yesno,Is this document used at this facility?,,"Medical/clinical notes documented in patient file during labor, delivery and post-natal care.",,,,,,y,,,,,
is_frm_ldnt_own,hfa_data_sources_forms,,radio,What is the source?,"1, Government/Ministry of Health | 2, Facility | 3, NGO/Special Project | 4, Other <i>(specify below)</i>",,,,,,[is_frm_ldnt_use] = '1',,RV,,,,
is_frm_ldnt_othown,hfa_data_sources_forms,,text,Please specify other source:,,,,,,,[is_frm_ldnt_own] = '4',,RV,,,,
is_frm_ldnt_pe,hfa_data_sources_forms,,radio,What is the document format?,"0, Paper|1, Electronic",,,,,,[is_frm_ldnt_use] = '1',,RV,,,,
is_frm_ldnt_com,hfa_data_sources_forms,,notes,Comments:,,,,,,,,,,,,,
is_frm_ev_hed,hfa_data_sources_forms,,descriptive,"<div style=""background-color:#fbd0c1;padding:10px"">Reporting Form for Adverse Events</div>",,,,,,,,,,,,,
is_frm_ev_use,hfa_data_sources_forms,,yesno,Is this document used at this facility?,,A tool used to collect initial and follow-up information for all adverse events in patients.,,,,,,y,,,,,
is_frm_ev_own,hfa_data_sources_forms,,radio,What is the source?,"1, Government/Ministry of Health | 2, Facility | 3, NGO/Special Project | 4, Other <i>(specify below)</i>",,,,,,[is_frm_ev_use] = '1',,RV,,,,
is_frm_ev_othown,hfa_data_sources_forms,,text,Please specify other source:,,,,,,,[is_frm_ev_own] = '4',,RV,,,,
is_frm_ev_pe,hfa_data_sources_forms,,radio,What is the document format?,"0, Paper|1, Electronic",,,,,,[is_frm_ev_use] = '1',,RV,,,,
is_frm_ev_com,hfa_data_sources_forms,,notes,Comments:,,,,,,,,,,,,,
is_frm_adm_hed,hfa_data_sources_forms,,descriptive,"<div style=""background-color:#fbd0c1;padding:10px"">Admission Form</div>",,,,,,,,,,,,,
is_frm_adm_use,hfa_data_sources_forms,,yesno,Is this document used at this facility?,,A form for recording patient information at the time of admission in the ward. ,,,,,,y,,,,,
is_frm_adm_own,hfa_data_sources_forms,,radio,What is the source?,"1, Government/Ministry of Health | 2, Facility | 3, NGO/Special Project | 4, Other <i>(specify below)</i>",,,,,,[is_frm_adm_use] = '1',,RV,,,,
is_frm_adm_othown,hfa_data_sources_forms,,text,Please specify other source:,,,,,,,[is_frm_adm_own] = '4',,RV,,,,
is_frm_adm_pe,hfa_data_sources_forms,,radio,What is the document format?,"0, Paper|1, Electronic",,,,,,[is_frm_adm_use] = '1',,RV,,,,
is_frm_adm_com,hfa_data_sources_forms,,notes,Comments:,,,,,,,,,,,,,
is_frm_rx_hed,hfa_data_sources_forms,,descriptive,"<div style=""background-color:#fbd0c1;padding:10px"">Prescription Form (CC pathway)</div>",,,,,,,,,,,,,
is_frm_rx_use,hfa_data_sources_forms,,yesno,Is this document used at this facility?,,A document used by clinical staff to prescribe and/or document the drugs required by a patient.,,,,,,y,,,,,
is_frm_rx_own,hfa_data_sources_forms,,radio,What is the source?,"1, Government/Ministry of Health | 2, Facility | 3, NGO/Special Project | 4, Other <i>(specify below)</i>",,,,,,[is_frm_rx_use] = '1',,RV,,,,
is_frm_rx_othown,hfa_data_sources_forms,,text,Please specify other source:,,,,,,,[is_frm_rx_own] = '4',,RV,,,,
is_frm_rx_pe,hfa_data_sources_forms,,radio,What is the document format?,"0, Paper|1, Electronic",,,,,,[is_frm_rx_use] = '1',,RV,,,,
is_frm_rx_com,hfa_data_sources_forms,,notes,Comments:,,,,,,,,,,,,,
is_frm_kmc_hed,hfa_data_sources_forms,,descriptive,"<div style=""background-color:#fbd0c1;padding:10px"">KMC Chart</div>",,,,,,,,,,,,,
is_frm_kmc_use,hfa_data_sources_forms,,yesno,Is this document used at this facility?,,"A tool for monitoring the progress of each individual baby enrolled in a Kangaroo Mother Care (KMC) Programme. This usually contains details including the baby's name, age, weight, hourly monitoring and total KMC time.",,,,,,y,,,,,
is_frm_kmc_own,hfa_data_sources_forms,,radio,What is the source?,"1, Government/Ministry of Health | 2, Facility | 3, NGO/Special Project | 4, Other <i>(specify below)</i>",,,,,,[is_frm_kmc_use] = '1',,RV,,,,
is_frm_kmc_othown,hfa_data_sources_forms,,text,Please specify other source:,,,,,,,[is_frm_kmc_own] = '4',,RV,,,,
is_frm_kmc_pe,hfa_data_sources_forms,,radio,What is the document format?,"0, Paper|1, Electronic",,,,,,[is_frm_kmc_use] = '1',,RV,,,,
is_frm_kmc_com,hfa_data_sources_forms,,notes,Comments:,,,,,,,,,,,,,
is_frm_vac_hed,hfa_data_sources_forms,,descriptive,"<div style=""background-color:#fbd0c1;padding:10px"">Vaccination Record (BCG, Polio 0)</div>",,,,,,,,,,,,,
is_frm_vac_use,hfa_data_sources_forms,,yesno,Is this document used at this facility?,,A card used for documenting immunization progress of each individual baby.,,,,,,y,,,,,
is_frm_vac_own,hfa_data_sources_forms,,radio,What is the source?,"1, Government/Ministry of Health | 2, Facility | 3, NGO/Special Project | 4, Other <i>(specify below)</i>",,,,,,[is_frm_vac_use] = '1',,RV,,,,
is_frm_vac_othown,hfa_data_sources_forms,,text,Please specify other source:,,,,,,,[is_frm_vac_own] = '4',,RV,,,,
is_frm_vac_pe,hfa_data_sources_forms,,radio,What is the document format?,"0, Paper|1, Electronic",,,,,,[is_frm_vac_use] = '1',,RV,,,,
is_frm_vac_com,hfa_data_sources_forms,,notes,Comments:,,,,,,,,,,,,,
is_frm_ref_hed,hfa_data_sources_forms,,descriptive,"<div style=""background-color:#fbd0c1;padding:10px"">Facility/Ward Transfer Form (Referral)</div>",,,,,,,,,,,,,
is_frm_ref_use,hfa_data_sources_forms,,yesno,Is this document used at this facility?,,"A tool for documenting patient information and/or medical notes while being transferred from one ward to another ward or from a hospital to another hospital. This usually contains details such as patient biodata (e.g. name, DOB, etc.), admission diagnosis, treatment given, and the reason for referral.",,,,,,y,,,,,
is_frm_ref_own,hfa_data_sources_forms,,radio,What is the source?,"1, Government/Ministry of Health | 2, Facility | 3, NGO/Special Project | 4, Other <i>(specify below)</i>",,,,,,[is_frm_ref_use] = '1',,RV,,,,
is_frm_ref_othown,hfa_data_sources_forms,,text,Please specify other source:,,,,,,,[is_frm_ref_own] = '4',,RV,,,,
is_frm_ref_pe,hfa_data_sources_forms,,radio,What is the document format?,"0, Paper|1, Electronic",,,,,,[is_frm_ref_use] = '1',,RV,,,,
is_frm_ref_com,hfa_data_sources_forms,,notes,Comments:,,,,,,,,,,,,,
is_frm_occ_hed,hfa_data_sources_forms,,descriptive,"<div style=""background-color:#fbd0c1;padding:10px"">Daily Bed Return Form (Occupancy)</div>",,,,,,,,,,,,,
is_frm_occ_use,hfa_data_sources_forms,,yesno,Is this document used at this facility?,,"Daily summary statistics of ward data usually compiled by a nurse on duty. This usually contains details including the names and number of patients admitted and discharged, number of beds and cots, admission and discharge summary statistics, etc. ",,,,,,y,,,,,
is_frm_occ_own,hfa_data_sources_forms,,radio,What is the source?,"1, Government/Ministry of Health | 2, Facility | 3, NGO/Special Project | 4, Other <i>(specify below)</i>",,,,,,[is_frm_occ_use] = '1',,RV,,,,
is_frm_occ_othown,hfa_data_sources_forms,,text,Please specify other source:,,,,,,,[is_frm_occ_own] = '4',,RV,,,,
is_frm_occ_pe,hfa_data_sources_forms,,radio,What is the document format?,"0, Paper|1, Electronic",,,,,,[is_frm_occ_use] = '1',,RV,,,,
is_frm_occ_com,hfa_data_sources_forms,,notes,Comments:,,,,,,,,,,,,,
is_frm_hed_7,hfa_data_sources_forms,,descriptive,"<div class=""h4"" style=""background-color:#82cdbf;padding:10px"">Death and Discharge Forms</div>",,,,,,,,,,,,,
is_frm_dis_hed,hfa_data_sources_forms,,descriptive,"<div style=""background-color:#fbd0c1;padding:10px"">Discharge Form</div>",,,,,,,,,,,,,
is_frm_dis_use,hfa_data_sources_forms,,yesno,Is this document used at this facility?,,A record for documenting patient information at the time of discharge from the ward. ,,,,,,y,,,,,
is_frm_dis_own,hfa_data_sources_forms,,radio,What is the source?,"1, Government/Ministry of Health | 2, Facility | 3, NGO/Special Project | 4, Other <i>(specify below)</i>",,,,,,[is_frm_dis_use] = '1',,RV,,,,
is_frm_dis_othown,hfa_data_sources_forms,,text,Please specify other source:,,,,,,,[is_frm_dis_own] = '4',,RV,,,,
is_frm_dis_pe,hfa_data_sources_forms,,radio,What is the document format?,"0, Paper|1, Electronic",,,,,,[is_frm_dis_use] = '1',,RV,,,,
is_frm_dis_com,hfa_data_sources_forms,,notes,Comments:,,,,,,,,,,,,,
is_frm_byaud_hed,hfa_data_sources_forms,,descriptive,"<div style=""background-color:#fbd0c1;padding:10px"">Neonatal Death Audit Form</div>",,,,,,,,,,,,,
is_frm_byaud_use,hfa_data_sources_forms,,yesno,Is this document used at this facility?,,"A structured form for reviewing and/or documenting cause of death for babies <28 days. This usually contains details about the mother and infant, including intrapartum care, neonatal causes of death, place of death and resuscitation.",,,,,,y,RV,,,,
is_frm_byaud_own,hfa_data_sources_forms,,radio,What is the source?,"1, Government/Ministry of Health | 2, Facility | 3, NGO/Special Project | 4, Other <i>(specify below)</i>",,,,,,[is_frm_byaud_use] = '1',,RV,,,,
is_frm_byaud_othown,hfa_data_sources_forms,,text,Please specify other source:,,,,,,,[is_frm_byaud_own] = '4',,RV,,,,
is_frm_byaud_pe,hfa_data_sources_forms,,radio,What is the document format?,"0, Paper|1, Electronic",,,,,,[is_frm_byaud_use] = '1',,,,,,
is_frm_byaud_com,hfa_data_sources_forms,,notes,Comments:,,,,,,,,,,,,,
is_frm_prnaud_hed,hfa_data_sources_forms,,descriptive,"<div style=""background-color:#fbd0c1;padding:10px"">Perinatal Death Audit Form</div>",,,,,,,,,,,,,
is_frm_prnaud_use,hfa_data_sources_forms,,yesno,Is this document used at this facility?,,"A structured form for reviewing and/or documenting cause of death for stillbirths or babies in the first 7 days of life. This usually contains details about the mother and infant, including intrapartum care, causes of death, place of death, and resuscitation. ",,,,,,y,RV,,,,
is_frm_prnaud_own,hfa_data_sources_forms,,radio,What is the source?,"1, Government/Ministry of Health | 2, Facility | 3, NGO/Special Project | 4, Other <i>(specify below)</i>",,,,,,[is_frm_prnaud_use] = '1',,RV,,,,
is_frm_prnaud_othown,hfa_data_sources_forms,,text,Please specify other source:,,,,,,,[is_frm_prnaud_own] = '4',,RV,,,,
is_frm_prnaud_pe,hfa_data_sources_forms,,radio,What is the document format?,"0, Paper|1, Electronic",,,,,,[is_frm_prnaud_use] = '1',,,,,,
is_frm_prnaud_com,hfa_data_sources_forms,,notes,Comments:,,,,,,,,,,,,,
is_frm_decrt_hed,hfa_data_sources_forms,,descriptive,"<div style=""background-color:#fbd0c1;padding:10px"">Death Certification Form</div>",,,,,,,,,,,,,
is_frm_decrt_use,hfa_data_sources_forms,,yesno,Is this document used at this facility?,,An official document used by clinical staff to record the cause of death for each patient.,,,,,,y,,,,,
is_frm_decrt_own,hfa_data_sources_forms,,radio,What is the source?,"1, Government/Ministry of Health | 2, Facility | 3, NGO/Special Project | 4, Other <i>(specify below)</i>",,,,,,[is_frm_decrt_use] = '1',,RV,,,,
is_frm_decrt_othown,hfa_data_sources_forms,,text,Please specify other source:,,,,,,,[is_frm_decrt_own] = '4',,RV,,,,
is_frm_decrt_pe,hfa_data_sources_forms,,radio,What is the document format?,"0, Paper|1, Electronic",,,,,,[is_frm_decrt_use] = '1',,RV,,,,
is_frm_decrt_com,hfa_data_sources_forms,,notes,Comments:,,,,,,,,,,,,,
is_frm_bydenf_hed,hfa_data_sources_forms,,descriptive,"<div style=""background-color:#fbd0c1;padding:10px"">Neonatal Death Notification</div>",,,,,,,,,,,,,
is_frm_bydenf_use,hfa_data_sources_forms,,yesno,Is this document used at this facility?,,"An official document issued by the hospital where death took place for babies <28 days. This usually contains details about the mother and infant, including causes of death, place of death, the date, stamp and an authorized signature from the hospital. Used to apply for the Death Certificate.",,,,,,y,RV,,,,
is_frm_bydenf_own,hfa_data_sources_forms,,radio,What is the source?,"1, Government/Ministry of Health | 2, Facility | 3, NGO/Special Project | 4, Other <i>(specify below)</i>",,,,,,[is_frm_bydenf_use] = '1',,RV,,,,
is_frm_bydenf_othown,hfa_data_sources_forms,,text,Please specify other source:,,,,,,,[is_frm_bydenf_own] = '4',,RV,,,,
is_frm_bydenf_pe,hfa_data_sources_forms,,radio,What is the document format?,"0, Paper|1, Electronic",,,,,,[is_frm_bydenf_use] = '1',,,,,,
is_frm_bydenf_com,hfa_data_sources_forms,,notes,Comments:,,,,,,,,,,,,,
is_frm_prndenf_hed,hfa_data_sources_forms,,descriptive,"<div style=""background-color:#fbd0c1;padding:10px"">Perinatal Death Notification</div>",,,,,,,,,,,,,
is_frm_prndenf_use,hfa_data_sources_forms,,yesno,Is this document used at this facility?,,"An official document issued by the hospital where death took place for stillbirths or babies in the first 7 days of life. This usually contains details about the mother and infant, including causes of death, place of death, the date, stamp and an authorized signature from the hospital. Used to apply for the Death Certificate.",,,,,,y,RV,,,,
is_frm_prndenf_own,hfa_data_sources_forms,,radio,What is the source?,"1, Government/Ministry of Health | 2, Facility | 3, NGO/Special Project | 4, Other <i>(specify below)</i>",,,,,,[is_frm_prndenf_use] = '1',,RV,,,,
is_frm_prndenf_othown,hfa_data_sources_forms,,text,Please specify other source:,,,,,,,[is_frm_prndenf_own] = '4',,RV,,,,
is_frm_prndenf_pe,hfa_data_sources_forms,,radio,What is the document format?,"0, Paper|1, Electronic",,,,,,[is_frm_prndenf_use] = '1',,,,,,
is_frm_prndenf_com,hfa_data_sources_forms,,notes,Comments:,,,,,,,,,,,,,
is_frm_hed_8,hfa_data_sources_forms,,descriptive,"<div class=""h4"" style=""background-color:#82cdbf;padding:10px"">Other Forms</div>",,,,,,,,,,,,,
is_frm_pedadm_hed,hfa_data_sources_forms,,descriptive,"<div style=""background-color:#fbd0c1;padding:10px"">Pediatric Admission and Discharge Form</div>",,,,,,,,,,,,,
is_frm_pedadm_use,hfa_data_sources_forms,,yesno,Is this document used at this facility?,,"A pediatric admission form is a structured record for documenting information at time of admission and during inpatient stay. This usually contains details like patient biodata (e.g. name, DOB, etc.), history, examination, investigations, admission diagnosis and name of admitting clinical staff member. A pediatric discharge form is a structured record for documenting information at discharge from the pediatric ward. This usually contains details like patient biodata (e.g. name, DOB, etc.), discharge diagnosis, management while in the pediatric ward, discharge outcome, follow-up care and name of discharging clinical staff member.",,,,,,y,,,,,
is_frm_pedadm_own,hfa_data_sources_forms,,radio,What is the source?,"1, Government/Ministry of Health | 2, Facility | 3, NGO/Special Project | 4, Other <i>(specify below)</i>",,,,,,[is_frm_pedadm_use] = '1',,RV,,,,
is_frm_pedadm_othown,hfa_data_sources_forms,,text,Please specify other source:,,,,,,,[is_frm_pedadm_own] = '4',,RV,,,,
is_frm_pedadm_pe,hfa_data_sources_forms,,radio,What is the document format?,"0, Paper|1, Electronic",,,,,,[is_frm_pedadm_use] = '1',,RV,,,,
is_frm_pedadm_com,hfa_data_sources_forms,,notes,Comments:,,,,,,,,,,,,,
is_frm_bur_hed,hfa_data_sources_forms,,descriptive,"<div style=""background-color:#fbd0c1;padding:10px"">Burial Permits</div>",,,,,,,,,,,,,
is_frm_bur_chl_use,hfa_data_sources_forms,,yesno,Is this document used at this facility?,,An official statement authorizing the removal of the dead body from mortuary to the cemetery.,,,,,,y,,,,,
is_frm_bur_chl_own,hfa_data_sources_forms,,radio,What is the source?,"1, Government/Ministry of Health | 2, Facility | 3, NGO/Special Project | 4, Other <i>(specify below)</i>",,,,,,[is_frm_bur_chl_use] = '1',,RV,,,,
is_frm_bur_chl_othown,hfa_data_sources_forms,,text,Please specify other source:,,,,,,,[is_frm_bur_chl_own] = '4',,RV,,,,
is_frm_bur_chl_pe,hfa_data_sources_forms,,radio,What is the document format?,"0, Paper|1, Electronic",,,,,,[is_frm_bur_chl_use] = '1',,RV,,,,
is_frm_bur_chl_com,hfa_data_sources_forms,,notes,Comments:,,,,,,,,,,,,,
is_frm_fu_hed,hfa_data_sources_forms,,descriptive,"<div style=""background-color:#fbd0c1;padding:10px"">Follow-Up Card</div>",,,,,,,,,,,,,
is_frm_fu_use,hfa_data_sources_forms,,yesno,Is this document used at this facility?,,"A card providing details of any follow-up outpatient appointment, including date, time and location.",,,,,,y,,,,,
is_frm_fu_own,hfa_data_sources_forms,,radio,What is the source?,"1, Government/Ministry of Health | 2, Facility | 3, NGO/Special Project | 4, Other <i>(specify below)</i>",,,,,,[is_frm_fu_use] = '1',,RV,,,,
is_frm_fu_othown,hfa_data_sources_forms,,text,Please specify other source:,,,,,,,[is_frm_fu_own] = '4',,RV,,,,
is_frm_fu_pe,hfa_data_sources_forms,,radio,What is the document format?,"0, Paper|1, Electronic",,,,,,[is_frm_fu_use] = '1',,RV,,,,
is_frm_fu_com,hfa_data_sources_forms,,notes,Comments:,,,,,,,,,,,,,
is_frm_hed_9,hfa_data_sources_forms,,descriptive,"<div class=""h4"" style=""background-color:#82cdbf;padding:10px"">Other Neonatal Care Forms</div>",,,,,,,,,,,,,
is_frm_oth_use,hfa_data_sources_forms,,yesno,Are there any other forms regularly used on the neonatal unit not covered in the previous questions?,,,,,,,,y,RV,,,,
is_frm_oth_num,hfa_data_sources_forms,,radio,How many additional forms would you like to enter data for?,"1, 1 form | 2, 2 forms | 3, 3 forms | 4, 4 forms | 5, 5 forms",,,,,,[is_frm_oth_use] = '1',,RV,,,,
is_frm_oth_hed_1,hfa_data_sources_forms,,descriptive,"<div style=""background-color:#fbd0c1;padding:10px"">Other form #1</div>",,,,,,,[is_frm_oth_num] >= 1,,,,,,
is_frm_oth_own_1,hfa_data_sources_forms,,radio,What is the source?,"1, Government/Ministry of Health | 2, Facility | 3, NGO/Special Project | 4, Other <i>(specify below)</i>",,,,,,[is_frm_oth_num] >= 1,,RV,,,,
is_frm_oth_othown_1,hfa_data_sources_forms,,text,Please specify other source:,,,,,,,[is_frm_oth_own_1] = '4',,,,,,
is_frm_oth_nam_1,hfa_data_sources_forms,,text,Name,,<font size = 2>Enter the name of the form.</font>,,,,,[is_frm_oth_num] >= 1,,RV,,,,
is_frm_oth_pe_1,hfa_data_sources_forms,,radio,What is the document format?,"0, Paper | 1, Electronic",,,,,,[is_frm_oth_num] >= 1,,RV,,,,
is_frm_oth_com_1,hfa_data_sources_forms,,notes,Comments:,,,,,,,[is_frm_oth_num] >= 1,,,,,,
is_frm_oth_hed_2,hfa_data_sources_forms,,descriptive,"<div style=""background-color:#fbd0c1;padding:10px"">Other form #2</div>",,,,,,,[is_frm_oth_num] >= 2,,,,,,
is_frm_oth_own_2,hfa_data_sources_forms,,radio,What is the source?,"1, Government/Ministry of Health | 2, Facility | 3, NGO/Special Project | 4, Other <i>(specify below)</i>",,,,,,[is_frm_oth_num] >= 2,,RV,,,,
is_frm_oth_othown_2,hfa_data_sources_forms,,text,Please specify other source:,,,,,,,[is_frm_oth_own_2] = '4',,,,,,
is_frm_oth_nam_2,hfa_data_sources_forms,,text,Name,,<font size = 2>Enter the name of the form.</font>,,,,,[is_frm_oth_num] >= 2,,RV,,,,
is_frm_oth_pe_2,hfa_data_sources_forms,,radio,What is the document format?,"0, Paper | 1, Electronic",,,,,,[is_frm_oth_num] >= 2,,RV,,,,
is_frm_oth_com_2,hfa_data_sources_forms,,notes,Comments:,,,,,,,[is_frm_oth_num] >= 2,,,,,,
is_frm_oth_hed_3,hfa_data_sources_forms,,descriptive,"<div style=""background-color:#fbd0c1;padding:10px"">Other form #3</div>",,,,,,,[is_frm_oth_num] >= 3,,,,,,
is_frm_oth_own_3,hfa_data_sources_forms,,radio,What is the source?,"1, Government/Ministry of Health | 2, Facility | 3, NGO/Special Project | 4, Other <i>(specify below)</i>",,,,,,[is_frm_oth_num] >= 3,,RV,,,,
is_frm_oth_othown_3,hfa_data_sources_forms,,text,Please specify other source:,,,,,,,[is_frm_oth_own_3] = '4',,,,,,
is_frm_oth_nam_3,hfa_data_sources_forms,,text,Name,,<font size = 2>Enter the name of the form.</font>,,,,,[is_frm_oth_num] >= 3,,RV,,,,
is_frm_oth_pe_3,hfa_data_sources_forms,,radio,What is the document format?,"0, Paper | 1, Electronic",,,,,,[is_frm_oth_num] >= 3,,RV,,,,
is_frm_oth_com_3,hfa_data_sources_forms,,notes,Comments:,,,,,,,[is_frm_oth_num] >= 3,,,,,,
is_frm_oth_hed_4,hfa_data_sources_forms,,descriptive,"<div style=""background-color:#fbd0c1;padding:10px"">Other form #4</div>",,,,,,,[is_frm_oth_num] >= 4,,,,,,
is_frm_oth_own_4,hfa_data_sources_forms,,radio,What is the source?,"1, Government/Ministry of Health | 2, Facility | 3, NGO/Special Project | 4, Other <i>(specify below)</i>",,,,,,[is_frm_oth_num] >= 4,,RV,,,,
is_frm_oth_othown_4,hfa_data_sources_forms,,text,Please specify other source:,,,,,,,[is_frm_oth_own_4] = '4',,,,,,
is_frm_oth_nam_4,hfa_data_sources_forms,,text,Name,,<font size = 2>Enter the name of the form.</font>,,,,,[is_frm_oth_num] >= 4,,RV,,,,
is_frm_oth_pe_4,hfa_data_sources_forms,,radio,What is the document format?,"0, Paper | 1, Electronic",,,,,,[is_frm_oth_num] >= 4,,RV,,,,
is_frm_oth_com_4,hfa_data_sources_forms,,notes,Comments:,,,,,,,[is_frm_oth_num] >= 4,,,,,,
is_frm_oth_hed_5,hfa_data_sources_forms,,descriptive,"<div style=""background-color:#fbd0c1;padding:10px"">Other form #5</div>",,,,,,,[is_frm_oth_num] >= 5,,,,,,
is_frm_oth_own_5,hfa_data_sources_forms,,radio,What is the source?,"1, Government/Ministry of Health | 2, Facility | 3, NGO/Special Project | 4, Other <i>(specify below)</i>",,,,,,[is_frm_oth_num] >= 5,,RV,,,,
is_frm_oth_othown_5,hfa_data_sources_forms,,text,Please specify other source:,,,,,,,[is_frm_oth_own_5] = '4',,,,,,
is_frm_oth_nam_5,hfa_data_sources_forms,,text,Name,,<font size = 2>Enter the name of the form.</font>,,,,,[is_frm_oth_num] >= 5,,RV,,,,
is_frm_oth_pe_5,hfa_data_sources_forms,,radio,What is the document format?,"0, Paper | 1, Electronic",,,,,,[is_frm_oth_num] >= 5,,RV,,,,
is_frm_oth_com_5,hfa_data_sources_forms,,notes,Comments:,,,,,,,[is_frm_oth_num] >= 5,,,,,,
is_frm_hed_10,hfa_data_sources_forms,,descriptive,"<div style=""background-color:#82cdbf; padding:5px""></div>",,,,,,,,,,,,,
is_frm_com,hfa_data_sources_forms,,notes,Comments:,,,,,,,,,,,,,
is_reg_hed_1,hfa_data_sources_registers_and_tally_sheets,,descriptive,"<div class=""h4"" style=""background-color:#82cdbf;padding:10px""></div>",,,,,,,,,,,,,
is_reg_ban_1,hfa_data_sources_registers_and_tally_sheets,,descriptive,,,,,,,,,,,,,,
is_reg_hed_2,hfa_data_sources_registers_and_tally_sheets,,descriptive,"<div class=""h4"" style=""background-color:#82cdbf;padding:10px"">Data Sources - Registers and Tally Sheets</div>",,,,,,,,,,,,,
is_reg_ins_1,hfa_data_sources_registers_and_tally_sheets,,descriptive,"<p style=""font-weight:normal""><i><b>INSTRUCTIONS:</b> Please direct these questions towards the data clerk and/or the Health Records and Information Officer (HRIO). Select ""Yes"" if the document is used at the facility and ""No"" if it is not used at the facility. The document can be part of a larger document or booklet. If it is used at the facility, indicate the source (who created the register/tally sheet) and if it is paper-based or electronic. Examples of who created the document include ""government"" if it is an official ministry of health document, ""facility"" if the facility developed the document itself, ""NGO"" or ""Project"" if it is part of a special study or NGO-led program (e.g. WHO KMC study). If the register/tally sheet was created by the facility and is only used by the facility, the source would be the facility. If the facility has an informal method of documenting this information, please specify in the comment box.<br><br>It is likely that you will have to walk around to different parts of the hospital to view all the documents. If some of these documents are combined at a facility, please indicate that each one is available in the separate lines. <br><br>Please do not leave any variable blank. If a free text variable is unknown and an answer is required, write ""-1"" for numeric fields and ""unknown"" for text fields. If a multiple-choice variable is unknown, select ""unknown"".<b></p>",,,,,,,,,,,,,
is_reg_ld_hed_1,hfa_data_sources_registers_and_tally_sheets,,descriptive,"<div class=""h4"" style=""background-color:#82cdbf;padding:10px"">Labor and Delivery</div>",,,,,,,,,,,,,
is_reg_ld_hed,hfa_data_sources_registers_and_tally_sheets,,descriptive,"<div style=""background-color:#fbd0c1;padding:10px"">Labor and Delivery Ward Register</div>",,,,,,,,,,,,,
is_reg_ld_use,hfa_data_sources_registers_and_tally_sheets,,yesno,Is this document used at this facility?,,This register contains individual patient information for all mothers that are patients on the labor and delivery ward.,,,,,,y,,,,,
is_reg_ld_own,hfa_data_sources_registers_and_tally_sheets,,radio,What is the source?,"1, Government/Ministry of Health | 2, Facility | 3, NGO/Special Project | 4, Other <i>(specify below)</i>",,,,,,[is_reg_ld_use] = '1',,RV,,,,
is_reg_ld_othown,hfa_data_sources_registers_and_tally_sheets,,text,Please specify other source:,,,,,,,[is_reg_ld_own] = '4',,RV,,,,
is_reg_ld_pe,hfa_data_sources_registers_and_tally_sheets,,radio,What is the document format?,"0, Paper|1, Electronic",,,,,,[is_reg_ld_use] = '1',,RV,,,,
is_reg_ld_com,hfa_data_sources_registers_and_tally_sheets,,notes,Comments:,,,,,,,,,,,,,
is_reg_pmtct_hed,hfa_data_sources_registers_and_tally_sheets,,descriptive,"<div style=""background-color:#fbd0c1;padding:10px"">Prevention of Mother to Child Transmission (PMTCT) Labor and Delivery Register</div>",,,,,,,,,,,,,
is_reg_pmtct_use,hfa_data_sources_registers_and_tally_sheets,,yesno,Is this document used at this facility?,,This is specifically for mothers whose HIV status was tested during labor and delivery. This register contains individual patient information for all HIV positive mothers that are patients on the labor and delivery ward.,,,,,,y,,,,,
is_reg_pmtct_own,hfa_data_sources_registers_and_tally_sheets,,radio,What is the source?,"1, Government/Ministry of Health | 2, Facility | 3, NGO/Special Project | 4, Other <i>(specify below)</i>",,,,,,[is_reg_pmtct_use] = '1',,RV,,,,
is_reg_pmtct_othown,hfa_data_sources_registers_and_tally_sheets,,text,Please specify other source:,,,,,,,[is_reg_pmtct_own] = '4',,RV,,,,
is_reg_pmtct_pe,hfa_data_sources_registers_and_tally_sheets,,radio,What is the document format?,"0, Paper|1, Electronic",,,,,,[is_reg_pmtct_use] = '1',,RV,,,,
is_reg_pmtct_com,hfa_data_sources_registers_and_tally_sheets,,notes,Comments:,,,,,,,,,,,,,
is_reg_hbb_hed,hfa_data_sources_registers_and_tally_sheets,,descriptive,"<div style=""background-color:#fbd0c1;padding:10px"">Helping Babies Breathe (HBB) Register</div>",,,,,,,,,,,,,
is_reg_hbb_use,hfa_data_sources_registers_and_tally_sheets,,yesno,Is this document used at this facility?,,This register contains individual patient information for asphyxiated neonates.,,,,,,y,,,,,
is_reg_hbb_own,hfa_data_sources_registers_and_tally_sheets,,radio,What is the source?,"1, Government/Ministry of Health | 2, Facility | 3, NGO/Special Project | 4, Other <i>(specify below)</i>",,,,,,[is_reg_hbb_use] = '1',,RV,,,,
is_reg_hbb_othown,hfa_data_sources_registers_and_tally_sheets,,text,Please specify other source:,,,,,,,[is_reg_hbb_own] = '4',,RV,,,,
is_reg_hbb_pe,hfa_data_sources_registers_and_tally_sheets,,radio,What is the document format?,"0, Paper|1, Electronic",,,,,,[is_reg_hbb_use] = '1',,RV,,,,
is_reg_hbb_com,hfa_data_sources_registers_and_tally_sheets,,notes,Comments:,,,,,,,,,,,,,
is_reg_by_hed,hfa_data_sources_registers_and_tally_sheets,,descriptive,"<div class=""h4"" style=""background-color:#82cdbf;padding:10px"">Newborn and Pediatric</div>",,,,,,,,,,,,,
is_reg_nu_hed,hfa_data_sources_registers_and_tally_sheets,,descriptive,"<div style=""background-color:#fbd0c1;padding:10px"">Neonatal Admissions Register</div>",,,,,,,,,,,,,
is_reg_nu_use,hfa_data_sources_registers_and_tally_sheets,,yesno,Is this document used at this facility?,,This register contains individual patient information for all neonates admitted to the neonatal unit. ,,,,,,y,,,,,
is_reg_nu_own,hfa_data_sources_registers_and_tally_sheets,,radio,What is the source?,"1, Government/Ministry of Health | 2, Facility | 3, NGO/Special Project | 4, Other <i>(specify below)</i>",,,,,,[is_reg_nu_use] = '1',,RV,,,,
is_reg_nu_othown,hfa_data_sources_registers_and_tally_sheets,,text,Please specify other source:,,,,,,,[is_reg_nu_own] = '4',,RV,,,,
is_reg_nu_pe,hfa_data_sources_registers_and_tally_sheets,,radio,What is the document format?,"0, Paper|1, Electronic",,,,,,[is_reg_nu_use] = '1',,RV,,,,
is_reg_nu_cmp,hfa_data_sources_registers_and_tally_sheets,,yesno,<b>For observation only:</b> Are all data entry fields complete for the last 4 weeks?,,Select YES if all data entry fields are complete for the last 4 weeks.,,,,,[is_reg_nu_use] = '1',,RV,,,,
is_reg_nu_dt,hfa_data_sources_registers_and_tally_sheets,,yesno,<b>For observation only:</b> Is the register filled up to last night?,,Select YES if the register is filled up to the day before you are completing the assessment. ,,,,,[is_reg_nu_use] = '1',,RV,,,,
is_reg_nu_com,hfa_data_sources_registers_and_tally_sheets,,notes,Comments:,,,,,,,,,,,,,
is_reg_nudis_hed,hfa_data_sources_registers_and_tally_sheets,,descriptive,"<div style=""background-color:#fbd0c1;padding:10px"">Neonatal Discharge Register</div>",,,,,,,,,,,,,
is_reg_nudis_use,hfa_data_sources_registers_and_tally_sheets,,yesno,Is this document used at this facility?,,This register contains individual patient information for all neonates discharged from the neonatal unit.,,,,,,y,,,,,
is_reg_nudis_own,hfa_data_sources_registers_and_tally_sheets,,radio,What is the source?,"1, Government/Ministry of Health | 2, Facility | 3, NGO/Special Project | 4, Other <i>(specify below)</i>",,,,,,[is_reg_nudis_use] = '1',,RV,,,,
is_reg_nudis_othown,hfa_data_sources_registers_and_tally_sheets,,text,Please specify other source:,,,,,,,[is_reg_nudis_own] = '4',,RV,,,,
is_reg_nudis_pe,hfa_data_sources_registers_and_tally_sheets,,radio,What is the document format?,"0, Paper|1, Electronic",,,,,,[is_reg_nudis_use] = '1',,RV,,,,
is_reg_nudis_cmp,hfa_data_sources_registers_and_tally_sheets,,yesno,<b>For observation only:</b> Are all data entry fields complete for the last 4 weeks?,,Select YES if all data entry fields are complete for the last 4 weeks.,,,,,[is_reg_nudis_use] = '1',,RV,,,,
is_reg_nudis_dt,hfa_data_sources_registers_and_tally_sheets,,yesno,<b>For observation only:</b> Is the register filled up to last night?,,Select YES if the register is filled up to the day before you are completing the assessment. ,,,,,[is_reg_nudis_use] = '1',,RV,,,,
is_reg_nudis_com,hfa_data_sources_registers_and_tally_sheets,,notes,Comments:,,,,,,,,,,,,,
is_reg_prn_hed,hfa_data_sources_registers_and_tally_sheets,,descriptive,"<div style=""background-color:#fbd0c1;padding:10px"">Postnatal Register</div>",,,,,,,,,,,,,
is_reg_prn_use,hfa_data_sources_registers_and_tally_sheets,,yesno,Is this document used at this facility?,,This register contains individual patient information for all neonates cared for on the postnatal ward or at the postnatal clinic.,,,,,,y,RV,,,,
is_reg_prn_own,hfa_data_sources_registers_and_tally_sheets,,radio,What is the source?,"1, Government/Ministry of Health | 2, Facility | 3, NGO/Special Project | 4, Other <i>(specify below)</i>",,,,,,[is_reg_prn_use] = '1',,RV,,,,
is_reg_prn_othown,hfa_data_sources_registers_and_tally_sheets,,text,Please specify other source:,,,,,,,[is_reg_prn_own] = '4',,RV,,,,
is_reg_prn_pe,hfa_data_sources_registers_and_tally_sheets,,radio,What is the document format?,"0, Paper|1, Electronic",,,,,,[is_reg_prn_use] = '1',,,,,,
is_reg_prn_com,hfa_data_sources_registers_and_tally_sheets,,notes,Comments:,,,,,,,,,,,,,
is_reg_out5_hed,hfa_data_sources_registers_and_tally_sheets,,descriptive,"<div style=""background-color:#fbd0c1;padding:10px"">Outpatient Register Under 5 years</div>",,,,,,,,,,,,,
is_reg_out5_use,hfa_data_sources_registers_and_tally_sheets,,yesno,Is this document used at this facility?,,This register contains individual patient information for all patients under 5 years old who are cared for at outpatient departments.,,,,,,y,,,,,
is_reg_out5_own,hfa_data_sources_registers_and_tally_sheets,,radio,What is the source?,"1, Government/Ministry of Health | 2, Facility | 3, NGO/Special Project | 4, Other <i>(specify below)</i>",,,,,,[is_reg_out5_use] = '1',,RV,,,,
is_reg_out5_othown,hfa_data_sources_registers_and_tally_sheets,,text,Please specify other source:,,,,,,,[is_reg_out5_own] = '4',,RV,,,,
is_reg_out5_pe,hfa_data_sources_registers_and_tally_sheets,,radio,What is the document format?,"0, Paper|1, Electronic",,,,,,[is_reg_out5_use] = '1',,RV,,,,
is_reg_out5_com,hfa_data_sources_registers_and_tally_sheets,,notes,Comments:,,,,,,,,,,,,,
is_reg_in5_hed,hfa_data_sources_registers_and_tally_sheets,,descriptive,"<div style=""background-color:#fbd0c1;padding:10px"">Inpatient Register Under 5 years</div>",,,,,,,,,,,,,
is_reg_in5_use,hfa_data_sources_registers_and_tally_sheets,,yesno,Is this document used at this facility?,,This register contains individual patient information for all patients under 5 years old who are cared for at intpatient departments.,,,,,,y,,,,,
is_reg_in5_own,hfa_data_sources_registers_and_tally_sheets,,radio,What is the source?,"1, Government/Ministry of Health | 2, Facility | 3, NGO/Special Project | 4, Other <i>(specify below)</i>",,,,,,[is_reg_in5_use] = '1',,RV,,,,
is_reg_in5_othown,hfa_data_sources_registers_and_tally_sheets,,text,Please specify other source:,,,,,,,[is_reg_in5_own] = '4',,RV,,,,
is_reg_in5_pe,hfa_data_sources_registers_and_tally_sheets,,radio,What is the document format?,"0, Paper|1, Electronic",,,,,,[is_reg_in5_use] = '1',,RV,,,,
is_reg_in5_com,hfa_data_sources_registers_and_tally_sheets,,notes,Comments:,,,,,,,,,,,,,
is_reg_de_hed_1,hfa_data_sources_registers_and_tally_sheets,,descriptive,"<div class=""h4"" style=""background-color:#82cdbf;padding:10px"">Death and Referral</div>",,,,,,,,,,,,,
is_reg_de_hed,hfa_data_sources_registers_and_tally_sheets,,descriptive,"<div style=""background-color:#fbd0c1;padding:10px"">Death/Mortuary Register</div>",,,,,,,,,,,,,
is_reg_de_use,hfa_data_sources_registers_and_tally_sheets,,yesno,Is this document used at this facility?,,This register contains individual patient information for all cases in the facility mortuary. This also includes deaths that have not been certified by clinical staff.,,,,,,y,,,,,
is_reg_de_own,hfa_data_sources_registers_and_tally_sheets,,radio,What is the source?,"1, Government/Ministry of Health | 2, Facility | 3, NGO/Special Project | 4, Other <i>(specify below)</i>",,,,,,[is_reg_de_use] = '1',,RV,,,,
is_reg_de_othown,hfa_data_sources_registers_and_tally_sheets,,text,Please specify other source:,,,,,,,[is_reg_de_own] = '4',,RV,,,,
is_reg_de_pe,hfa_data_sources_registers_and_tally_sheets,,radio,What is the document format?,"0, Paper|1, Electronic",,,,,,[is_reg_de_use] = '1',,RV,,,,
is_reg_de_com,hfa_data_sources_registers_and_tally_sheets,,notes,Comments:,,,,,,,,,,,,,
is_reg_ref_hed,hfa_data_sources_registers_and_tally_sheets,,descriptive,"<div style=""background-color:#fbd0c1;padding:10px"">Referral/Counter Referral Register</div>",,,,,,,,,,,,,
is_reg_ref_use,hfa_data_sources_registers_and_tally_sheets,,yesno,Is this document used at this facility?,,This register contains individual patient information for all referral cases in a facility.  ,,,,,,y,,,,,
is_reg_ref_own,hfa_data_sources_registers_and_tally_sheets,,radio,What is the source?,"1, Government/Ministry of Health | 2, Facility | 3, NGO/Special Project | 4, Other <i>(specify below)</i>",,,,,,[is_reg_ref_use] = '1',,RV,,,,
is_reg_ref_othown,hfa_data_sources_registers_and_tally_sheets,,text,Please specify other source:,,,,,,,[is_reg_ref_own] = '4',,RV,,,,
is_reg_ref_pe,hfa_data_sources_registers_and_tally_sheets,,radio,What is the document format?,"0, Paper|1, Electronic",,,,,,[is_reg_ref_use] = '1',,RV,,,,
is_reg_ref_com,hfa_data_sources_registers_and_tally_sheets,,notes,Comments:,,,,,,,,,,,,,
is_reg_cod_hed,hfa_data_sources_registers_and_tally_sheets,,descriptive,"<div style=""background-color:#fbd0c1;padding:10px"">Mortality and Cause of Death Book</div>",,,,,,,,,,,,,
is_reg_cod_use,hfa_data_sources_registers_and_tally_sheets,,yesno,Is this document used at this facility?,,A register for recording all deaths that occur in the facility and have been certified by a clinical staff member.,,,,,,y,,,,,
is_reg_cod_own,hfa_data_sources_registers_and_tally_sheets,,radio,What is the source?,"1, Government/Ministry of Health | 2, Facility | 3, NGO/Special Project | 4, Other <i>(specify below)</i>",,,,,,[is_reg_cod_use] = '1',,RV,,,,
is_reg_cod_othown,hfa_data_sources_registers_and_tally_sheets,,text,Please specify other source:,,,,,,,[is_reg_cod_own] = '4',,RV,,,,
is_reg_cod_pe,hfa_data_sources_registers_and_tally_sheets,,radio,What is the document format?,"0, Paper|1, Electronic",,,,,,[is_reg_cod_use] = '1',,RV,,,,
is_reg_cod_com,hfa_data_sources_registers_and_tally_sheets,,notes,Comments:,,,,,,,,,,,,,
is_reg_oth_hed,hfa_data_sources_registers_and_tally_sheets,,descriptive,"<div class=""h4"" style=""background-color:#82cdbf;padding:10px"">Other Registers</div>",,,,,,,,,,,,,
is_reg_kmc_hed,hfa_data_sources_registers_and_tally_sheets,,descriptive,"<div style=""background-color:#fbd0c1;padding:10px"">Kangaroo Mother Care (KMC) Register</div>",,,,,,,,,,,,,
is_reg_kmc_use,hfa_data_sources_registers_and_tally_sheets,,yesno,Is this document used at this facility?,,This register contains individual patient information for all babies admitted for Kangaroo Mother Care.,,,,,,y,,,,,
is_reg_kmc_own,hfa_data_sources_registers_and_tally_sheets,,radio,What is the source?,"1, Government/Ministry of Health | 2, Facility | 3, NGO/Special Project | 4, Other <i>(specify below)</i>",,,,,,[is_reg_kmc_use] = '1',,RV,,,,
is_reg_kmc_othown,hfa_data_sources_registers_and_tally_sheets,,text,Please specify other source:,,,,,,,[is_reg_kmc_own] = '4',,RV,,,,
is_reg_kmc_pe,hfa_data_sources_registers_and_tally_sheets,,radio,What is the document format?,"0, Paper|1, Electronic",,,,,,[is_reg_kmc_use] = '1',,RV,,,,
is_reg_kmc_cmp,hfa_data_sources_registers_and_tally_sheets,,yesno,<b>For observation only:</b> Are all data entry fields complete for the last 4 weeks?,,Select YES if all data entry fields are complete for the last 4 weeks.,,,,,[is_reg_kmc_use] = '1',,RV,,,,
is_reg_kmc_dt,hfa_data_sources_registers_and_tally_sheets,,yesno,<b>For observation only:</b> Is the register filled up to last night?,,Select YES if the register is filled up to the day before you are completing the assessment. ,,,,,[is_reg_kmc_use] = '1',,RV,,,,
is_reg_kmc_com,hfa_data_sources_registers_and_tally_sheets,,notes,Comments:,,,,,,,,,,,,,
is_reg_epi_hed,hfa_data_sources_registers_and_tally_sheets,,descriptive,"<div style=""background-color:#fbd0c1;padding:10px"">Immunization Permanent Register (EPI)</div>",,,,,,,,,,,,,
is_reg_epi_use,hfa_data_sources_registers_and_tally_sheets,,yesno,Is this document used at this facility?,,This register contains individual patient information for all patients who visit for immunizations/vaccinations.,,,,,,y,,,,,
is_reg_epi_own,hfa_data_sources_registers_and_tally_sheets,,radio,What is the source?,"1, Government/Ministry of Health | 2, Facility | 3, NGO/Special Project | 4, Other <i>(specify below)</i>",,,,,,[is_reg_epi_use] = '1',,RV,,,,
is_reg_epi_othown,hfa_data_sources_registers_and_tally_sheets,,text,Please specify other source:,,,,,,,[is_reg_epi_own] = '4',,RV,,,,
is_reg_epi_pe,hfa_data_sources_registers_and_tally_sheets,,radio,What is the document format?,"0, Paper|1, Electronic",,,,,,[is_reg_epi_use] = '1',,RV,,,,
is_reg_epi_com,hfa_data_sources_registers_and_tally_sheets,,notes,Comments:,,,,,,,,,,,,,
is_reg_chl_hed,hfa_data_sources_registers_and_tally_sheets,,descriptive,"<div style=""background-color:#fbd0c1;padding:10px"">Child Welfare Clinic Register</div>",,,,,,,,,,,,,
is_reg_chl_use,hfa_data_sources_registers_and_tally_sheets,,yesno,Is this document used at this facility?,,This register contains individual patient information for all children under 5 years old who visit the child welfare clinic for growth monitoring.,,,,,,y,,,,,
is_reg_chl_own,hfa_data_sources_registers_and_tally_sheets,,radio,What is the source?,"1, Government/Ministry of Health | 2, Facility | 3, NGO/Special Project | 4, Other <i>(specify below)</i>",,,,,,[is_reg_chl_use] = '1',,RV,,,,
is_reg_chl_othown,hfa_data_sources_registers_and_tally_sheets,,text,Please specify other source:,,,,,,,[is_reg_chl_own] = '4',,RV,,,,
is_reg_chl_pe,hfa_data_sources_registers_and_tally_sheets,,radio,What is the document format?,"0, Paper|1, Electronic",,,,,,[is_reg_chl_use] = '1',,RV,,,,
is_reg_chl_com,hfa_data_sources_registers_and_tally_sheets,,notes,Comments:,,,,,,,,,,,,,
is_reg_hiv_hed,hfa_data_sources_registers_and_tally_sheets,,descriptive,"<div style=""background-color:#fbd0c1;padding:10px"">HIV Care and Treatment Register</div>",,,,,,,,,,,,,
is_reg_hiv_use,hfa_data_sources_registers_and_tally_sheets,,yesno,Is this document used at this facility?,,This register contains individual patient information for all patients who visit the HIV Care and Treatment clinic.,,,,,,y,,,,,
is_reg_hiv_own,hfa_data_sources_registers_and_tally_sheets,,radio,What is the source?,"1, Government/Ministry of Health | 2, Facility | 3, NGO/Special Project | 4, Other <i>(specify below)</i>",,,,,,[is_reg_hiv_use] = '1',,RV,,,,
is_reg_hiv_othown,hfa_data_sources_registers_and_tally_sheets,,text,Please specify other source:,,,,,,,[is_reg_hiv_own] = '4',,RV,,,,
is_reg_hiv_pe,hfa_data_sources_registers_and_tally_sheets,,radio,What is the document format?,"0, Paper|1, Electronic",,,,,,[is_reg_hiv_use] = '1',,RV,,,,
is_reg_hiv_com,hfa_data_sources_registers_and_tally_sheets,,notes,Comments:,,,,,,,,,,,,,
is_reg_hed_3,hfa_data_sources_registers_and_tally_sheets,,descriptive,"<div class=""h4"" style=""background-color:#82cdbf;padding:10px"">Other Neonatal Care Registers</div>",,,,,,,,,,,,,
is_reg_oth_use,hfa_data_sources_registers_and_tally_sheets,,yesno,Are there any other registers regularly used in the neonatal unit not covered in the previous questions?,,,,,,,,y,RV,,,,
is_reg_oth_num,hfa_data_sources_registers_and_tally_sheets,,radio,How many additional registers would you like to enter data for?,"1, 1 register | 2, 2 registers | 3, 3 registers | 4, 4 registers | 5, 5 registers",,,,,,[is_reg_oth_use] = '1',,RV,,,,
is_reg_oth_hed_1,hfa_data_sources_registers_and_tally_sheets,,descriptive,"<div style=""background-color:#fbd0c1;padding:10px"">Other Register #1</div>",,,,,,,[is_reg_oth_num] >= 1,,,,,,
is_reg_oth_nam_1,hfa_data_sources_registers_and_tally_sheets,,text,Name,,Enter the name of the register.,,,,,[is_reg_oth_num] >= 1,,RV,,,,
is_reg_oth_own_1,hfa_data_sources_registers_and_tally_sheets,,radio,What is the source?,"1, Government/Ministry of Health | 2, Facility | 3, NGO/Special Project | 4, Other <i>(specify below)</i>",,,,,,[is_reg_oth_num] >= 1,,RV,,,,
is_reg_oth_othown_1,hfa_data_sources_registers_and_tally_sheets,,text,Please specify other source:,,,,,,,[is_reg_oth_own_1] = '4',,,,,,
is_reg_oth_pe_1,hfa_data_sources_registers_and_tally_sheets,,radio,What is the document format?,"0, Paper | 1, Electronic",,,,,,[is_reg_oth_num] >= 1,,RV,,,,
is_reg_oth_com_1,hfa_data_sources_registers_and_tally_sheets,,notes,Comments:,,,,,,,[is_reg_oth_num] >= 1,,,,,,
is_reg_oth_hed_2,hfa_data_sources_registers_and_tally_sheets,,descriptive,"<div style=""background-color:#fbd0c1;padding:10px"">Other Register #2</div>",,,,,,,[is_reg_oth_num] >= 2,,,,,,
is_reg_oth_nam_2,hfa_data_sources_registers_and_tally_sheets,,text,Name,,Enter the name of the register.,,,,,[is_reg_oth_num] >= 2,,RV,,,,
is_reg_oth_own_2,hfa_data_sources_registers_and_tally_sheets,,radio,What is the source?,"1, Government/Ministry of Health | 2, Facility | 3, NGO/Special Project | 4, Other <i>(specify below)</i>",,,,,,[is_reg_oth_num] >= 2,,RV,,,,
is_reg_oth_othown_2,hfa_data_sources_registers_and_tally_sheets,,text,Please specify other source:,,,,,,,[is_reg_oth_own_2] = '4',,,,,,
is_reg_oth_pe_2,hfa_data_sources_registers_and_tally_sheets,,radio,What is the document format?,"0, Paper | 1, Electronic",,,,,,[is_reg_oth_num] >= 2,,RV,,,,
is_reg_oth_com_2,hfa_data_sources_registers_and_tally_sheets,,notes,Comments:,,,,,,,[is_reg_oth_num] >= 2,,,,,,
is_reg_oth_hed_3,hfa_data_sources_registers_and_tally_sheets,,descriptive,"<div style=""background-color:#fbd0c1;padding:10px"">Other Register #3</div>",,,,,,,[is_reg_oth_num] >= 3,,,,,,
is_reg_oth_nam_3,hfa_data_sources_registers_and_tally_sheets,,text,Name,,Enter the name of the register.,,,,,[is_reg_oth_num] >= 3,,RV,,,,
is_reg_oth_own_3,hfa_data_sources_registers_and_tally_sheets,,radio,What is the source?,"1, Government/Ministry of Health | 2, Facility | 3, NGO/Special Project | 4, Other <i>(specify below)</i>",,,,,,[is_reg_oth_num] >= 3,,RV,,,,
is_reg_oth_othown_3,hfa_data_sources_registers_and_tally_sheets,,text,Please specify other source:,,,,,,,[is_reg_oth_own_3] = '4',,,,,,
is_reg_oth_pe_3,hfa_data_sources_registers_and_tally_sheets,,radio,What is the document format?,"0, Paper | 1, Electronic",,,,,,[is_reg_oth_num] >= 3,,RV,,,,
is_reg_oth_com_3,hfa_data_sources_registers_and_tally_sheets,,notes,Comments:,,,,,,,[is_reg_oth_num] >= 3,,,,,,
is_reg_oth_hed_4,hfa_data_sources_registers_and_tally_sheets,,descriptive,"<div style=""background-color:#fbd0c1;padding:10px"">Other Register #4</div>",,,,,,,[is_reg_oth_num] >= 4,,,,,,
is_reg_oth_nam_4,hfa_data_sources_registers_and_tally_sheets,,text,Name,,Enter the name of the register.,,,,,[is_reg_oth_num] >= 4,,RV,,,,
is_reg_oth_own_4,hfa_data_sources_registers_and_tally_sheets,,radio,What is the source?,"1, Government/Ministry of Health | 2, Facility | 3, NGO/Special Project | 4, Other <i>(specify below)</i>",,,,,,[is_reg_oth_num] >= 4,,RV,,,,
is_reg_oth_othown_4,hfa_data_sources_registers_and_tally_sheets,,text,Please specify other source:,,,,,,,[is_reg_oth_own_4] = '4',,,,,,
is_reg_oth_pe_4,hfa_data_sources_registers_and_tally_sheets,,radio,What is the document format?,"0, Paper | 1, Electronic",,,,,,[is_reg_oth_num] >= 4,,RV,,,,
is_reg_oth_com_4,hfa_data_sources_registers_and_tally_sheets,,notes,Comments:,,,,,,,[is_reg_oth_num] >= 4,,,,,,
is_reg_oth_hed_5,hfa_data_sources_registers_and_tally_sheets,,descriptive,"<div style=""background-color:#fbd0c1;padding:10px"">Other Register #5</div>",,,,,,,[is_reg_oth_num] >= 5,,,,,,
is_reg_oth_nam_5,hfa_data_sources_registers_and_tally_sheets,,text,Name,,Enter the name of the register.,,,,,[is_reg_oth_num] >= 5,,RV,,,,
is_reg_oth_own_5,hfa_data_sources_registers_and_tally_sheets,,radio,What is the source?,"1, Government/Ministry of Health | 2, Facility | 3, NGO/Special Project | 4, Other <i>(specify below)</i>",,,,,,[is_reg_oth_num] >= 5,,RV,,,,
is_reg_oth_othown_5,hfa_data_sources_registers_and_tally_sheets,,text,Please specify other source:,,,,,,,[is_reg_oth_own_5] = '4',,,,,,
is_reg_oth_pe_5,hfa_data_sources_registers_and_tally_sheets,,radio,What is the document format?,"0, Paper | 1, Electronic",,,,,,[is_reg_oth_num] >= 5,,RV,,,,
is_reg_oth_com_5,hfa_data_sources_registers_and_tally_sheets,,notes,Comments:,,,,,,,[is_reg_oth_num] >= 5,,,,,,
is_reg_ts_hed_1,hfa_data_sources_registers_and_tally_sheets,,descriptive,"<div class=""h4"" style=""background-color:#82cdbf;padding:10px"">Data Sources - Tally Sheets</div>",,,,,,,,,,,,,
is_reg_ts_out5_hed,hfa_data_sources_registers_and_tally_sheets,,descriptive,"<div style=""background-color:#fbd0c1;padding:10px"">Under 5 years Daily Outpatient Morbidity Tally Sheet</div>",,,,,,,,,,,,,
is_reg_ts_out5_use,hfa_data_sources_registers_and_tally_sheets,,yesno,Is this document used at this facility?,,This tally sheet includes summary statistics of all children under 5 years old who are cared for at outpatient departments.,,,,,,y,,,,,
is_reg_ts_out5_own,hfa_data_sources_registers_and_tally_sheets,,radio,What is the source?,"1, Government/Ministry of Health | 2, Facility | 3, NGO/Special Project | 4, Other <i>(specify below)</i>",,,,,,[is_reg_ts_out5_use] = '1',,RV,,,,
is_reg_ts_out5_othown,hfa_data_sources_registers_and_tally_sheets,,text,Please specify other source:,,,,,,,[is_reg_ts_out5_own] = '4',,RV,,,,
is_reg_ts_out5_pe,hfa_data_sources_registers_and_tally_sheets,,radio,What is the document format?,"0, Paper|1, Electronic",,,,,,[is_reg_ts_out5_use] = '1',,RV,,,,
is_reg_ts_out5_com,hfa_data_sources_registers_and_tally_sheets,,notes,Comments:,,,,,,,,,,,,,
is_reg_ts_imm_hed,hfa_data_sources_registers_and_tally_sheets,,descriptive,"<div style=""background-color:#fbd0c1;padding:10px"">Immunization Tally Sheet</div>",,,,,,,,,,,,,
is_reg_ts_imm_use,hfa_data_sources_registers_and_tally_sheets,,yesno,Is this document used at this facility?,,This tally sheet includes documentation of every time a dose of vaccine is administered. They are used as the basis for monitoring and making regular summary reports of vaccine use.,,,,,,y,,,,,
is_reg_ts_imm_own,hfa_data_sources_registers_and_tally_sheets,,radio,What is the source?,"1, Government/Ministry of Health | 2, Facility | 3, NGO/Special Project | 4, Other <i>(specify below)</i>",,,,,,[is_reg_ts_imm_use] = '1',,RV,,,,
is_reg_ts_imm_othown,hfa_data_sources_registers_and_tally_sheets,,text,Please specify other source:,,,,,,,[is_reg_ts_imm_own] = '4',,RV,,,,
is_reg_ts_imm_pe,hfa_data_sources_registers_and_tally_sheets,,radio,What is the document format?,"0, Paper|1, Electronic",,,,,,[is_reg_ts_imm_use] = '1',,RV,,,,
is_reg_ts_imm_com,hfa_data_sources_registers_and_tally_sheets,,notes,Comments:,,,,,,,,,,,,,
is_reg_ts_chl_hed,hfa_data_sources_registers_and_tally_sheets,,descriptive,"<div style=""background-color:#fbd0c1;padding:10px"">Child Health and Nutrition Information System (CHANIS) Tally Sheet for Child Health Welfare Clinics</div>",,,,,,,,,,,,,
is_reg_ts_chl_use,hfa_data_sources_registers_and_tally_sheets,,yesno,Is this document used at this facility?,,This tally sheet includes documentation of every time a child visits the Child Welfare Clinic for growth monitoring. These are used as the basis for monitoring and making regular CHANIS summary reports.,,,,,,y,,,,,
is_reg_ts_chl_own,hfa_data_sources_registers_and_tally_sheets,,radio,What is the source?,"1, Government/Ministry of Health | 2, Facility | 3, NGO/Special Project | 4, Other <i>(specify below)</i>",,,,,,[is_reg_ts_chl_use] = '1',,RV,,,,
is_reg_ts_chl_othown,hfa_data_sources_registers_and_tally_sheets,,text,Please specify other source:,,,,,,,[is_reg_ts_chl_own] = '4',,RV,,,,
is_reg_ts_chl_pe,hfa_data_sources_registers_and_tally_sheets,,radio,What is the document format?,"0, Paper|1, Electronic",,,,,,[is_reg_ts_chl_use] = '1',,RV,,,,
is_reg_ts_chl_com,hfa_data_sources_registers_and_tally_sheets,,notes,Comments:,,,,,,,,,,,,,
is_reg_ts_hed_2,hfa_data_sources_registers_and_tally_sheets,,descriptive,"<div class=""h4"" style=""background-color:#82cdbf;padding:10px"">Other Neonatal Care Tally Sheets</div>",,,,,,,,,,,,,
is_reg_tsoth_use,hfa_data_sources_registers_and_tally_sheets,,yesno,Are there any other tally sheets regularly used in the neonatal unit not covered in the previous questions?,,,,,,,,y,RV,,,,
is_reg_tsoth_num,hfa_data_sources_registers_and_tally_sheets,,radio,How many additional tally sheets would you like to enter data for?,"1, 1 tally sheet | 2, 2 tally sheets | 3, 3 tally sheets | 4, 4 tally sheets | 5, 5 tally sheets",,,,,,[is_reg_tsoth_use] = '1',,RV,,,,
is_reg_tsoth_hed_1,hfa_data_sources_registers_and_tally_sheets,,descriptive,"<div style=""background-color:#fbd0c1;padding:10px"">Other Tally Sheet #1</div>",,,,,,,[is_reg_tsoth_num] >= 1,,,,,,
is_reg_tsoth_nam_1,hfa_data_sources_registers_and_tally_sheets,,text,Name,,Enter the name of the tally sheet.,,,,,[is_reg_tsoth_num] >= 1,,RV,,,,
is_reg_tsoth_own_1,hfa_data_sources_registers_and_tally_sheets,,radio,What is the source?,"1, Government/Ministry of Health | 2, Facility | 3, NGO/Special Project | 4, Other <i>(specify below)</i>",,,,,,[is_reg_tsoth_num] >= 1,,RV,,,,
is_reg_tsoth_othown_1,hfa_data_sources_registers_and_tally_sheets,,text,Please specify other source:,,,,,,,[is_reg_tsoth_own_1] = '4',,,,,,
is_reg_tsoth_pe_1,hfa_data_sources_registers_and_tally_sheets,,radio,What is the document format?,"0, Paper | 1, Electronic",,,,,,[is_reg_tsoth_num] >= 1,,RV,,,,
is_reg_tsoth_com_1,hfa_data_sources_registers_and_tally_sheets,,notes,Comments:,,,,,,,[is_reg_tsoth_num] >= 1,,,,,,
is_reg_tsoth_hed_2,hfa_data_sources_registers_and_tally_sheets,,descriptive,"<div style=""background-color:#fbd0c1;padding:10px"">Other Tally Sheet #2</div>",,,,,,,[is_reg_tsoth_num] >= 2,,,,,,
is_reg_tsoth_nam_2,hfa_data_sources_registers_and_tally_sheets,,text,Name,,Enter the name of the tally sheet.,,,,,[is_reg_tsoth_num] >= 2,,RV,,,,
is_reg_tsoth_own_2,hfa_data_sources_registers_and_tally_sheets,,radio,What is the source?,"1, Government/Ministry of Health | 2, Facility | 3, NGO/Special Project | 4, Other <i>(specify below)</i>",,,,,,[is_reg_tsoth_num] >= 2,,RV,,,,
is_reg_tsoth_othown_2,hfa_data_sources_registers_and_tally_sheets,,text,Please specify other source:,,,,,,,[is_reg_tsoth_own_2] = '4',,,,,,
is_reg_tsoth_pe_2,hfa_data_sources_registers_and_tally_sheets,,radio,What is the document format?,"0, Paper | 1, Electronic",,,,,,[is_reg_tsoth_num] >= 2,,RV,,,,
is_reg_tsoth_com_2,hfa_data_sources_registers_and_tally_sheets,,notes,Comments:,,,,,,,[is_reg_tsoth_num] >= 2,,,,,,
is_reg_tsoth_hed_3,hfa_data_sources_registers_and_tally_sheets,,descriptive,"<div style=""background-color:#fbd0c1;padding:10px"">Other Tally Sheet #3</div>",,,,,,,[is_reg_tsoth_num] >= 3,,,,,,
is_reg_tsoth_nam_3,hfa_data_sources_registers_and_tally_sheets,,text,Name,,Enter the name of the tally sheet.,,,,,[is_reg_tsoth_num] >= 3,,RV,,,,
is_reg_tsoth_own_3,hfa_data_sources_registers_and_tally_sheets,,radio,What is the source?,"1, Government/Ministry of Health | 2, Facility | 3, NGO/Special Project | 4, Other <i>(specify below)</i>",,,,,,[is_reg_tsoth_num] >= 3,,RV,,,,
is_reg_tsoth_othown_3,hfa_data_sources_registers_and_tally_sheets,,text,Please specify other source:,,,,,,,[is_reg_tsoth_own_3] = '4',,,,,,
is_reg_tsoth_pe_3,hfa_data_sources_registers_and_tally_sheets,,radio,What is the document format?,"0, Paper | 1, Electronic",,,,,,[is_reg_tsoth_num] >= 3,,RV,,,,
is_reg_tsoth_com_3,hfa_data_sources_registers_and_tally_sheets,,notes,Comments:,,,,,,,[is_reg_tsoth_num] >= 3,,,,,,
is_reg_tsoth_hed_4,hfa_data_sources_registers_and_tally_sheets,,descriptive,"<div style=""background-color:#fbd0c1;padding:10px"">Other Tally Sheet #4</div>",,,,,,,[is_reg_tsoth_num] >= 4,,,,,,
is_reg_tsoth_nam_4,hfa_data_sources_registers_and_tally_sheets,,text,Name,,Enter the name of the tally sheet.,,,,,[is_reg_tsoth_num] >= 4,,RV,,,,
is_reg_tsoth_own_4,hfa_data_sources_registers_and_tally_sheets,,radio,What is the source?,"1, Government/Ministry of Health | 2, Facility | 3, NGO/Special Project | 4, Other <i>(specify below)</i>",,,,,,[is_reg_tsoth_num] >= 4,,RV,,,,
is_reg_tsoth_othown_4,hfa_data_sources_registers_and_tally_sheets,,text,Please specify other source:,,,,,,,[is_reg_tsoth_own_4] = '4',,,,,,
is_reg_tsoth_pe_4,hfa_data_sources_registers_and_tally_sheets,,radio,What is the document format?,"0, Paper | 1, Electronic",,,,,,[is_reg_tsoth_num] >= 4,,RV,,,,
is_reg_tsoth_com_4,hfa_data_sources_registers_and_tally_sheets,,notes,Comments:,,,,,,,[is_reg_tsoth_num] >= 4,,,,,,
is_reg_tsoth_hed_5,hfa_data_sources_registers_and_tally_sheets,,descriptive,"<div style=""background-color:#fbd0c1;padding:10px"">Other Tally Sheet #5</div>",,,,,,,[is_reg_tsoth_num] >= 5,,,,,,
is_reg_tsoth_nam_5,hfa_data_sources_registers_and_tally_sheets,,text,Name,,Enter the name of the tally sheet.,,,,,[is_reg_tsoth_num] >= 5,,RV,,,,
is_reg_tsoth_own_5,hfa_data_sources_registers_and_tally_sheets,,radio,What is the source?,"1, Government/Ministry of Health | 2, Facility | 3, NGO/Special Project | 4, Other <i>(specify below)</i>",,,,,,[is_reg_tsoth_num] >= 5,,RV,,,,
is_reg_tsoth_othown_5,hfa_data_sources_registers_and_tally_sheets,,text,Please specify other source:,,,,,,,[is_reg_tsoth_own_5] = '4',,,,,,
is_reg_tsoth_pe_5,hfa_data_sources_registers_and_tally_sheets,,radio,What is the document format?,"0, Paper | 1, Electronic",,,,,,[is_reg_tsoth_num] >= 5,,RV,,,,
is_reg_tsoth_com_5,hfa_data_sources_registers_and_tally_sheets,,notes,Comments:,,,,,,,[is_reg_tsoth_num] >= 5,,,,,,
is_reg_sum_hed,hfa_data_sources_registers_and_tally_sheets,,descriptive,"<div class=""h4"" style=""background-color:#82cdbf;padding:10px"">Reports</div>",,,,,,,,,,,,,
is_reg_sum_survmo_hed,hfa_data_sources_registers_and_tally_sheets,,descriptive,"<div style=""background-color:#fbd0c1;padding:10px"">Integrated Disease Surveillance and Response (IDSR) Monthly Report</div>",,,,,,,,,,,,,
is_reg_sum_survmo_use,hfa_data_sources_registers_and_tally_sheets,,yesno,Is this document used at this facility?,,Summary statistics for reporting case based surveillance of non-communicable diseases. This report is compiled monthly.,,,,,,y,,,,,
is_reg_sum_survmo_own,hfa_data_sources_registers_and_tally_sheets,,radio,What is the source?,"1, Government/Ministry of Health | 2, Facility | 3, NGO/Special Project | 4, Other <i>(specify below)</i>",,,,,,[is_reg_sum_survmo_use] = '1',,RV,,,,
is_reg_sum_survmo_othown,hfa_data_sources_registers_and_tally_sheets,,text,Please specify other source:,,,,,,,[is_reg_sum_survmo_own] = '4',,RV,,,,
is_reg_sum_survmo_pe,hfa_data_sources_registers_and_tally_sheets,,radio,What is the document format?,"0, Paper|1, Electronic",,,,,,[is_reg_sum_survmo_use] = '1',,RV,,,,
is_reg_sum_survmo_com,hfa_data_sources_registers_and_tally_sheets,,notes,Comments:,,,,,,,,,,,,,
is_reg_sum_survwk_hed,hfa_data_sources_registers_and_tally_sheets,,descriptive,"<div style=""background-color:#fbd0c1;padding:10px"">Integrated Disease Surveillance and Response (IDSR) Weekly Report</div>",,,,,,,,,,,,,
is_reg_sum_survwk_use,hfa_data_sources_registers_and_tally_sheets,,yesno,Is this document used at this facility?,,Summary statistics for reporting case based surveillance of non-communicable diseases. This report is compiled weekly.,,,,,,y,,,,,
is_reg_sum_survwk_own,hfa_data_sources_registers_and_tally_sheets,,radio,What is the source?,"1, Government/Ministry of Health | 2, Facility | 3, NGO/Special Project | 4, Other <i>(specify below)</i>",,,,,,[is_reg_sum_survwk_use] = '1',,RV,,,,
is_reg_sum_survwk_othown,hfa_data_sources_registers_and_tally_sheets,,text,Please specify other source:,,,,,,,[is_reg_sum_survwk_own] = '4',,RV,,,,
is_reg_sum_survwk_pe,hfa_data_sources_registers_and_tally_sheets,,radio,What is the document format?,"0, Paper|1, Electronic",,,,,,[is_reg_sum_survwk_use] = '1',,RV,,,,
is_reg_sum_survwk_com,hfa_data_sources_registers_and_tally_sheets,,notes,Comments:,,,,,,,,,,,,,
is_reg_sum_imm_hed,hfa_data_sources_registers_and_tally_sheets,,descriptive,"<div style=""background-color:#fbd0c1;padding:10px"">Immunization Services Uptake Summary Report</div>",,,,,,,,,,,,,
is_reg_sum_imm_use,hfa_data_sources_registers_and_tally_sheets,,yesno,Is this document used at this facility?,,Summary statistics for reporting vaccinations given to children and any vaccine logistics. This report is usually compiled monthly and includes data from the Immunization Tally sheets and Permanent Register for Immunization (EPI).,,,,,,y,,,,,
is_reg_sum_imm_own,hfa_data_sources_registers_and_tally_sheets,,radio,What is the source?,"1, Government/Ministry of Health | 2, Facility | 3, NGO/Special Project | 4, Other <i>(specify below)</i>",,,,,,[is_reg_sum_imm_use] = '1',,RV,,,,
is_reg_sum_imm_othown,hfa_data_sources_registers_and_tally_sheets,,text,Please specify other source:,,,,,,,[is_reg_sum_imm_own] = '4',,RV,,,,
is_reg_sum_imm_pe,hfa_data_sources_registers_and_tally_sheets,,radio,What is the document format?,"0, Paper|1, Electronic",,,,,,[is_reg_sum_imm_use] = '1',,RV,,,,
is_reg_sum_imm_frq,hfa_data_sources_registers_and_tally_sheets,,radio,How often is this report compiled? ,"1, Weekly | 2, Monthly | 3, Quarterly | 4, Other <i>(specify below)</i>",,,,,,[is_reg_sum_imm_use] = '1',,,,,,
is_reg_sum_imm_othfrq,hfa_data_sources_registers_and_tally_sheets,,text,Please specify other frequency of reporting:,,,,,,,[is_reg_sum_imm_frq] = '4',,,,,,
is_reg_sum_imm_com,hfa_data_sources_registers_and_tally_sheets,,notes,Comments:,,,,,,,,,,,,,
is_reg_sum_chl_hed,hfa_data_sources_registers_and_tally_sheets,,descriptive,"<div style=""background-color:#fbd0c1;padding:10px"">Integrated Reproductive and Child Health Summary Report</div>",,,,,,,,,,,,,
is_reg_sum_chl_use,hfa_data_sources_registers_and_tally_sheets,,yesno,Is this document used at this facility?,,Summary form for reporting reproductive and maternal child health statistics. This report is usually compiled monthly.,,,,,,y,,,,,
is_reg_sum_chl_own,hfa_data_sources_registers_and_tally_sheets,,radio,What is the source?,"1, Government/Ministry of Health | 2, Facility | 3, NGO/Special Project | 4, Other <i>(specify below)</i>",,,,,,[is_reg_sum_chl_use] = '1',,RV,,,,
is_reg_sum_chl_othown,hfa_data_sources_registers_and_tally_sheets,,text,Please specify other source:,,,,,,,[is_reg_sum_chl_own] = '4',,RV,,,,
is_reg_sum_chl_pe,hfa_data_sources_registers_and_tally_sheets,,radio,What is the document format?,"0, Paper|1, Electronic",,,,,,[is_reg_sum_chl_use] = '1',,RV,,,,
is_reg_sum_chl_frq,hfa_data_sources_registers_and_tally_sheets,,radio,How often is this report compiled? ,"1, Weekly | 2, Monthly | 3, Quarterly | 4, Other <i>(specify below)</i>",,,,,,[is_reg_sum_chl_use] = '1',,,,,,
is_reg_sum_chl_othfrq,hfa_data_sources_registers_and_tally_sheets,,text,Please specify other frequency of reporting:,,,,,,,[is_reg_sum_chl_frq] = '4',,,,,,
is_reg_sum_chl_com,hfa_data_sources_registers_and_tally_sheets,,notes,Comments:,,,,,,,,,,,,,
is_reg_hed_4,hfa_data_sources_registers_and_tally_sheets,,descriptive,"<div style=""background-color:#fbd0c1;padding:10px"">Supply of Forms and Registers</div>",,,,,,,,,,,,,
is_reg_sup,hfa_data_sources_registers_and_tally_sheets,,yesno,Does the neonatal unit have <b>sufficient</b> supply of paper registers in stock right now?,,Sufficient is defined as allowing for the documentation of all neonates in the register with extra space to enter additional patients or a new register to use if the current one is filled.,,,,,,y,,,,,
is_reg_so,hfa_data_sources_registers_and_tally_sheets,,yesno,Did the neonatal unit have a stockout of paper registers in the last 4 weeks?,,,,,,,,y,,,,,
is_reg_frm_sup,hfa_data_sources_registers_and_tally_sheets,,yesno,Does the neonatal unit have <b>sufficient</b> supply of paper inpatient neonatal forms in stock right now?,,Sufficient is defined as having enough empty forms for the documentation of all neonates in the unit with extra space to accommodate additional patients who might be admitted today.,,,,,,y,,,,,
is_reg_frm_so,hfa_data_sources_registers_and_tally_sheets,,yesno,Did the neonatal unit have a stockout of paper inpatient neonatal forms in the last 4 weeks?,,,,,,,,y,,,,,
is_reg_hed_5,hfa_data_sources_registers_and_tally_sheets,,descriptive,"<div style=""background-color:#fbd0c1;padding:10px"">Register Completion on Weekends and After Hours</div>",,,,,,,,,,,,,
is_reg_nu_stdsnd,hfa_data_sources_registers_and_tally_sheets,,yesno,Is the neonatal unit register routinely filled <u>on the weekends</u>?,,"Routinely is defined as having a system in place to ensure it is always done, except in the case of an occasional extenuating circumstance.",,,,,[is_reg_nu_use] = '1',,,,,,
is_reg_nu_ngt,hfa_data_sources_registers_and_tally_sheets,,yesno,Is the neonatal unit register routinely filled <u>after working hours</u>?,,"Routinely is defined as having a system in place to ensure it is always done, except in the case of an occasional extenuating circumstance.",,,,,[is_reg_nu_use] = '1',,,,,,
is_reg_nu_cdr,hfa_data_sources_registers_and_tally_sheets,,radio,Which cadre of staff is primarily responsible for filling out the neonatal unit register? ,"1, Nurse | 3, Nurse-in-charge | 2, Data Clerk | 99, Other <i>(specify below)</i>",,,,,,[is_reg_nu_use] = '1',,,,,,
is_reg_othcdr,hfa_data_sources_registers_and_tally_sheets,,text,Please specify other staff cadres responsible for filling out the neonatal unit register:,,,,,,,[is_reg_nu_cdr] = '99',,,,,,
is_reg_hed_6,hfa_data_sources_registers_and_tally_sheets,,descriptive,"<div style=""background-color:#82cdbf; padding:5px""></div>",,,,,,,,,,,,,
is_reg_com,hfa_data_sources_registers_and_tally_sheets,,notes,Comments:,,,,,,,,,,,,,
is_fil_hed_1,hfa_filing_systems,,descriptive,"<div style=""background-color:#82cdbf; padding:5px""></div>",,,,,,,,,,,,,
is_fil_ban_1,hfa_filing_systems,,descriptive,,,,,,,,,,,,,,
is_fil_hed_2,hfa_filing_systems,,descriptive,"<div class=""h4"" style=""background-color:#82cdbf;padding:10px"">Filing Systems</div>",,,,,,,,,,,,,
is_fil_ins_1,hfa_filing_systems,,descriptive,"<p style=""font-weight:normal""><i><b>INSTRUCTIONS:</b> Direct these questions towards the data clerk and/or the Health Records and Information Officer (HRIO). <br><br>Please do not leave any variable blank. If a free text variable is unknown and an answer is required, write ""-1"" for numeric fields and ""unknown"" for text fields. If a multiple-choice variable is unknown, select ""unknown"".<b><p>",,,,,,,,,,,,,
is_fil_hed_3,hfa_filing_systems,,descriptive,"<div class=""h4"" style=""background-color:#82cdbf;padding:10px""></div>",,,,,,,,,,,,,
is_fil_rp_num,hfa_filing_systems,,radio,Number of Respondents Interviewed:,"1, 1 respondent|2, 2 respondents|3, 3 respondents|4, 4 respondents|5, 5 respondents",,,,,,,y,,,,,
is_fil_rp_hed_1,hfa_filing_systems,,descriptive,"<div style=""background-color:#82cdbf; padding:5px"">Respondent #1</div>",,,,,,,[is_fil_rp_num] >= 1,,,,,,
is_fil_rp_nam_1,hfa_filing_systems,,text,Respondent Name (First and Last):,,,,,,y,[is_fil_rp_num] >= 1,y,,,,,
is_fil_rp_pos_1,hfa_filing_systems,,radio,Respondent Position:,"6, Hospital Management | 1, NEST Coordinator | 2, Nurse | 7, Nurse-in-charge | 3, Data Clerk | 8, HMIS Officer | 4, Clinician | 99, Other <i>(specify below)</i>",,,,,,[is_fil_rp_num] >= 1,y,,,,,
is_fil_rp_othpos_1,hfa_filing_systems,,text,"If other position, please specify: ",,,,,,,[is_fil_rp_pos_1] = '99',,,,,,
is_fil_rp_ph_1,hfa_filing_systems,,text,Respondent Phone Number:,,,,,,y,[is_fil_rp_num] >= 1,,,,,,
is_fil_rp_hed_2,hfa_filing_systems,,descriptive,"<div style=""background-color:#82cdbf; padding:5px"">Respondent #2</div>",,,,,,,[is_fil_rp_num] >= 2,,,,,,
is_fil_rp_nam_2,hfa_filing_systems,,text,Respondent Name (First and Last):,,,,,,y,[is_fil_rp_num] >= 2,,,,,,
is_fil_rp_pos_2,hfa_filing_systems,,radio,Respondent Position:,"6, Hospital Management | 1, NEST Coordinator | 2, Nurse | 7, Nurse-in-charge | 3, Data Clerk | 8, HMIS Officer | 4, Clinician | 99, Other <i>(specify below)</i>",,,,,,[is_fil_rp_num] >= 2,,,,,,
is_fil_rp_othpos_2,hfa_filing_systems,,text,"If other position, please specify: ",,,,,,,[is_fil_rp_pos_2] = '99',,,,,,
is_fil_rp_ph_2,hfa_filing_systems,,text,Respondent Phone Number:,,,,,,y,[is_fil_rp_num] >= 2,,,,,,
is_fil_rp_hed_3,hfa_filing_systems,,descriptive,"<div style=""background-color:#82cdbf; padding:5px"">Respondent #3</div>",,,,,,,[is_fil_rp_num] >= 3,,,,,,
is_fil_rp_nam_3,hfa_filing_systems,,text,Respondent Name (First and Last):,,,,,,y,[is_fil_rp_num] >= 3,,,,,,
is_fil_rp_pos_3,hfa_filing_systems,,radio,Respondent Position:,"6, Hospital Management | 1, NEST Coordinator | 2, Nurse | 7, Nurse-in-charge | 3, Data Clerk | 8, HMIS Officer | 4, Clinician | 99, Other <i>(specify below)</i>",,,,,,[is_fil_rp_num] >= 3,,,,,,
is_fil_rp_othpos_3,hfa_filing_systems,,text,"If other position, please specify: ",,,,,,,[is_fil_rp_pos_3] = '99',,,,,,
is_fil_rp_ph_3,hfa_filing_systems,,text,Respondent Phone Number:,,,,,,y,[is_fil_rp_num] >= 3,,,,,,
is_fil_rp_hed_4,hfa_filing_systems,,descriptive,"<div style=""background-color:#82cdbf; padding:5px"">Respondent #4</div>",,,,,,,[is_fil_rp_num] >= 4,,,,,,
is_fil_rp_nam_4,hfa_filing_systems,,text,Respondent Name (First and Last):,,,,,,y,[is_fil_rp_num] >= 4,,,,,,
is_fil_rp_pos_4,hfa_filing_systems,,radio,Respondent Position:,"6, Hospital Management | 1, NEST Coordinator | 2, Nurse | 7, Nurse-in-charge | 3, Data Clerk | 8, HMIS Officer | 4, Clinician | 99, Other <i>(specify below)</i>",,,,,,[is_fil_rp_num] >= 4,,,,,,
is_fil_rp_othpos_4,hfa_filing_systems,,text,"If other position, please specify: ",,,,,,,[is_fil_rp_pos_4] = '99',,,,,,
is_fil_rp_ph_4,hfa_filing_systems,,text,Respondent Phone Number:,,,,,,y,[is_fil_rp_num] >= 4,,,,,,
is_fil_rp_hed_5,hfa_filing_systems,,descriptive,"<div style=""background-color:#82cdbf; padding:5px"">Respondent #5</div>",,,,,,,[is_fil_rp_num] >= 5,,,,,,
is_fil_rp_nam_5,hfa_filing_systems,,text,Respondent Name (First and Last):,,,,,,y,[is_fil_rp_num] >= 5,,,,,,
is_fil_rp_pos_5,hfa_filing_systems,,radio,Respondent Position:,"6, Hospital Management | 1, NEST Coordinator | 2, Nurse | 7, Nurse-in-charge | 3, Data Clerk | 8, HMIS Officer | 4, Clinician | 99, Other <i>(specify below)</i>",,,,,,[is_fil_rp_num] >= 5,,,,,,
is_fil_rp_othpos_5,hfa_filing_systems,,text,"If other position, please specify: ",,,,,,,[is_fil_rp_pos_5] = '99',,,,,,
is_fil_rp_ph_5,hfa_filing_systems,,text,Respondent Phone Number:,,,,,,y,[is_fil_rp_num] >= 5,,,,,,
is_fil_oth_hed,hfa_filing_systems,,descriptive,"<div style=""background-color:#fbd0c1;padding:10px"">Filing on the neonatal unit</div>",,,,,,,,,,,,,
is_fil_aliv_typ,hfa_filing_systems,,checkbox,What filing system is used?,"0, None | 1, Alphabetical | 2, Chronological | 3, Identification number | 99, Other <i>(specify below)</i>","Select all that apply. A chronological system is the arrangement of files according to their order in time. The system must be kept on a daily basis, not sorted by month alone. An Identification number is a unique number generated by the facility for each patient. ",,,,,,y,,,,, @NONEOFTHEABOVE=0
is_fil_aliv_othtyp,hfa_filing_systems,,text,Please specify other filing system in use:,,,,,,,[is_fil_aliv_typ(99)] = '1',,,,,,
is_fil_aliv_adm_new2,hfa_filing_systems,,checkbox,Where are medical records for babies stored during admission?,"1, Bedside | 2, Nurse's station | 99, Other <i>(specify below)</i>",Select all that apply.,,,,,,y,,,,,
is_fil_aliv_othadm,hfa_filing_systems,,text,Please specify other location:,,,,,,,[is_fil_aliv_adm_new2(99)] = '1',,,,,,
is_fil_aliv_hed,hfa_filing_systems,,descriptive,"<div style=""background-color:#fbd0c1;padding:10px"">Storage of medical records for babies discharged alive</div>",,,,,,,,,,,,,
is_fil_aliv_yr,hfa_filing_systems,,radio,How long are old records stored for babies discharged alive?,"1, <1 year | 2, 1-3 years | 3, >3 years | 0, No specific length of time",,,,,,,y,,,,,
is_fil_aliv_dis,hfa_filing_systems,,radio,Where are medical records for babies discharged alive stored after discharge?,"1, Onsite | 2, Offsite | 9, Unknown","Onsite storage can be anywhere records are stored in the facility. This is for long-term storage, after records have been processed by the HRIO or audit team.",,,,,,y,,,,,
is_fil_aliv_dis_loc,hfa_filing_systems,,checkbox,Where onsite are medical records for babies discharged alive stored after discharge?,"1, Neonatal unit | 2, Central storage | 3, Data clerk's office | 4, HMIS office | 99, Other <i>(specify below)</i>","Central storage can be any location at the facility where records from various wards are stored. This is for long-term storage, after records have been processed by the HRIO or audit team.",,,,,[is_fil_aliv_dis] = '1',y,,,,,
is_fil_aliv_dis_othloc,hfa_filing_systems,,text,Please specify other location:,,,,,,,[is_fil_aliv_dis_loc(99)] = '1',,,,,,
is_fil_aliv_trf,hfa_filing_systems,,yesno,Is there a dedicated person who is responsible for bringing medical records for babies discharged alive to the central storage?,"1, Yes | 0, No | 9, Not applicable",,,,,,[is_fil_aliv_dis_loc(2)] = '1',,,,,,
is_fil_de_hed,hfa_filing_systems,,descriptive,"<div style=""background-color:#fbd0c1;padding:10px"">Storage of medical records for deceased babies after discharge</div>",,,,,,,,,,,,,
is_fil_de_adm,hfa_filing_systems,,checkbox,Where are medical records for deceased babies stored after discharge?,"1, Neonatal unit | 2, Central storage | 4, Data clerk's office | 5, HMIS Office | 99, Other <i>(specify below)</i>","Select all that apply. Central storage can be any location at the facility where records from various wards are stored. This is for long-term storage, after records have been processed by the HMIO or audit team.",,,,,,y,,,,,
is_fil_de_othadm,hfa_filing_systems,,text,Please specify other location:,,,,,,,[is_fil_de_adm(99)] = '1',,,,,,
is_fil_de_trf,hfa_filing_systems,,radio,Is there a dedicated person who is responsible for bringing medical records for deceased babies to the central storage?,"1, Yes | 0, No | 9, Not applicable",,,,,,[is_fil_de_adm(2)] = '1',y,,,,,
is_fil_de_yr,hfa_filing_systems,,radio,How long are old records stored for deceased babies?,"1, <1 year | 2, 1-3 years | 3, >3 years | 0, No specific length of time",,,,,,,y,,,,,
is_fil_nureg_hed,hfa_filing_systems,,descriptive,"<div style=""background-color:#fbd0c1;padding:10px"">Storage of neonatal admissions register</div>",,,,,,,,,,,,,
is_fil_nureg_loc,hfa_filing_systems,,checkbox,Where are old/inactive neonatal admissions registers stored?,"1, Neonatal unit | 2, Central storage | 3, Data clerk's office | 4, HMIS office | 99, Other <i>(specify below)</i>",Select all that apply. Central storage can be any location at the facility where records from various wards are stored.,,,,,[is_reg_nu_use] = '1',,,,,,
is_fil_nureg_othloc,hfa_filing_systems,,text,Please specify other location:,,,,,,,[is_fil_nureg_loc(99)] = '1',,,,,,
is_fil_nureg_trf,hfa_filing_systems,,radio,Is there a dedicated person who is responsible for bringing neonatal registers to the central storage?,"1, Yes | 0, No | 9, Not applicable",,,,,,[is_fil_nureg_loc(2)] = '1',,,,,,
is_fil_gn_hed,hfa_filing_systems,,descriptive,"<div class=""h4"" style=""background-color:#82cdbf;padding:10px"">Other</div>",,,,,,,,,,,,,
is_fil_gn_4wk,hfa_filing_systems,,checkbox,"What, if any, logistical challenges have you faced with medical records in the last 4 weeks?","0, None | 1, Shortage of registers | 2, Shortage of storage space | 3, Missing patient notes/records | 4, Infestations (e.g. mice, rats, silverfish) | 99, Other <i>(specify below)</i>",Read all response options aloud. Select all that apply.,,,,,,y,,,,, @NONEOFTHEABOVE=0
is_fil_gn_oth4wk,hfa_filing_systems,,text,Please specify other logistical challenges:,,,,,,,[is_fil_gn_4wk(99)] = '1',,,,,,
is_fil_gn_id_by,hfa_filing_systems,,yesno,Is the baby given a unique record ID at the facility?,,A system that uses yearly serial numbers that go back to 01 at the start of each year does not count as a unique record ID system.,,,,,,,,,,,
is_fil_gn_id_by_tm,hfa_filing_systems,,radio,When is the unique record ID given to the baby? ,"1, Immediately at birth/on admission | 2, On first office working day after birth/admission | 3, After discharge | 99, Other <i>(specify below)</i>",,,,,,[is_fil_gn_id_by] = '1',,,,,,
is_fil_gn_id_by_othtm,hfa_filing_systems,,text,Please specify other:,,,,,,,[is_fil_gn_id_by_tm] = '99',,,,,,
is_fil_gn_id_by_cdr,hfa_filing_systems,,radio,Who generates the unique record ID for a baby during office hours?,"1, Medical staff | 2, Hospital admin | 3, Data clerk | 99, Other <i>(specify below)</i>",,,,,,[is_fil_gn_id_by] = '1',,,,,,
is_fil_gn_id_by_othcdr,hfa_filing_systems,,text,Please specify other person who generates unique record ID:,,,,,,,[is_fil_gn_id_by_cdr] = '99',,,,,,
is_fil_gn_id_by_radm,hfa_filing_systems,,yesno,Can a baby use the same unique record ID during re-admission to the neonatal unit?,,,,,,,,,,,,,
is_fil_gn_id_by_adm,hfa_filing_systems,,yesno,Can a baby use the same unique record ID during admission to any other ward at this facility?,,,,,,,,,,,,,
is_fil_gn_lnk_mby,hfa_filing_systems,,checkbox,How are baby and mothers' medical records linked?,"0, Baby and mother not linked | 1, Mother's unique ID number written in baby's medical file | 2, Baby's unique ID number written in mother's medical file | 99, Other <i>(specify below)</i>",Select all that apply.,,,,,,y,,,,, @NONEOFTHEABOVE=0
is_fil_gn_lnk_othmby,hfa_filing_systems,,text,Please specify other ways baby and mother are linked:,,,,,,,[is_fil_gn_lnk_mby(99)] = '1',,,,,,
is_fil_gn_lnk_by,hfa_filing_systems,,checkbox,How are multiple babies medical records linked to each other?," 0, Multiple babies not linked | 1, Mother's unique ID number written in each baby's medical file | 2, Each baby's unique ID number written in mother's medical file |3, Each baby's unique ID numbers written in other baby's medical file | 99, Other <i>(specify below)</i>",Select all that apply.,,,,,,y,,,,, @NONEOFTHEABOVE=0
is_fil_gn_lnk_othby,hfa_filing_systems,,text,Please specify other way babies are linked to each other:,,,,,,,[is_fil_gn_lnk_by(99)] = '1',,,,,,
is_fil_gn_cln,hfa_filing_systems,,yesno,"<b>For observation only</b>: Are documents on the neonatal unit filed away neatly and the surface spaces (e.g. tables, examination areas) tidy?",,,,,,,,y,,,,,
is_fil_hed_7,hfa_filing_systems,,descriptive,"<div style=""background-color:#82cdbf; padding:5px""></div>",,,,,,,,,,,,,
is_fil_com,hfa_filing_systems,,notes,Comments:,,,,,,,,,,,,,
is_dc_hed_1,hfa_neonatal_data_clerks,,descriptive,"<div style=""background-color:#82cdbf; padding:5px""></div>",,,,,,,,,,,,,
is_dc_ban_1,hfa_neonatal_data_clerks,,descriptive,,,,,,,,,,,,,,
is_dc_hed_2,hfa_neonatal_data_clerks,,descriptive,"<div class=""h4"" style=""background-color:#82cdbf;padding:10px"">Neonatal Data Clerks</div>",,,,,,,,,,,,,
is_dc_ins_1,hfa_neonatal_data_clerks,,descriptive,"<p style=""font-weight:normal""><i><b>INSTRUCTIONS:</b> Direct these questions towards the data clerk and/or the Health Records and Information Officer (HRIO). <br><br>Please do not leave any variable blank. If a free text variable is unknown and an answer is required, write ""-1"" for numeric fields and ""unknown"" for text fields. If a multiple-choice variable is unknown, select ""unknown"".<b><p>",,,,,,,,,,,,,
is_dc_hed_3,hfa_neonatal_data_clerks,,descriptive,"<div style=""background-color:#82cdbf; padding:5px""></div>",,,,,,,,,,,,,
is_dc_rp_num,hfa_neonatal_data_clerks,,radio,Number of Respondents Interviewed:,"1, 1 respondent|2, 2 respondents|3, 3 respondents|4, 4 respondents|5, 5 respondents",,,,,,,y,,,,,
is_dc_rp_hed_1,hfa_neonatal_data_clerks,,descriptive,"<div style=""background-color:#82cdbf; padding:5px"">Respondent #1</div>",,,,,,,[is_dc_rp_num] >= 1,,,,,,
is_dc_rp_nam_1,hfa_neonatal_data_clerks,,text,Respondent Name (First and Last):,,,,,,y,[is_dc_rp_num] >= 1,y,,,,,
is_dc_rp_pos_1,hfa_neonatal_data_clerks,,radio,Respondent Position:,"6, Hospital Management | 5, Biomedical Engineering Technician | 1, NEST Coordinator | 2, Nurse | 8, Nurse-in-charge | 3, Data Clerk | 7, HRIO | 4, Clinician | 99, Other <i>(specify below)</i>",,,,,,[is_dc_rp_num] >= 1,y,,,,,
is_dc_rp_othpos_1,hfa_neonatal_data_clerks,,text,"If other position, please specify: ",,,,,,,[is_dc_rp_pos_1] = '99',,,,,,
is_dc_rp_ph_1,hfa_neonatal_data_clerks,,text,Respondent Phone Number:,,,,,,y,[is_dc_rp_num] >= 1,,,,,,
is_dc_rp_hed_2,hfa_neonatal_data_clerks,,descriptive,"<div style=""background-color:#82cdbf; padding:5px"">Respondent #2</div>",,,,,,,[is_dc_rp_num] >= 2,,,,,,
is_dc_rp_nam_2,hfa_neonatal_data_clerks,,text,Respondent Name (First and Last):,,,,,,y,[is_dc_rp_num] >= 2,,,,,,
is_dc_rp_pos_2,hfa_neonatal_data_clerks,,radio,Respondent Position:,"6, Hospital Management | 5, Biomedical Engineering Technician | 1, NEST Coordinator | 2, Nurse | 8, Nurse-in-charge | 3, Data Clerk | 7, HRIO | 4, Clinician | 99, Other <i>(specify below)</i>",,,,,,[is_dc_rp_num] >= 2,,,,,,
is_dc_rp_othpos_2,hfa_neonatal_data_clerks,,text,"If other position, please specify: ",,,,,,,[is_dc_rp_pos_2] = '99',,,,,,
is_dc_rp_ph_2,hfa_neonatal_data_clerks,,text,Respondent Phone Number:,,,,,,y,[is_dc_rp_num] >= 2,,,,,,
is_dc_rp_hed_3,hfa_neonatal_data_clerks,,descriptive,"<div style=""background-color:#82cdbf; padding:5px"">Respondent #3</div>",,,,,,,[is_dc_rp_num] >= 3,,,,,,
is_dc_rp_nam_3,hfa_neonatal_data_clerks,,text,Respondent Name (First and Last):,,,,,,y,[is_dc_rp_num] >= 3,,,,,,
is_dc_rp_pos_3,hfa_neonatal_data_clerks,,radio,Respondent Position:,"6, Hospital Management | 5, Biomedical Engineering Technician | 1, NEST Coordinator | 2, Nurse | 8, Nurse-in-charge | 3, Data Clerk | 7, HRIO | 4, Clinician | 99, Other <i>(specify below)</i>",,,,,,[is_dc_rp_num] >= 3,,,,,,
is_dc_rp_othpos_3,hfa_neonatal_data_clerks,,text,"If other position, please specify: ",,,,,,,[is_dc_rp_pos_3] = '99',,,,,,
is_dc_rp_ph_3,hfa_neonatal_data_clerks,,text,Respondent Phone Number:,,,,,,y,[is_dc_rp_num] >= 3,,,,,,
is_dc_rp_hed_4,hfa_neonatal_data_clerks,,descriptive,"<div style=""background-color:#82cdbf; padding:5px"">Respondent #4</div>",,,,,,,[is_dc_rp_num] >= 4,,,,,,
is_dc_rp_nam_4,hfa_neonatal_data_clerks,,text,Respondent Name (First and Last):,,,,,,y,[is_dc_rp_num] >= 4,,,,,,
is_dc_rp_pos_4,hfa_neonatal_data_clerks,,radio,Respondent Position:,"6, Hospital Management | 5, Biomedical Engineering Technician | 1, NEST Coordinator | 2, Nurse | 8, Nurse-in-charge | 3, Data Clerk | 7, HRIO | 4, Clinician | 99, Other <i>(specify below)</i>",,,,,,[is_dc_rp_num] >= 4,,,,,,
is_dc_rp_othpos_4,hfa_neonatal_data_clerks,,text,"If other position, please specify: ",,,,,,,[is_dc_rp_pos_4] = '99',,,,,,
is_dc_rp_ph_4,hfa_neonatal_data_clerks,,text,Respondent Phone Number:,,,,,,y,[is_dc_rp_num] >= 4,,,,,,
is_dc_rp_hed_5,hfa_neonatal_data_clerks,,descriptive,"<div style=""background-color:#82cdbf; padding:5px"">Respondent #5</div>",,,,,,,[is_dc_rp_num] >= 5,,,,,,
is_dc_rp_nam_5,hfa_neonatal_data_clerks,,text,Respondent Name (First and Last):,,,,,,y,[is_dc_rp_num] >= 5,,,,,,
is_dc_rp_pos_5,hfa_neonatal_data_clerks,,radio,Respondent Position:,"6, Hospital Management | 5, Biomedical Engineering Technician | 1, NEST Coordinator | 2, Nurse | 8, Nurse-in-charge | 3, Data Clerk | 7, HRIO | 4, Clinician | 99, Other <i>(specify below)</i>",,,,,,[is_dc_rp_num] >= 5,,,,,,
is_dc_rp_othpos_5,hfa_neonatal_data_clerks,,text,"If other position, please specify: ",,,,,,,[is_dc_rp_pos_5] = '99',,,,,,
is_dc_rp_ph_5,hfa_neonatal_data_clerks,,text,Respondent Phone Number:,,,,,,y,[is_dc_rp_num] >= 5,,,,,,
is_dc_hed_4,hfa_neonatal_data_clerks,,descriptive,"<div style=""background-color:#82cdbf;padding:12px;font-size:15px""></div>",,,,,,,,,,,,,
is_dc_nu,hfa_neonatal_data_clerks,,yesno,"Is there a data clerk assigned to the neonatal unit every day, including weekends? ",,,,,,,,,,,,,
is_dc_cur,hfa_neonatal_data_clerks,,text,How many neonatal data clerks are currently employed?,,,integer,-1,10,,,y,,,,,
is_dc_cur_exc,hfa_neonatal_data_clerks,,text,How many neonatal data clerks are assigned exclusively to the neonatal unit?,,"Staff are assigned exclusively to the neonatal unit if they work only on the neonatal unit (not also on the postnatal unit or pediatrics ward, for example).",integer,-1,10,,,y,,,,,
is_dc_ld_exc,hfa_neonatal_data_clerks,,yesno,Does this facility have a data clerk exclusively responsible for the neonatal unit and maternity ward combined?,,"Staff are assigned exclusively to the neonatal unit and maternity ward if they work only on the neonatal unit and maternity ward (not also on the postnatal unit or pediatrics ward, for example).",,,,,[is_dc_cur_exc] = '0',,,,,,
is_dc_rn,hfa_neonatal_data_clerks,,yesno,Is it the nurses' responsibility to perform these duties?,,,,,,,[is_dc_ld_exc] = '0',,,,,,
is_dc_des,hfa_neonatal_data_clerks,,yesno,Is there a written job description for the neonatal data clerks?,,,,,,,,,,,,,
is_dc_hed_5,hfa_neonatal_data_clerks,,descriptive,"<div style=""background-color:#82cdbf; padding:5px""></div>",,,,,,,,,,,,,
is_dc_com,hfa_neonatal_data_clerks,,notes,Comments:,,,,,,,,,,,,,
is_sum_hed_1,hfa_summary_data_for_reporting,,descriptive,"<div style=""background-color:#82cdbf; padding:5px""></div>",,,,,,,,,,,,,
is_sum_ban_1,hfa_summary_data_for_reporting,,descriptive,,,,,,,,,,,,,,
is_sum_hed_2,hfa_summary_data_for_reporting,,descriptive,"<div class=""h4"" style=""background-color:#82cdbf;padding:10px"">Summary Data for Reporting</div>",,,,,,,,,,,,,
is_sum_ins_1,hfa_summary_data_for_reporting,,descriptive,"<p style=""font-weight:normal""><i><b>INSTRUCTIONS:</b> Direct these questions towards the data clerk and/or the Health Records and Information Officer (HRIO). <br><br>Please do not leave any variable blank. If a free text variable is unknown and an answer is required, write ""-1"" for numeric fields and ""unknown"" for text fields. If a multiple-choice variable is unknown, select ""unknown"".<b><p>",,,,,,,,,,,,,
is_sum_hed_3,hfa_summary_data_for_reporting,,descriptive,"<div class=""h4"" style=""background-color:#82cdbf;padding:10px""></div>",,,,,,,,,,,,,
is_sum_rp_num,hfa_summary_data_for_reporting,,radio,Number of Respondents Interviewed:,"1, 1 respondent|2, 2 respondents|3, 3 respondents|4, 4 respondents|5, 5 respondents",,,,,,,y,,,,,
is_sum_rp_hed_1,hfa_summary_data_for_reporting,,descriptive,"<div style=""background-color:#82cdbf; padding:5px"">Respondent #1</div>",,,,,,,[is_sum_rp_num] >= 1,,,,,,
is_sum_rp_nam_1,hfa_summary_data_for_reporting,,text,Respondent Name (First and Last):,,,,,,y,[is_sum_rp_num] >= 1,y,,,,,
is_sum_rp_pos_1,hfa_summary_data_for_reporting,,radio,Respondent Position:,"6, Hospital Management | 5, Biomedical Engineering Technician | 1, NEST Coordinator | 2, Nurse | 8, Nurse-in-charge | 3, Data Clerk | 7, HRIO | 4, Clinician | 99, Other <i>(specify below)</i>",,,,,,[is_sum_rp_num] >= 1,y,,,,,
is_sum_rp_othpos_1,hfa_summary_data_for_reporting,,text,"If other position, please specify: ",,,,,,,[is_sum_rp_pos_1] = '99',,,,,,
is_sum_rp_ph_1,hfa_summary_data_for_reporting,,text,Respondent Phone Number:,,,,,,y,[is_sum_rp_num] >= 1,,,,,,
is_sum_rp_hed_2,hfa_summary_data_for_reporting,,descriptive,"<div style=""background-color:#82cdbf; padding:5px"">Respondent #2</div>",,,,,,,[is_sum_rp_num] >= 2,,,,,,
is_sum_rp_nam_2,hfa_summary_data_for_reporting,,text,Respondent Name (First and Last):,,,,,,y,[is_sum_rp_num] >= 2,,,,,,
is_sum_rp_pos_2,hfa_summary_data_for_reporting,,radio,Respondent Position:,"6, Hospital Management | 5, Biomedical Engineering Technician | 1, NEST Coordinator | 2, Nurse | 8, Nurse-in-charge | 3, Data Clerk | 7, HRIO | 4, Clinician | 99, Other <i>(specify below)</i>",,,,,,[is_sum_rp_num] >= 2,,,,,,
is_sum_rp_othpos_2,hfa_summary_data_for_reporting,,text,"If other position, please specify: ",,,,,,,[is_sum_rp_pos_2] = '99',,,,,,
is_sum_rp_ph_2,hfa_summary_data_for_reporting,,text,Respondent Phone Number:,,,,,,y,[is_sum_rp_num] >= 2,,,,,,
is_sum_rp_hed_3,hfa_summary_data_for_reporting,,descriptive,"<div style=""background-color:#82cdbf; padding:5px"">Respondent #3</div>",,,,,,,[is_sum_rp_num] >= 3,,,,,,
is_sum_rp_nam_3,hfa_summary_data_for_reporting,,text,Respondent Name (First and Last):,,,,,,y,[is_sum_rp_num] >= 3,,,,,,
is_sum_rp_pos_3,hfa_summary_data_for_reporting,,radio,Respondent Position:,"6, Hospital Management | 5, Biomedical Engineering Technician | 1, NEST Coordinator | 2, Nurse | 8, Nurse-in-charge | 3, Data Clerk | 7, HRIO | 4, Clinician | 99, Other <i>(specify below)</i>",,,,,,[is_sum_rp_num] >= 3,,,,,,
is_sum_rp_othpos_3,hfa_summary_data_for_reporting,,text,"If other position, please specify: ",,,,,,,[is_sum_rp_pos_3] = '99',,,,,,
is_sum_rp_ph_3,hfa_summary_data_for_reporting,,text,Respondent Phone Number:,,,,,,y,[is_sum_rp_num] >= 3,,,,,,
is_sum_rp_hed_4,hfa_summary_data_for_reporting,,descriptive,"<div style=""background-color:#82cdbf; padding:5px"">Respondent #4</div>",,,,,,,[is_sum_rp_num] >= 4,,,,,,
is_sum_rp_nam_4,hfa_summary_data_for_reporting,,text,Respondent Name (First and Last):,,,,,,y,[is_sum_rp_num] >= 4,,,,,,
is_sum_rp_pos_4,hfa_summary_data_for_reporting,,radio,Respondent Position:,"6, Hospital Management | 5, Biomedical Engineering Technician | 1, NEST Coordinator | 2, Nurse | 8, Nurse-in-charge | 3, Data Clerk | 7, HRIO | 4, Clinician | 99, Other <i>(specify below)</i>",,,,,,[is_sum_rp_num] >= 4,,,,,,
is_sum_rp_othpos_4,hfa_summary_data_for_reporting,,text,"If other position, please specify: ",,,,,,,[is_sum_rp_pos_4] = '99',,,,,,
is_sum_rp_ph_4,hfa_summary_data_for_reporting,,text,Respondent Phone Number:,,,,,,y,[is_sum_rp_num] >= 4,,,,,,
is_sum_rp_hed_5,hfa_summary_data_for_reporting,,descriptive,"<div style=""background-color:#82cdbf; padding:5px"">Respondent #5</div>",,,,,,,[is_sum_rp_num] >= 5,,,,,,
is_sum_rp_nam_5,hfa_summary_data_for_reporting,,text,Respondent Name (First and Last):,,,,,,y,[is_sum_rp_num] >= 5,,,,,,
is_sum_rp_pos_5,hfa_summary_data_for_reporting,,radio,Respondent Position:,"6, Hospital Management | 5, Biomedical Engineering Technician | 1, NEST Coordinator | 2, Nurse | 8, Nurse-in-charge | 3, Data Clerk | 7, HRIO | 4, Clinician | 99, Other <i>(specify below)</i>",,,,,,[is_sum_rp_num] >= 5,,,,,,
is_sum_rp_othpos_5,hfa_summary_data_for_reporting,,text,"If other position, please specify: ",,,,,,,[is_sum_rp_pos_5] = '99',,,,,,
is_sum_rp_ph_5,hfa_summary_data_for_reporting,,text,Respondent Phone Number:,,,,,,y,[is_sum_rp_num] >= 5,,,,,,
is_sum_ind_hed,hfa_summary_data_for_reporting,,descriptive,"<div class=""h10"" style=""background-color:#82cdbf;padding:10px"">Does this facility routinely calculate the following indicators?></div>",,,,,,,,,,,,,
is_sum_ind_del,hfa_summary_data_for_reporting,,radio,Institutional delivery rate,"1, Yes | 0, No",,,,,,,y,,,is_sum_ind,,
is_sum_ind_nmr,hfa_summary_data_for_reporting,,radio,Neonatal mortality rate,"1, Yes | 0, No",,,,,,,y,,,is_sum_ind,,
is_sum_ind_nmr_wt,hfa_summary_data_for_reporting,,radio,Neonatal mortality rate stratified by weight,"1, Yes | 0, No",,,,,,,y,,,is_sum_ind,,
is_sum_ind_lobwt,hfa_summary_data_for_reporting,,radio,Institutional low birth weight rate,"1, Yes | 0, No",,,,,,,y,,,is_sum_ind,,
is_sum_ind_sb,hfa_summary_data_for_reporting,,radio,Stillbirth rate,"1, Yes | 0, No",,,,,,,y,,,is_sum_ind,,
is_sum_ind_occ,hfa_summary_data_for_reporting,,radio,Neonatal bed occupancy rate,"1, Yes | 0, No",,,,,,,y,,,is_sum_ind,,
is_sum_ind_ref,hfa_summary_data_for_reporting,,radio,Referral rate,"1, Yes | 0, No",,,,,,,y,,,is_sum_ind,,
is_sum_ind_lft,hfa_summary_data_for_reporting,,radio,Left-against-medical-advice rate,"1, Yes | 0, No",,,,,,,y,,,is_sum_ind,,
is_sum_ind_nmr_frq,hfa_summary_data_for_reporting,,radio,How frequently is the neonatal mortality rate calculated?,"1, Daily | 2, Weekly | 3, Monthly | 4, Quarterly | 5, Annually | 6, Irregularly | 0, Never | 99, Other <i>(specify below)</i>",,,,,,[is_sum_ind_nmr] = '1',,,,,,
is_sum_ind_nmr_othfrq,hfa_summary_data_for_reporting,,text,Please specify other frequency for the neonatal mortality rate:,,,,,,,[is_sum_ind_nmr_frq] = '99',,,,,,
is_sum_ind_occ_frq,hfa_summary_data_for_reporting,,radio,How frequently is the neonatal bed occupancy rate calculated?,"1, Daily | 2, Weekly | 3, Monthly | 4, Quarterly | 5, Annually | 6, Irregularly | 0, Never | 99, Other <i>(specify below)</i>",,,,,,[is_sum_ind_occ] = '1',,,,,,
is_sum_ind_occ_othfrq,hfa_summary_data_for_reporting,,text,Please specify other frequency for the neonatal bed occupancy rate:,,,,,,,[is_sum_ind_occ_frq] = '99',,,,,,
is_sum_hed_5,hfa_summary_data_for_reporting,,descriptive,"<div class=""h4"" style=""background-color:#82cdbf;padding:10px"">Electronic Summary Data for Sub-National/National Reporting (e.g. DHIS2)</div>",,,,,,,,,,,,,
is_sum_eis,hfa_summary_data_for_reporting,,yesno,"Does this facility submit summary data electronically for sub-national/national reporting (e.g., DHIS2)?",,,,,,,,y,,,,,
is_sum_dhis,hfa_summary_data_for_reporting,,yesno,Does the facility have a DHIS2 office?,,,,,,,[is_sum_eis] = '1',,,,,,
is_sum_dhis_nam,hfa_summary_data_for_reporting,,text,What system is used to submit summary data electronically for sub-national/national reporting?,,,,,,,[is_sum_dhis] = '0',,,,,,
is_sum_dhis_cdr,hfa_summary_data_for_reporting,,radio,Who is responsible for electronic summary data entry?,"1, Data clerk | 2, Nurse | 3, HMIO/HRIO | 99, Other <i>(specify below)</i>",,,,,,[is_sum_eis] = '1',,,,,,
is_sum_dhis_othcdr,hfa_summary_data_for_reporting,,text,Please specify other person who is responsible:,,,,,,,[is_sum_dhis_cdr] = '99',,,,,,
is_sum_dhis_frq,hfa_summary_data_for_reporting,,radio,"How frequently are neonatal data reported electronically for sub-national/national reporting (e.g., DHIS2)?","1, Daily | 2, Weekly | 3, Monthly | 4, Quarterly | 5, Annually | 6, Irregularly | 0, Never | 99, Other <i>(specify below)</i>",,,,,,[is_sum_eis] = '1',,,,,,
is_sum_dhis_othfrq,hfa_summary_data_for_reporting,,text,Please specify other frequency:,,,,,,,[is_sum_dhis_frq] = '99',,,,,,
is_sum_rn,hfa_summary_data_for_reporting,,yesno,Is the data checked by the nurse in charge before submission?,,,,,,,[is_sum_eis] = '1',,,,,,
is_sum_hed_6,hfa_summary_data_for_reporting,,descriptive,"<div style=""background-color:#82cdbf; padding:5px""></div>",,,,,,,,,,,,,
is_sum_com,hfa_summary_data_for_reporting,,notes,Comments:,,,,,,,,,,,,,
is_mpdsr_hed_1,hfa_maternal_and_perinatal_death_surveillance,,descriptive,"<div style=""background-color:#82cdbf; padding:5px""></div>",,,,,,,,,,,,,
is_mpdsr_ban_1,hfa_maternal_and_perinatal_death_surveillance,,descriptive,,,,,,,,,,,,,,
is_mpdsr_hed_2,hfa_maternal_and_perinatal_death_surveillance,,descriptive,"<div class=""h4"" style=""background-color:#82cdbf;padding:10px"">Maternal Perinatal Death Surveillance and Response (MPDSR)</div>",,,,,,,,,,,,,
is_mpdsr_ins_1,hfa_maternal_and_perinatal_death_surveillance,,descriptive,"<p style=""font-weight:normal""><i><b>INSTRUCTIONS:</b> Direct these questions towards the data clerk and/or the Health Records and Information Officer (HRIO). Please do not leave any variable blank. If a guideline is available, continue to ask if it is easily accessible. All guidelines must be seen in order to select ""Yes"" to being available and to being easily accessible. In order to select ""Yes"" to easily accessible the nurse must know where the guideline is stored and be able to retrieve it quickly. Note that some of these guidelines might be found on the labor and delivery ward. If any guideline is part of a larger protocol, that counts as being available. For some questions, you will need to observe specific items/spaces at the facility. <b><p>",,,,,,,,,,,,,
is_mpdsr_hed_3,hfa_maternal_and_perinatal_death_surveillance,,descriptive,"<div style=""background-color:#82cdbf;padding:10px""></div>",,,,,,,,,,,,,
is_mpdsr_rp_num,hfa_maternal_and_perinatal_death_surveillance,,radio,Number of Respondents Interviewed:,"1, 1 respondent|2, 2 respondents|3, 3 respondents|4, 4 respondents|5, 5 respondents",,,,,,,y,,,,,
is_mpdsr_rp_hed_1,hfa_maternal_and_perinatal_death_surveillance,,descriptive,"<div style=""background-color:#82cdbf; padding:5px"">Respondent #1</div>",,,,,,,[is_mpdsr_rp_num] >= 1,,,,,,
is_mpdsr_rp_nam_1,hfa_maternal_and_perinatal_death_surveillance,,text,Respondent Name (First and Last):,,,,,,y,[is_mpdsr_rp_num] >= 1,y,,,,,
is_mpdsr_rp_pos_1,hfa_maternal_and_perinatal_death_surveillance,,radio,Respondent Position:,"6, Hospital Management | 5, Biomedical Engineering Technician | 1, NEST Coordinator | 2, Nurse | 8, Nurse-in-charge | 3, Data Clerk | 7, HRIO | 4, Clinician | 99, Other <i>(specify below)</i>",,,,,,[is_mpdsr_rp_num] >= 1,y,,,,,
is_mpdsr_rp_othpos_1,hfa_maternal_and_perinatal_death_surveillance,,text,"If other position, please specify: ",,,,,,,[is_mpdsr_rp_pos_1] = '99',,,,,,
is_mpdsr_rp_ph_1,hfa_maternal_and_perinatal_death_surveillance,,text,Respondent Phone Number:,,,,,,y,[is_mpdsr_rp_num] >= 1,,,,,,
is_mpdsr_rp_hed_2,hfa_maternal_and_perinatal_death_surveillance,,descriptive,"<div style=""background-color:#82cdbf; padding:5px"">Respondent #2</div>",,,,,,,[is_mpdsr_rp_num] >= 2,,,,,,
is_mpdsr_rp_nam_2,hfa_maternal_and_perinatal_death_surveillance,,text,Respondent Name (First and Last):,,,,,,y,[is_mpdsr_rp_num] >= 2,,,,,,
is_mpdsr_rp_pos_2,hfa_maternal_and_perinatal_death_surveillance,,radio,Respondent Position:,"6, Hospital Management | 5, Biomedical Engineering Technician | 1, NEST Coordinator | 2, Nurse | 8, Nurse-in-charge | 3, Data Clerk | 7, HRIO | 4, Clinician | 99, Other <i>(specify below)</i>",,,,,,[is_mpdsr_rp_num] >= 2,,,,,,
is_mpdsr_rp_othpos_2,hfa_maternal_and_perinatal_death_surveillance,,text,"If other position, please specify: ",,,,,,,[is_mpdsr_rp_pos_2] = '99',,,,,,
is_mpdsr_rp_ph_2,hfa_maternal_and_perinatal_death_surveillance,,text,Respondent Phone Number:,,,,,,y,[is_mpdsr_rp_num] >= 2,,,,,,
is_mpdsr_rp_hed_3,hfa_maternal_and_perinatal_death_surveillance,,descriptive,"<div style=""background-color:#82cdbf; padding:5px"">Respondent #3</div>",,,,,,,[is_mpdsr_rp_num] >= 3,,,,,,
is_mpdsr_rp_nam_3,hfa_maternal_and_perinatal_death_surveillance,,text,Respondent Name (First and Last):,,,,,,y,[is_mpdsr_rp_num] >= 3,,,,,,
is_mpdsr_rp_pos_3,hfa_maternal_and_perinatal_death_surveillance,,radio,Respondent Position:,"6, Hospital Management | 5, Biomedical Engineering Technician | 1, NEST Coordinator | 2, Nurse | 8, Nurse-in-charge | 3, Data Clerk | 7, HRIO | 4, Clinician | 99, Other <i>(specify below)</i>",,,,,,[is_mpdsr_rp_num] >= 3,,,,,,
is_mpdsr_rp_othpos_3,hfa_maternal_and_perinatal_death_surveillance,,text,"If other position, please specify: ",,,,,,,[is_mpdsr_rp_pos_3] = '99',,,,,,
is_mpdsr_rp_ph_3,hfa_maternal_and_perinatal_death_surveillance,,text,Respondent Phone Number:,,,,,,y,[is_mpdsr_rp_num] >= 3,,,,,,
is_mpdsr_rp_hed_4,hfa_maternal_and_perinatal_death_surveillance,,descriptive,"<div style=""background-color:#82cdbf; padding:5px"">Respondent #4</div>",,,,,,,[is_mpdsr_rp_num] >= 4,,,,,,
is_mpdsr_rp_nam_4,hfa_maternal_and_perinatal_death_surveillance,,text,Respondent Name (First and Last):,,,,,,y,[is_mpdsr_rp_num] >= 4,,,,,,
is_mpdsr_rp_pos_4,hfa_maternal_and_perinatal_death_surveillance,,radio,Respondent Position:,"6, Hospital Management | 5, Biomedical Engineering Technician | 1, NEST Coordinator | 2, Nurse | 8, Nurse-in-charge | 3, Data Clerk | 7, HRIO | 4, Clinician | 99, Other <i>(specify below)</i>",,,,,,[is_mpdsr_rp_num] >= 4,,,,,,
is_mpdsr_rp_othpos_4,hfa_maternal_and_perinatal_death_surveillance,,text,"If other position, please specify: ",,,,,,,[is_mpdsr_rp_pos_4] = '99',,,,,,
is_mpdsr_rp_ph_4,hfa_maternal_and_perinatal_death_surveillance,,text,Respondent Phone Number:,,,,,,y,[is_mpdsr_rp_num] >= 4,,,,,,
is_mpdsr_rp_hed_5,hfa_maternal_and_perinatal_death_surveillance,,descriptive,"<div style=""background-color:#82cdbf; padding:5px"">Respondent 5</div>",,,,,,,[is_mpdsr_rp_num] >= 5,,,,,,
is_mpdsr_rp_nam_5,hfa_maternal_and_perinatal_death_surveillance,,text,Respondent Name (First and Last):,,,,,,y,[is_mpdsr_rp_num] >= 5,,,,,,
is_mpdsr_rp_pos_5,hfa_maternal_and_perinatal_death_surveillance,,radio,Respondent Position:,"6, Hospital Management | 5, Biomedical Engineering Technician | 1, NEST Coordinator | 2, Nurse | 8, Nurse-in-charge | 3, Data Clerk | 7, HRIO | 4, Clinician | 99, Other <i>(specify below)</i>",,,,,,[is_mpdsr_rp_num] >= 5,,,,,,
is_mpdsr_rp_othpos_5,hfa_maternal_and_perinatal_death_surveillance,,text,"If other position, please specify: ",,,,,,,[is_mpdsr_rp_pos_5] = '99',,,,,,
is_mpdsr_rp_ph_5,hfa_maternal_and_perinatal_death_surveillance,,text,Respondent Phone Number:,,,,,,y,[is_mpdsr_rp_num] >= 5,,,,,,
is_mpdsr_hed_4,hfa_maternal_and_perinatal_death_surveillance,,descriptive,"<div style=""background-color:#82cdbf;padding:10px""></div>",,,,,,,,,,,,,
is_mpdsr_gui,hfa_maternal_and_perinatal_death_surveillance,,radio,Do you have the WHO MPDSR or relevant national guidelines?,"1, Available and easily accessible | 2, Available, but not easily accessible | 0, Not available","If a guideline is available, continue to ask if it is easily accessible. All guidelines must be seen in order to select ""Yes"" to being available and to being easily accessible. In order to select ""Yes"" to easily accessible the nurse must know where the guideline is stored and able to retrieve it quickly. If the guidelines are part of a larger protocol, count this as being available.",,,,,,y,,,,,
is_mpdsr_fgui,hfa_maternal_and_perinatal_death_surveillance,,descriptive,"<div style=""background-color:#fbd0c1;padding:10px"">Select all national tools or WHO ""tools for implementation"" that the facility is using. Documents must be observed to select YES.</div>",,,,,,,[is_mpdsr_gui] >= 1,,,,,,
is_mpdsr_doc,hfa_maternal_and_perinatal_death_surveillance,,yesno,Terms of reference for review committee for MPDSR ,,e.g. SOP or protocol for MPDSR. This can include relevant national guidelines or WHO MPDSR tools for implementation - Appendix 2,,,,,[is_mpdsr_gui] >= 1,,,,,,
is_mpdsr_cd,hfa_maternal_and_perinatal_death_surveillance,,yesno,Sample meeting code of practice,,e.g. relevant national guidelines or WHO MPDSR tools for implementation - Appendix 3,,,,,[is_mpdsr_gui] >= 1,,,,,,
is_mpdsr_frm,hfa_maternal_and_perinatal_death_surveillance,,yesno,Individual death care review/clinical summary forms,,e.g. relevant national guidelines or WHO MPDSR tools for implementation - Appendix 12 or 13,,,,,[is_mpdsr_gui] >= 1,,,,,,
is_mpdsr_prn_hed,hfa_maternal_and_perinatal_death_surveillance,,descriptive,"<div style=""background-color:#fbd0c1;padding:10px"">Which, if any, of the following items from the minimal perinatal dataset are reported to the national level? <i>(WHO MPDSR tools for implementation - Appendix 14)</i></div>",,,,,,,[is_mpdsr_gui] >= 1,,,,,,
is_mpdsr_prn_m_ld,hfa_maternal_and_perinatal_death_surveillance,,radio,"Mother's obstetric history (gravida, parity)","1, Yes | 0, No | 9, Unknown",,,,,,[is_mpdsr_gui] >= 1,,,,is_mpdsr_prn,,
is_mpdsr_prn_m_his,hfa_maternal_and_perinatal_death_surveillance,,radio,Mother's medical history,"1, Yes | 0, No | 9, Unknown",,,,,,[is_mpdsr_gui] >= 1,,,,is_mpdsr_prn,,
is_mpdsr_prn_m_age,hfa_maternal_and_perinatal_death_surveillance,,radio,Mother's age,"1, Yes | 0, No | 9, Unknown",,,,,,[is_mpdsr_gui] >= 1,,,,is_mpdsr_prn,,
is_mpdsr_prn_bnum,hfa_maternal_and_perinatal_death_surveillance,,radio,Single or multiple pregnancy,"1, Yes | 0, No | 9, Unknown",,,,,,[is_mpdsr_gui] >= 1,,,,is_mpdsr_prn,,
is_mpdsr_prn_anc,hfa_maternal_and_perinatal_death_surveillance,,radio,Antenatal care history (number of visits),"1, Yes | 0, No | 9, Unknown",,,,,,[is_mpdsr_gui] >= 1,,,,is_mpdsr_prn,,
is_mpdsr_prn_hiv,hfa_maternal_and_perinatal_death_surveillance,,radio,HIV status,"1, Yes | 0, No | 9, Unknown",,,,,,[is_mpdsr_gui] >= 1,,,,is_mpdsr_prn,,
is_mpdsr_prn_ga,hfa_maternal_and_perinatal_death_surveillance,,radio,Gestational age (and method of determination),"1, Yes | 0, No | 9, Unknown",,,,,,[is_mpdsr_gui] >= 1,,,,is_mpdsr_prn,,
is_mpdsr_prn_bloc,hfa_maternal_and_perinatal_death_surveillance,,radio,Place of delivery,"1, Yes | 0, No | 9, Unknown",,,,,,[is_mpdsr_gui] >= 1,,,,is_mpdsr_prn,,
is_mpdsr_prn_dob,hfa_maternal_and_perinatal_death_surveillance,,radio,Date and time of birth,"1, Yes | 0, No | 9, Unknown",,,,,,[is_mpdsr_gui] >= 1,,,,is_mpdsr_prn,,
is_mpdsr_prn_del,hfa_maternal_and_perinatal_death_surveillance,,radio,Attendant at delivery,"1, Yes | 0, No | 9, Unknown",,,,,,[is_mpdsr_gui] >= 1,,,,is_mpdsr_prn,,
is_mpdsr_prn_delmode,hfa_maternal_and_perinatal_death_surveillance,,radio,Mode of delivery,"1, Yes | 0, No | 9, Unknown",,,,,,[is_mpdsr_gui] >= 1,,,,is_mpdsr_prn,,
is_mpdsr_prn_sex,hfa_maternal_and_perinatal_death_surveillance,,radio,Sex of baby,"1, Yes | 0, No | 9, Unknown",,,,,,[is_mpdsr_gui] >= 1,,,,is_mpdsr_prn,,
is_mpdsr_prn_bwt,hfa_maternal_and_perinatal_death_surveillance,,radio,Birthweight,"1, Yes | 0, No | 9, Unknown",,,,,,[is_mpdsr_gui] >= 1,,,,is_mpdsr_prn,,
is_mpdsr_prn_dod,hfa_maternal_and_perinatal_death_surveillance,,radio,Date and time of death,"1, Yes | 0, No | 9, Unknown",,,,,,[is_mpdsr_gui] >= 1,,,,is_mpdsr_prn,,
is_mpdsr_prn_dod_typ,hfa_maternal_and_perinatal_death_surveillance,,radio,"Type of death (antepartum stillbirth, intrapartum stillbirth, neonatal death)","1, Yes | 0, No | 9, Unknown",,,,,,[is_mpdsr_gui] >= 1,,,,is_mpdsr_prn,,
is_mpdsr_prn_cod,hfa_maternal_and_perinatal_death_surveillance,,radio,Cause of death using ICD-10/11 or ICD-PM,"1, Yes | 0, No | 9, Unknown",,,,,,[is_mpdsr_gui] >= 1,,,,is_mpdsr_prn,,
is_mpdsr_hed_5,hfa_maternal_and_perinatal_death_surveillance,,descriptive,"<div style=""background-color:#82cdbf;padding:10px""></div>",,,,,,,,,,,,,
is_mpdsr_icd,hfa_maternal_and_perinatal_death_surveillance,,checkbox,"Which, if any, standardised cause of death classification does the facility use for neonatal deaths? For example ICD-PM or another.","0, None | 1, ICD-PM | 2, ICD-10 | 3, ICD-11 | 99, Other <i>(specify below)</i>",Select all that apply.,,,,,,y,,,,, @NONEOFTHEABOVE=0
is_mpdsr_icd_oth,hfa_maternal_and_perinatal_death_surveillance,,text,Please specify other standardised cause of death classification:,,,,,,,[is_mpdsr_icd(99)] = '1',,,,,,
is_mpdsr_sb,hfa_maternal_and_perinatal_death_surveillance,,yesno,Are neonatal deaths/stillbirths that occur outside the hospital (e.g. brought dead) or in the community included in the MPDSR process?,,,,,,,,y,,,,,
is_mpdsr_cdr,hfa_maternal_and_perinatal_death_surveillance,,yesno,"Does the facility have an MPDSR ""champion"" or lead?",,,,,,,,y,,,,,
is_mpdsr_cs,hfa_maternal_and_perinatal_death_surveillance,,checkbox,"How is MPDSR information communicated to the sub-national level (e.g. district, county)?","0, None | 1, Regular reports | 2, Regular meetings | 99, Other <i>(specify below)</i>",Select all that apply.,,,,,,y,,,,, @NONEOFTHEABOVE=0
is_mpdsr_cs_oth,hfa_maternal_and_perinatal_death_surveillance,,text,Please specify other method of communication:,,,,,,,[is_mpdsr_cs(99)] = '1',,,,,,
is_mpdsr_fac,hfa_maternal_and_perinatal_death_surveillance,,yesno,"Does the facility receive feedback from the sub-national level (e.g. district, county) on MPDSR information? ",,,,,,,,y,,,,,
is_mpdsr_hed_6,hfa_maternal_and_perinatal_death_surveillance,,descriptive,"<div style=""background-color:#82cdbf; padding:5px""></div>",,,,,,,,,,,,,
is_mpdsr_com,hfa_maternal_and_perinatal_death_surveillance,,notes,Comments:,,,,,,,,,,,,,
is_crvs_hed_1,hfa_civil_registration_and_vital_statistics,,descriptive,"<div style=""background-color:#82cdbf; padding:5px""></div>",,,,,,,,,,,,,
is_crvs_ban_1,hfa_civil_registration_and_vital_statistics,,descriptive,,,,,,,,,,,,,,
is_crvs_hed_2,hfa_civil_registration_and_vital_statistics,,descriptive,"<div class=""h4"" style=""background-color:#82cdbf;padding:10px"">Civil Registration and Vital Statistics (CRVS)</div>",,,,,,,,,,,,,
is_crvs_ins_1,hfa_civil_registration_and_vital_statistics,,descriptive,"<p style=""font-weight:normal""><i><b>INSTRUCTIONS:</b> Direct these questions towards the data clerk and/or the Health Records and Information Officer (HRIO). Please do not leave any variable blank. If a guideline is available, continue to ask if it is easily accessible. All guidelines must be seen in order to select ""Yes"" to being available and to being easily accessible. In order to select ""Yes"" to easily accessible the nurse must know where the guideline is stored and be able to retrieve it quickly. Note that some of these guidelines might be found on the labor and delivery ward. If any guideline is part of a larger protocol, that counts as being available. For some questions, you will need to observe specific items/spaces at the facility. <b><p>",,,,,,,,,,,,,
is_crvs_hed_3,hfa_civil_registration_and_vital_statistics,,descriptive,"<div style=""background-color:#82cdbf;padding:10px""></div>",,,,,,,,,,,,,
is_crvs_avl,hfa_civil_registration_and_vital_statistics,,yesno,Does the facility have an onsite Civil Registration and Vital Statistics (CRVS) office/registrar?,,,,,,,,y,,,,,
is_crvs_cdr,hfa_civil_registration_and_vital_statistics,,radio,Who is responsible for submitting data to the CRVS system? ,"1, CRVS Officer | 2, HMIO/HRIO | 3, Hospital Admin | 99, Other <i>(specify below)</i>",,,,,,,,,,,,
is_crvs_cdr_oth,hfa_civil_registration_and_vital_statistics,,text,Please specify other person who is responsible:,,,,,,,[is_crvs_cdr] = '99',,,,,,
is_crvs_gui,hfa_civil_registration_and_vital_statistics,,radio,"Does the health facility have written, up-to-date guidelines for registering neonatal death and stillbirths?","1, Available and easily accessible | 2, Available, but not easily accessible | 0, Not available","If a guideline is available, continue to ask if it is easily accessible. All guidelines must be seen in order to select ""Yes"" to being available and to being easily accessible. In order to select ""Yes"" to easily accessible the nurse must know where the guideline is stored and able to retrieve it quickly. If the guidelines are part of a larger protocol, count this as being available.",,,,,,y,,,,,
is_crvs_nf,hfa_civil_registration_and_vital_statistics,,yesno,Are births and deaths notified to the civil authority?,,,,,,,,y,,,,,
is_crvs_hmis,hfa_civil_registration_and_vital_statistics,,yesno,Are births and deaths captured in the health management information system (HMIS)?,,,,,,,,y,,,,,
is_crvs_hed_6,hfa_civil_registration_and_vital_statistics,,descriptive,"<div style=""background-color:#82cdbf; padding:5px""></div>",,,,,,,,,,,,,
is_crvs_com,hfa_civil_registration_and_vital_statistics,,notes,Comments:,,,,,,,,,,,,,
is_eis_hed_1,hfa_electronic_information_systems,,descriptive,"<div style=""background-color:#82cdbf; padding:5px""></div>",,,,,,,,,,,,,
is_eis_ban_1,hfa_electronic_information_systems,,descriptive,,,,,,,,,,,,,,
is_eis_hed_2,hfa_electronic_information_systems,,descriptive,"<div class=""h4"" style=""background-color:#82cdbf;padding:10px"">Electronic Information Systems and Infrastructure</div>",,,,,,,,,,,,,
is_eis_ins_1,hfa_electronic_information_systems,,descriptive,"<p style=""font-weight:normal""><i><b>INSTRUCTIONS:</b> Direct these questions towards the IT officer. <br><br>Please do not leave any variable blank. If a free text variable is unknown and an answer is required, write ""-1"" for numeric fields and ""unknown"" for text fields. If a multiple-choice variable is unknown, select ""unknown"".</i></p>",,,,,,,,,,,,,
is_eis_hed_3,hfa_electronic_information_systems,,descriptive,"<div style=""background-color:#82cdbf;padding:10px""></div>",,,,,,,,,,,,,
is_eis_rp_num,hfa_electronic_information_systems,,radio,Number of Respondents Interviewed:,"1, 1 respondent|2, 2 respondents|3, 3 respondents|4, 4 respondents|5, 5 respondents",,,,,,,y,,,,,
is_eis_rp_hed_1,hfa_electronic_information_systems,,descriptive,"<div style=""background-color:#82cdbf; padding:5px"">Respondent #1</div>",,,,,,,[is_eis_rp_num] >= 1,,,,,,
is_eis_rp_nam_1,hfa_electronic_information_systems,,text,Respondent Name (First and Last):,,,,,,y,[is_eis_rp_num] >= 1,y,,,,,
is_eis_rp_pos_1,hfa_electronic_information_systems,,radio,Respondent Position:,"9, IT Officer | 6, Hospital Management | 5, Biomedical Engineering Technician | 1, NEST Coordinator | 2, Nurse | 8, Nurse-in-charge | 3, Data Clerk | 7, HRIO | 4, Clinician | 99, Other <i>(specify below)</i>",,,,,,[is_eis_rp_num] >= 1,y,,,,,
is_eis_rp_othpos_1,hfa_electronic_information_systems,,text,"If other position, please specify: ",,,,,,,[is_eis_rp_pos_1] = '99',,,,,,
is_eis_rp_ph_1,hfa_electronic_information_systems,,text,Respondent Phone Number:,,,,,,y,[is_eis_rp_num] >= 1,,,,,,
is_eis_rp_hed_2,hfa_electronic_information_systems,,descriptive,"<div style=""background-color:#82cdbf; padding:5px"">Respondent #2</div>",,,,,,,[is_eis_rp_num] >= 2,,,,,,
is_eis_rp_nam_2,hfa_electronic_information_systems,,text,Respondent Name (First and Last):,,,,,,y,[is_eis_rp_num] >= 2,,,,,,
is_eis_rp_pos_2,hfa_electronic_information_systems,,radio,Respondent Position:,"9, IT Officer | 6, Hospital Management | 5, Biomedical Engineering Technician | 1, NEST Coordinator | 2, Nurse | 8, Nurse-in-charge | 3, Data Clerk | 7, HRIO | 4, Clinician | 99, Other <i>(specify below)</i>",,,,,,[is_eis_rp_num] >= 2,,,,,,
is_eis_rp_othpos_2,hfa_electronic_information_systems,,text,"If other position, please specify: ",,,,,,,[is_eis_rp_pos_2] = '99',,,,,,
is_eis_rp_ph_2,hfa_electronic_information_systems,,text,Respondent Phone Number:,,,,,,y,[is_eis_rp_num] >= 2,,,,,,
is_eis_rp_hed_3,hfa_electronic_information_systems,,descriptive,"<div style=""background-color:#82cdbf; padding:5px"">Respondent #3</div>",,,,,,,[is_eis_rp_num] >= 3,,,,,,
is_eis_rp_nam_3,hfa_electronic_information_systems,,text,Respondent Name (First and Last):,,,,,,y,[is_eis_rp_num] >= 3,,,,,,
is_eis_rp_pos_3,hfa_electronic_information_systems,,radio,Respondent Position:,"9, IT Officer | 6, Hospital Management | 5, Biomedical Engineering Technician | 1, NEST Coordinator | 2, Nurse | 8, Nurse-in-charge | 3, Data Clerk | 7, HRIO | 4, Clinician | 99, Other <i>(specify below)</i>",,,,,,[is_eis_rp_num] >= 3,,,,,,
is_eis_rp_othpos_3,hfa_electronic_information_systems,,text,"If other position, please specify: ",,,,,,,[is_eis_rp_pos_3] = '99',,,,,,
is_eis_rp_ph_3,hfa_electronic_information_systems,,text,Respondent Phone Number:,,,,,,y,[is_eis_rp_num] >= 3,,,,,,
is_eis_rp_hed_4,hfa_electronic_information_systems,,descriptive,"<div style=""background-color:#82cdbf; padding:5px"">Respondent #4</div>",,,,,,,[is_eis_rp_num] >= 4,,,,,,
is_eis_rp_nam_4,hfa_electronic_information_systems,,text,Respondent Name (First and Last):,,,,,,y,[is_eis_rp_num] >= 4,,,,,,
is_eis_rp_pos_4,hfa_electronic_information_systems,,radio,Respondent Position:,"9, IT Officer | 6, Hospital Management | 5, Biomedical Engineering Technician | 1, NEST Coordinator | 2, Nurse | 8, Nurse-in-charge | 3, Data Clerk | 7, HRIO | 4, Clinician | 99, Other <i>(specify below)</i>",,,,,,[is_eis_rp_num] >= 4,,,,,,
is_eis_rp_othpos_4,hfa_electronic_information_systems,,text,"If other position, please specify: ",,,,,,,[is_eis_rp_pos_4] = '99',,,,,,
is_eis_rp_ph_4,hfa_electronic_information_systems,,text,Respondent Phone Number:,,,,,,y,[is_eis_rp_num] >= 4,,,,,,
is_eis_rp_hed_5,hfa_electronic_information_systems,,descriptive,"<div style=""background-color:#82cdbf; padding:5px"">Respondent #5</div>",,,,,,,[is_eis_rp_num] >= 5,,,,,,
is_eis_rp_nam_5,hfa_electronic_information_systems,,text,Respondent Name (First and Last):,,,,,,y,[is_eis_rp_num] >= 5,,,,,,
is_eis_rp_pos_5,hfa_electronic_information_systems,,radio,Respondent Position:,"9, IT Officer | 6, Hospital Management | 5, Biomedical Engineering Technician | 1, NEST Coordinator | 2, Nurse | 8, Nurse-in-charge | 3, Data Clerk | 7, HRIO | 4, Clinician | 99, Other <i>(specify below)</i>",,,,,,[is_eis_rp_num] >= 5,,,,,,
is_eis_rp_othpos_5,hfa_electronic_information_systems,,text,"If other position, please specify: ",,,,,,,[is_eis_rp_pos_5] = '99',,,,,,
is_eis_rp_ph_5,hfa_electronic_information_systems,,text,Respondent Phone Number:,,,,,,y,[is_eis_rp_num] >= 5,,,,,,
is_eis_hed_4,hfa_electronic_information_systems,,descriptive,"<div class=""h4"" style=""background-color:#82cdbf;padding:10px"">Electronic Information Systems </div>",,,,,,,,,,,,,
is_eis_pas_hed,hfa_electronic_information_systems,,descriptive,"<div style=""background-color:#fbd0c1;padding:10px"">Patient Administration System (PAS)</div>",,,,,,,,,,,,,
is_eis_pas_avl,hfa_electronic_information_systems,,radio,Does the facility have a Patient Administration System (PAS)?,"1, Yes | 0, No | 9, Unknown",,,,,,,y,RV,,,,
is_eis_pas_nam,hfa_electronic_information_systems,,text,PAS System Name/Vendor:,,,,,,,[is_eis_pas_avl] = '1',,,,,,
is_eis_pas_cont,hfa_electronic_information_systems,,radio,Is there a vendor support contract for this system?,"1, Yes | 0, No | 9, Unknown",,,,,,[is_eis_pas_avl] = '1',,,,,,
is_eis_pas_bsto,hfa_electronic_information_systems,,checkbox,"What, if any, system backups are there?","0, None | 1, Onsite | 2, Offsite (cloud based) | 3, Offsite (other)","Onsite Backup is a manual backup to a local storage device, such as a USB, CD, external hard drive, or other physical drive. Offsite Backup (cloud based) is a remote backup to an internet-based server. Offsite backup (other) can include a physical backup to a local storage device that is stored offsite or a not cloud-based remote backup to another secure server. Select all that apply.",,,,,[is_eis_pas_avl] = '1',,,,,, @NONEOFTHEABOVE=0
is_eis_pas_encrp,hfa_electronic_information_systems,,radio,Is system storage encrypted?,"1, Yes | 0, No | 9, Unknown",,,,,,[is_eis_pas_avl] = '1',,,,,,
is_eis_fms_hed,hfa_electronic_information_systems,,descriptive,"<div style=""background-color:#fbd0c1;padding:10px"">Financial Management System and/or Billing System (FMS)</div>",,,,,,,,,,,,,
is_eis_fms_avl,hfa_electronic_information_systems,,radio,Does the facility have a Financial Management System and/or Billing System (FMS),"1, Yes | 0, No | 9, Unknown",,,,,,,y,RV,,,,
is_eis_fms_nam,hfa_electronic_information_systems,,text,FMS System Name/Vendor:,,,,,,,[is_eis_fms_avl] = '1',,,,,,
is_eis_fms_cont,hfa_electronic_information_systems,,radio,Is there a vendor support contract for this system?,"1, Yes | 0, No | 9, Unknown",,,,,,[is_eis_fms_avl] = '1',,,,,,
is_eis_fms_bsto,hfa_electronic_information_systems,,checkbox,"What, if any, system backups are there?","0, None | 1, Onsite | 2, Offsite (cloud based) | 3, Offsite (other)","Onsite Backup is a manual backup to a local storage device, such as a USB, CD, external hard drive, or other physical drive. Offsite Backup (cloud based) is a remote backup to an internet-based server. Offsite backup (other) can include a physical backup to a local storage device that is stored offsite or a not cloud-based remote backup to another secure server. Select all that apply.",,,,,[is_eis_fms_avl] = '1',,,,,, @NONEOFTHEABOVE=0
is_eis_fms_encrp,hfa_electronic_information_systems,,radio,Is system storage encrypted?,"1, Yes | 0, No | 9, Unknown",,,,,,[is_eis_fms_avl] = '1',,,,,,
is_eis_lab_hed,hfa_electronic_information_systems,,descriptive,"<div style=""background-color:#fbd0c1;padding:10px"">Laboratory Information System (LIS)</div>",,,,,,,,,,,,,
is_eis_lab_avl,hfa_electronic_information_systems,,radio,Does the facility have a Laboratory Information System (LIS)?,"1, Yes | 0, No | 9, Unknown",,,,,,,y,RV,,,,
is_eis_lab_nam,hfa_electronic_information_systems,,text,LIS System Name/Vendor:,,,,,,,[is_eis_lab_avl] = '1',,,,,,
is_eis_lab_cont,hfa_electronic_information_systems,,radio,Is there a vendor support contract for this system?,"1, Yes | 0, No | 9, Unknown",,,,,,[is_eis_lab_avl] = '1',,,,,,
is_eis_lab_bsto,hfa_electronic_information_systems,,checkbox,"What, if any, system backups are there?","0, None | 1, Onsite | 2, Offsite (cloud based) | 3, Offsite (other)","Onsite Backup is a manual backup to a local storage device, such as a USB, CD, external hard drive, or other physical drive. Offsite Backup (cloud based) is a remote backup to an internet-based server. Offsite backup (other) can include a physical backup to a local storage device that is stored offsite or a not cloud-based remote backup to another secure server. Select all that apply.",,,,,[is_eis_lab_avl] = '1',,,,,, @NONEOFTHEABOVE=0
is_eis_lab_encrp,hfa_electronic_information_systems,,radio,Is system storage encrypted?,"1, Yes | 0, No | 9, Unknown",,,,,,[is_eis_lab_avl] = '1',,,,,,
is_eis_cs_hed,hfa_electronic_information_systems,,descriptive,"<div style=""background-color:#fbd0c1;padding:10px"">Picture Archiving and Communications System (PACS)</div>",,,,,,,,,,,,,
is_eis_cs_avl,hfa_electronic_information_systems,,radio,Does the facility have a Picture Archiving and Communications System (PACS)?,"1, Yes | 0, No | 9, Unknown",,,,,,,y,RV,,,,
is_eis_cs_nam,hfa_electronic_information_systems,,text,PACS System Name/Vendor:,,,,,,,[is_eis_cs_avl] = '1',,,,,,
is_eis_cs_cont,hfa_electronic_information_systems,,radio,Is there a vendor support contract for this system?,"1, Yes | 0, No | 9, Unknown",,,,,,[is_eis_cs_avl] = '1',,,,,,
is_eis_cs_bsto,hfa_electronic_information_systems,,checkbox,"What, if any, system backups are there?","0, None | 1, Onsite | 2, Offsite (cloud based) | 3, Offsite (other)","Onsite Backup is a manual backup to a local storage device, such as a USB, CD, external hard drive, or other physical drive. Offsite Backup (cloud based) is a remote backup to an internet-based server. Offsite backup (other) can include a physical backup to a local storage device that is stored offsite or a not cloud-based remote backup to another secure server. Select all that apply.",,,,,[is_eis_cs_avl] = '1',,,,,, @NONEOFTHEABOVE=0
is_eis_cs_encrp,hfa_electronic_information_systems,,radio,Is system storage encrypted?,"1, Yes | 0, No | 9, Unknown",,,,,,[is_eis_cs_avl] = '1',,,,,,
is_eis_outemr_hed,hfa_electronic_information_systems,,descriptive,"<div style=""background-color:#fbd0c1;padding:10px"">Outpatient Electronic Medical Records (EMR)</div>",,,,,,,,,,,,,
is_eis_outemr_avl,hfa_electronic_information_systems,,radio,Does the facility have a Outpatient Electronic Medical Records (EMR)?,"1, Yes | 0, No | 9, Unknown",,,,,,,y,RV,,,,
is_eis_outemr_nam,hfa_electronic_information_systems,,text,Outpatient EMR System Name/Vendor:,,,,,,,[is_eis_outemr_avl] = '1',,,,,,
is_eis_outemr_cont,hfa_electronic_information_systems,,radio,Is there a vendor support contract for this system?,"1, Yes | 0, No | 9, Unknown",,,,,,[is_eis_outemr_avl] = '1',,,,,,
is_eis_outemr_bsto,hfa_electronic_information_systems,,checkbox,"What, if any, system backups are there?","0, None | 1, Onsite | 2, Offsite (cloud based) | 3, Offsite (other)","Onsite Backup is a manual backup to a local storage device, such as a USB, CD, external hard drive, or other physical drive. Offsite Backup (cloud based) is a remote backup to an internet-based server. Offsite backup (other) can include a physical backup to a local storage device that is stored offsite or a not cloud-based remote backup to another secure server. Select all that apply.",,,,,[is_eis_outemr_avl] = '1',,,,,, @NONEOFTHEABOVE=0
is_eis_outemr_encrp,hfa_electronic_information_systems,,radio,Is system storage encrypted?,"1, Yes | 0, No | 9, Unknown",,,,,,[is_eis_outemr_avl] = '1',,,,,,
is_eis_inemr_hed,hfa_electronic_information_systems,,descriptive,"<div style=""background-color:#fbd0c1;padding:10px"">Inpatient Electronic Medical Records (EMR)</div>",,,,,,,,,,,,,
is_eis_inemr_avl,hfa_electronic_information_systems,,radio,Does the facility have a Inpatient Electronic Medical Records (EMR)?,"1, Yes | 0, No | 9, Unknown",,,,,,,y,RV,,,,
is_eis_inemr_nam,hfa_electronic_information_systems,,text,Inpatient EMR System Name/Vendor:,,,,,,,[is_eis_inemr_avl] = '1',,,,,,
is_eis_inemr_cont,hfa_electronic_information_systems,,radio,Is there a vendor support contract for this system?,"1, Yes | 0, No | 9, Unknown",,,,,,[is_eis_inemr_avl] = '1',,,,,,
is_eis_inemr_bsto,hfa_electronic_information_systems,,checkbox,"What, if any, system backups are there?","0, None | 1, Onsite | 2, Offsite (cloud based) | 3, Offsite (other)","Onsite Backup is a manual backup to a local storage device, such as a USB, CD, external hard drive, or other physical drive. Offsite Backup (cloud based) is a remote backup to an internet-based server. Offsite backup (other) can include a physical backup to a local storage device that is stored offsite or a not cloud-based remote backup to another secure server. Select all that apply.",,,,,[is_eis_inemr_avl] = '1',,,,,, @NONEOFTHEABOVE=0
is_eis_inemr_encrp,hfa_electronic_information_systems,,radio,Is system storage encrypted?,"1, Yes | 0, No | 9, Unknown",,,,,,[is_eis_inemr_avl] = '1',,,,,,
is_eis_ccc_hed,hfa_electronic_information_systems,,descriptive,"<div style=""background-color:#fbd0c1;padding:10px"">Comprehensive Care Clinics (CCC) Electronic Medical Records (EMR)</div>",,,,,,,,,,,,,
is_eis_ccc_avl,hfa_electronic_information_systems,,radio,Does the facility have a Comprehensive Care Clinics (CCC) EMR?,"1, Yes | 0, No | 9, Unknown",,,,,,,y,RV,,,,
is_eis_ccc_nam,hfa_electronic_information_systems,,text,CCC System Name/Vendor:,,,,,,,[is_eis_ccc_avl] = '1',,,,,,
is_eis_ccc_cont,hfa_electronic_information_systems,,radio,Is there a vendor support contract for this system?,"1, Yes | 0, No | 9, Unknown",,,,,,[is_eis_ccc_avl] = '1',,,,,,
is_eis_ccc_bsto,hfa_electronic_information_systems,,checkbox,"What, if any, system backups are there?","0, None | 1, Onsite | 2, Offsite (cloud based) | 3, Offsite (other)","Onsite Backup is a manual backup to a local storage device, such as a USB, CD, external hard drive, or other physical drive. Offsite Backup (cloud based) is a remote backup to an internet-based server. Offsite backup (other) can include a physical backup to a local storage device that is stored offsite or a not cloud-based remote backup to another secure server. Select all that apply.",,,,,[is_eis_ccc_avl] = '1',,,,,, @NONEOFTHEABOVE=0
is_eis_ccc_encrp,hfa_electronic_information_systems,,radio,Is system storage encrypted?,"1, Yes | 0, No | 9, Unknown",,,,,,[is_eis_ccc_avl] = '1',,,,,,
is_eis_p_hed,hfa_electronic_information_systems,,descriptive,"<div style=""background-color:#fbd0c1;padding:10px"">Pharmacy Information System (PIS)</div>",,,,,,,,,,,,,
is_eis_p_avl,hfa_electronic_information_systems,,radio,Does the facility have a Pharmacy Information System (PIS)?,"1, Yes | 0, No | 9, Unknown",,,,,,,y,RV,,,,
is_eis_p_nam,hfa_electronic_information_systems,,text,PIS System Name/Vendor:,,,,,,,[is_eis_p_avl] = '1',,,,,,
is_eis_p_cont,hfa_electronic_information_systems,,radio,Is there a vendor support contract for this system?,"1, Yes | 0, No | 9, Unknown",,,,,,[is_eis_p_avl] = '1',,,,,,
is_eis_p_bsto,hfa_electronic_information_systems,,checkbox,"What, if any, system backups are there?","0, None | 1, Onsite | 2, Offsite (cloud based) | 3, Offsite (other)","Onsite Backup is a manual backup to a local storage device, such as a USB, CD, external hard drive, or other physical drive. Offsite Backup (cloud based) is a remote backup to an internet-based server. Offsite backup (other) can include a physical backup to a local storage device that is stored offsite or a not cloud-based remote backup to another secure server. Select all that apply.",,,,,[is_eis_p_avl] = '1',,,,,, @NONEOFTHEABOVE=0
is_eis_p_encrp,hfa_electronic_information_systems,,radio,Is system storage encrypted?,"1, Yes | 0, No | 9, Unknown",,,,,,[is_eis_p_avl] = '1',,,,,,
is_eis_hmis_hed,hfa_electronic_information_systems,,descriptive,"<div style=""background-color:#fbd0c1;padding:10px"">National Health Management Information System (NHIS) (e.g. DHIS2)</div>",,,,,,,,,,,,,
is_eis_hmis_avl,hfa_electronic_information_systems,,radio,Does the facility have a National Health Information System (NHIS) (e.g. DHIS2)?,"1, Yes | 0, No | 9, Unknown",,,,,,,y,RV,,,,
is_eis_hmis_nam,hfa_electronic_information_systems,,text,NHIS System Name/Vendor:,,,,,,,[is_eis_hmis_avl] = '1',,,,,,
is_eis_hmis_cont,hfa_electronic_information_systems,,radio,Is there a vendor support contract for this system?,"1, Yes | 0, No | 9, Unknown",,,,,,[is_eis_hmis_avl] = '1',,,,,,
is_eis_hmis_bsto,hfa_electronic_information_systems,,checkbox,"What, if any, system backups are there?","0, None | 1, Onsite | 2, Offsite (cloud based) | 3, Offsite (other)","Onsite Backup is a manual backup to a local storage device, such as a USB, CD, external hard drive, or other physical drive. Offsite Backup (cloud based) is a remote backup to an internet-based server. Offsite backup (other) can include a physical backup to a local storage device that is stored offsite or a not cloud-based remote backup to another secure server. Select all that apply.",,,,,[is_eis_hmis_avl] = '1',,,,,, @NONEOFTHEABOVE=0
is_eis_hmis_encrp,hfa_electronic_information_systems,,radio,Is system storage encrypted?,"1, Yes | 0, No | 9, Unknown",,,,,,[is_eis_hmis_avl] = '1',,,,,,
is_eis_inf_hed,hfa_electronic_information_systems,,descriptive,"<div class=""h4"" style=""background-color:#82cdbf;padding:10px"">Supporting Infrastructure</div>",,,,,,,,,,,,,
is_eis_inf_gen,hfa_electronic_information_systems,,yesno,Backup Power for Information Systems,,"This can include a fuel generator, battery inverter or solar power.",,,,,,y,RV,,,,
is_eis_inf_ntwk,hfa_electronic_information_systems,,yesno,Wired Network,,"This uses cables to connect devices, such as laptop or desktop computers, to the internet.",,,,,,y,RV,,,,
is_eis_inf_hr,hfa_electronic_information_systems,,yesno,IT Support Staff,,,,,,,,y,RV,,,,
is_eis_hed_6,hfa_electronic_information_systems,,descriptive,"<div style=""background-color:#82cdbf; padding:5px""></div>",,,,,,,,,,,,,
is_eis_com,hfa_electronic_information_systems,,notes,Comments:,,,,,,,,,,,,,
is_ind_hed_1,hfa_indicator_variables,,descriptive,"<div style=""background-color:#82cdbf; padding:5px""></div>",,,,,,,,,,,,,
is_ind_ban_1,hfa_indicator_variables,,descriptive,,,,,,,,,,,,,,
is_ind_hed_2,hfa_indicator_variables,,descriptive,"<div class=""h4"" style=""background-color:#82cdbf;padding:10px"">Indicator Variables</div>",,,,,,,,,,,,,
is_ind_ins_1,hfa_indicator_variables,,descriptive,"<p style=""font-weight:normal""><i><b>INSTRUCTIONS:</b> Direct these questions towards the ward/data clerk. You might need to follow-up with the nurse to answer some of the questions. Please indicate if this variable is recorded for each newborn at the facility by circling yes or no. If yes, then write the name of the document where it is recorded (e.g. discharge register, inpatient notes). If the variable is collected at the facility but the document name is unknown, write “unknown”<br>
<b>Note:</b> In countries with standard forms across all facilities, this section does not need to be done at every facility.</i></p>",,,,,,,,,,,,,
is_ind_hed_3,hfa_indicator_variables,,descriptive,"<div class=""h4"" style=""background-color:#82cdbf;padding:10px""></div>",,,,,,,,,,,,,
is_ind_rp_num,hfa_indicator_variables,,radio,Number of Respondents Interviewed:,"1, 1 respondent | 2, 2 respondents | 3, 3 respondents | 4, 4 respondents | 5, 5 respondents",,,,,,,,,,,,
is_ind_rp_hed_1,hfa_indicator_variables,,descriptive,"<div style=""background-color:#82cdbf; padding:5px"">Respondent #1</div>",,,,,,,[is_ind_rp_num] >= 1,,,,,,
is_ind_rp_nam_1,hfa_indicator_variables,,text,Respondent Name (First and Last):,,,,,,y,[is_ind_rp_num] >= 1,,,,,,
is_ind_rp_pos_1,hfa_indicator_variables,,text,Respondent Position:,,,,,,,[is_ind_rp_num] >= 1,,,,,,
is_ind_rp_hed_2,hfa_indicator_variables,,descriptive,"<div style=""background-color:#82cdbf; padding:5px"">Respondent #2</div>",,,,,,,[is_ind_rp_num] >= 2,,,,,,
is_ind_rp_nam_2,hfa_indicator_variables,,text,Respondent Name (First and Last):,,,,,,y,[is_ind_rp_num] >= 2,,,,,,
is_ind_rp_pos_2,hfa_indicator_variables,,text,Respondent Position:,,,,,,,[is_ind_rp_num] >= 2,,,,,,
is_ind_rp_hed_3,hfa_indicator_variables,,descriptive,"<div style=""background-color:#82cdbf; padding:5px"">Respondent #3</div>",,,,,,,[is_ind_rp_num] >= 3,,,,,,
is_ind_rp_nam_3,hfa_indicator_variables,,text,Respondent Name (First and Last):,,,,,,y,[is_ind_rp_num] >= 3,,,,,,
is_ind_rp_pos_3,hfa_indicator_variables,,text,Respondent Position:,,,,,,,[is_ind_rp_num] >= 3,,,,,,
is_ind_rp_hed_4,hfa_indicator_variables,,descriptive,"<div style=""background-color:#82cdbf; padding:5px"">Respondent #4</div>",,,,,,,[is_ind_rp_num] >= 4,,,,,,
is_ind_rp_nam_4,hfa_indicator_variables,,text,Respondent Name (First and Last):,,,,,,y,[is_ind_rp_num] >= 4,,,,,,
is_ind_rp_pos_4,hfa_indicator_variables,,text,Respondent Position:,,,,,,,[is_ind_rp_num] >= 4,,,,,,
is_ind_rp_hed_5,hfa_indicator_variables,,descriptive,"<div style=""background-color:#82cdbf; padding:5px"">Respondent #5</div>",,,,,,,[is_ind_rp_num] >= 5,,,,,,
is_ind_rp_nam_5,hfa_indicator_variables,,text,Respondent Name (First and Last):,,,,,,y,[is_ind_rp_num] >= 5,,,,,,
is_ind_rp_pos_5,hfa_indicator_variables,,text,Respondent Position:,,,,,,,[is_ind_rp_num] >= 5,,,,,,
is_ind_hed_4,hfa_indicator_variables,,descriptive,"<div style=""background-color:#82cdbf;padding:10px"">Are the following collected at this facility?</div>",,,,,,,,,,,,,
is_ind_byid,hfa_indicator_variables,,yesno,Baby ID number,,,,,,,,,RV,,,,
is_ind_byid_doc,hfa_indicator_variables,,text,Document name where baby ID number is recorded,,,,,,,[is_ind_byid] = '1',,,,,,
is_ind_dob,hfa_indicator_variables,,yesno,Date of birth,,,,,,,,,RV,,,,
is_ind_dob_doc,hfa_indicator_variables,,text,Document name where date of birth is recorded,,,,,,,[is_ind_dob] = '1',,,,,,
is_ind_tob,hfa_indicator_variables,,yesno,Time of birth,,,,,,,,,RV,,,,
is_ind_tob_doc,hfa_indicator_variables,,text,Document name where time of birth is recorded,,,,,,,[is_ind_tob] = '1',,,,,,
is_ind_doa,hfa_indicator_variables,,yesno,Date of admission,,,,,,,,,RV,,,,
is_ind_doa_doc,hfa_indicator_variables,,text,Document name where date of admission is recorded,,,,,,,[is_ind_doa] = '1',,,,,,
is_ind_toa,hfa_indicator_variables,,yesno,Time of admission,,,,,,,,,RV,,,,
is_ind_toa_doc,hfa_indicator_variables,,text,Document name where time of admission is recorded,,,,,,,[is_ind_toa] = '1',,,,,,
is_ind_bloc,hfa_indicator_variables,,yesno,Birth location,,,,,,,,,RV,,,,
is_ind_bloc_doc,hfa_indicator_variables,,text,Document name where birth location is recorded,,,,,,,[is_ind_bloc] = '1',,,,,,
is_ind_mage,hfa_indicator_variables,,yesno,Maternal age,,,,,,,,,RV,,,,
is_ind_mage_doc,hfa_indicator_variables,,text,Document name where maternal age is recorded,,,,,,,[is_ind_mage] = '1',,,,,,
is_ind_maliv,hfa_indicator_variables,,yesno,Mother alive,,,,,,,,,RV,,,,
is_ind_maliv_doc,hfa_indicator_variables,,text,Document name where mother alive is recorded,,,,,,,[is_ind_maliv] = '1',,,,,,
is_ind_mcod,hfa_indicator_variables,,yesno,Maternal cause of death,,,,,,,,,RV,,,,
is_ind_mcod_doc,hfa_indicator_variables,,text,Document name where maternal cause of death is recorded,,,,,,,[is_ind_mcod] = '1',,,,,,
is_ind_bnum,hfa_indicator_variables,,yesno,Multiple births,,,,,,,,,RV,,,,
is_ind_bnum_doc,hfa_indicator_variables,,text,Document name where multiple births is recorded,,,,,,,[is_ind_bnum] = '1',,,,,,
is_ind_delmode,hfa_indicator_variables,,yesno,Mode of birth,,,,,,,,,RV,,,,
is_ind_delmode_doc,hfa_indicator_variables,,text,Document name where mode of birth is recorded,,,,,,,[is_ind_delmode] = '1',,,,,,
is_ind_corts,hfa_indicator_variables,,yesno,Antenatal Corticosteroids given,,,,,,,,,RV,,,,
is_ind_corts_doc,hfa_indicator_variables,,text,Document name where antenatal corticosteroids given is recorded,,,,,,,[is_ind_corts] = '1',,,,,,
is_ind_mstat,hfa_indicator_variables,,yesno,Maternal HIV status ,,,,,,,,,RV,,,,
is_ind_mstat_doc,hfa_indicator_variables,,text,Document name where where maternal HIV status is recorded,,,,,,,[is_ind_mstat] = '1',,,,,,
is_ind_mtrt,hfa_indicator_variables,,yesno,If +ve treatment for mother,,,,,,,,,RV,,,,
is_ind_mtrt_doc,hfa_indicator_variables,,text,Document name where treatment for mother is recorded,,,,,,,[is_ind_mtrt] = '1',,,,,,
is_ind_bytrt,hfa_indicator_variables,,yesno,If +ve treatment for baby,,,,,,,,,RV,,,,
is_ind_bytrt_doc,hfa_indicator_variables,,text,Document name where treatment for baby is recorded,,,,,,,[is_ind_bytrt] = '1',,,,,,
is_ind_mchrc,hfa_indicator_variables,,yesno,Maternal chronic condition,,,,,,,,,RV,,,,
is_ind_mchrc_doc,hfa_indicator_variables,,text,Document name where maternal chronic condition is recorded,,,,,,,[is_ind_mchrc] = '1',,,,,,
is_ind_bwt,hfa_indicator_variables,,yesno,Birth weight (g),,,,,,,,,RV,,,,
is_ind_bwt_doc,hfa_indicator_variables,,text,Document name where birth weight is recorded,,,,,,,[is_ind_bwt] = '1',,,,,,
is_ind_ga,hfa_indicator_variables,,yesno,Gestational age (weeks),,,,,,,,,RV,,,,
is_ind_ga_doc,hfa_indicator_variables,,text,Document name where gestational age is recorded,,,,,,,[is_ind_ga] = '1',,,,,,
is_ind_gameth,hfa_indicator_variables,,yesno,"If gestational age known, what method was used?",,,,,,,[is_ind_ga] = '1',,RV,,,,
is_ind_gameth_doc,hfa_indicator_variables,,text,Document name where method of determining gestational age is recorded,,,,,,,[is_ind_gameth] = '1',,,,,,
is_ind_sex,hfa_indicator_variables,,yesno,Sex,,,,,,,,,RV,,,,
is_ind_sex_doc,hfa_indicator_variables,,text,Document name where sex is recorded,,,,,,,[is_ind_sex] = '1',,,,,,
is_ind_tmpadm,hfa_indicator_variables,,yesno,Temperature on admission (&#176C),,,,,,,,,RV,,,,
is_ind_tmpadm_doc,hfa_indicator_variables,,text,Document name where temperature on admission is recorded,,,,,,,[is_ind_tmpadm] = '1',,,,,,
is_ind_tmplo,hfa_indicator_variables,,yesno,"Temperature, lowest (&#176C)",,,,,,,,,RV,,,,
is_ind_tmplo_doc,hfa_indicator_variables,,text,Document name where lowest temperature is recorded,,,,,,,[is_ind_tmplo] = '1',,,,,,
is_ind_tmphi,hfa_indicator_variables,,yesno,"Temperature, highest (&#176C)",,,,,,,,,RV,,,,
is_ind_tmphi_doc,hfa_indicator_variables,,text,Document name where the highest temperature is recorded,,,,,,,[is_ind_tmphi] = '1',,,,,,
is_ind_o2adm,hfa_indicator_variables,,yesno,Oxygen saturation on admission,,,,,,,,,RV,,,,
is_ind_o2adm_doc,hfa_indicator_variables,,text,Document name where oxygen saturation on admission is recorded,,,,,,,[is_ind_o2adm] = '1',,,,,,
is_ind_o2lo,hfa_indicator_variables,,yesno,"Oxygen saturation, lowest",,,,,,,,,RV,,,,
is_ind_o2lo_doc,hfa_indicator_variables,,text,Document name where lowest oxygen saturation is recorded,,,,,,,[is_ind_o2lo] = '1',,,,,,
is_ind_o2hi,hfa_indicator_variables,,yesno,"Oxygen saturation, highest",,,,,,,,,RV,,,,
is_ind_o2hi_doc,hfa_indicator_variables,,text,Document name where highest oxygen saturation is recorded,,,,,,,[is_ind_o2hi] = '1',,,,,,
is_ind_rds,hfa_indicator_variables,,yesno,"Signs of severe respiratory distress (e.g. severe in-drawing, grunting, high rr (over 80))",,,,,,,,,RV,,,,
is_ind_rds_doc,hfa_indicator_variables,,text,Document name where signs of severe respiratory distress is recorded,,,,,,,[is_ind_rds] = '1',,,,,,
is_ind_bmlk,hfa_indicator_variables,,yesno,Breast milk start date,,,,,,,,,RV,,,,
is_ind_bmlk_doc,hfa_indicator_variables,,text,Document name where breast milk start date is recorded,,,,,,,[is_ind_bmlk] = '1',,,,,,
is_ind_disfed,hfa_indicator_variables,,yesno,Feeding at discharge,,,,,,,,,RV,,,,
is_ind_disfed_doc,hfa_indicator_variables,,text,Document name where feeding is recorded,,,,,,,[is_ind_disfed] = '1',,,,,,
is_ind_chloro,hfa_indicator_variables,,yesno,Chlorhexidine given,,,,,,,,,RV,,,,
is_ind_chloro_doc,hfa_indicator_variables,,text,Document name where chlorhexidine is recorded,,,,,,,[is_ind_chloro] = '1',,,,,,
is_ind_vitk,hfa_indicator_variables,,yesno,Vitamin K given,,,,,,,,,RV,,,,
is_ind_vitk_doc,hfa_indicator_variables,,text,Document name where vitamin K is recorded,,,,,,,[is_ind_vitk] = '1',,,,,,
is_ind_gluadm,hfa_indicator_variables,,yesno,Blood sugar on admission measured,,,,,,,,,RV,,,,
is_ind_gluadm_doc,hfa_indicator_variables,,text,Document name where blood sugar on admission is recorded,,,,,,,[is_ind_gluadm] = '1',,,,,,
is_ind_glulo,hfa_indicator_variables,,yesno,"Blood sugar, lowest (mmol/L)",,,,,,,,,RV,,,,
is_ind_glulo_doc,hfa_indicator_variables,,text,Document name where lowest blood sugar is recorded,,,,,,,[is_ind_glulo] = '1',,,,,,
is_ind_gluhi,hfa_indicator_variables,,yesno,"Blood sugar, highest (mmolL)",,,,,,,,,RV,,,,
is_ind_gluhi_doc,hfa_indicator_variables,,text,Document name where highest blood sugar is recorded,,,,,,,[is_ind_gluhi] = '1',,,,,,
is_ind_bil,hfa_indicator_variables,,yesno,"If jaundiced, was bilirubin done?",,,,,,,,,RV,,,,
is_ind_bil_doc,hfa_indicator_variables,,text,Document name where bilirubin is recorded,,,,,,,[is_ind_bil] = '1',,,,,,
is_ind_bilhi,hfa_indicator_variables,,yesno,"Bilirubin, highest (mg/dL)",,,,,,,[is_ind_bil] = '1',,RV,,,,
is_ind_bilhi_doc,hfa_indicator_variables,,text,Document name where highest bilirubin is recorded,,,,,,,[is_ind_bilhi] = '1',,,,,,
is_ind_seiz,hfa_indicator_variables,,yesno,Seizures,,,,,,,,,RV,,,,
is_ind_seiz_doc,hfa_indicator_variables,,text,Document name where seizures are recorded,,,,,,,[is_ind_seiz] = '1',,,,,,
is_ind_bld,hfa_indicator_variables,,yesno,Blood culture for suspected sepsis done,,,,,,,,,RV,,,,
is_ind_bld_doc,hfa_indicator_variables,,text,Document name where blood culture for suspected sepsis is recorded,,,,,,,[is_ind_bld] = '1',,,,,,
is_ind_bldorg,hfa_indicator_variables,,yesno,Organism if CSF culture for suspected sepsis is positive,,,,,,,[is_ind_bld] = '1',,RV,,,,
is_ind_bldorg_doc,hfa_indicator_variables,,text,Document name where organism for positive CSF culture for suspected sepsis is recorded,,,,,,,[is_ind_bldorg] = '1',,,,,,
is_ind_csf,hfa_indicator_variables,,yesno,CSF culture for suspected meningitis done,,,,,,,,,RV,,,,
is_ind_csf_doc,hfa_indicator_variables,,text,Document name where CSF culture for suspected meningitis is recorded,,,,,,,[is_ind_csf] = '1',,,,,,
is_ind_csforg,hfa_indicator_variables,,yesno,Organism if CSF culture for suspected meningitis is positive,,,,,,,[is_ind_csf] = '1',,RV,,,,
is_ind_csforg_doc,hfa_indicator_variables,,text,Document name where organism for positive CSF culture for meningitis is recorded,,,,,,,[is_ind_csforg] = '1',,,,,,
is_ind_kmc,hfa_indicator_variables,,yesno,KMC,,,,,,,,,RV,,,,
is_ind_kmc_doc,hfa_indicator_variables,,text,Document name where KMC is recorded,,,,,,,[is_ind_kmc] = '1',,,,,,
is_ind_kmcstdt,hfa_indicator_variables,,yesno,KMC start date,,,,,,,[is_ind_kmc] = '1',,RV,,,,
is_ind_kmcstdt_doc,hfa_indicator_variables,,text,Document name where KMC start date is recorded,,,,,,,[is_ind_kmcstdt] = '1',,,,,,
is_ind_kmcendt,hfa_indicator_variables,,yesno,KMC end date,,,,,,,[is_ind_kmc] = '1',,RV,,,,
is_ind_kmcendt_doc,hfa_indicator_variables,,text,Document name where KMC end date is recorded,,,,,,,[is_ind_kmcendt] = '1',,,,,,
is_ind_cp,hfa_indicator_variables,,yesno,CPAP,,,,,,,,,RV,,,,
is_ind_cp_doc,hfa_indicator_variables,,text,Document name where CPAP is recorded,,,,,,,[is_ind_cp] = '1',,,,,,
is_ind_cpstdt,hfa_indicator_variables,,yesno,CPAP start date,,,,,,,[is_ind_cp] = '1',,RV,,,,
is_ind_cpstdt_doc,hfa_indicator_variables,,text,Document name where CPAP start date is recorded,,,,,,,[is_ind_cpstdt] = '1',,,,,,
is_ind_cpendt,hfa_indicator_variables,,yesno,CPAP end date,,,,,,,[is_ind_cp] = '1',,RV,,,,
is_ind_cpendt_doc,hfa_indicator_variables,,text,Document name where CPAP end date is recorded,,,,,,,[is_ind_cpendt] = '1',,,,,,
is_ind_abx,hfa_indicator_variables,,yesno,Antibiotics administered,,,,,,,,,RV,,,,
is_ind_abx_doc,hfa_indicator_variables,,text,Document name where antibiotics administered is recorded,,,,,,,[is_ind_abx] = '1',,,,,,
is_ind_abxtyp,hfa_indicator_variables,,yesno,Antibiotic type,,,,,,,[is_ind_abx] = '1',,RV,,,,
is_ind_abxtyp_doc,hfa_indicator_variables,,text,Document name where antibiotic type is recorded,,,,,,,[is_ind_abxtyp] = '1',,,,,,
is_ind_aed,hfa_indicator_variables,,yesno,Anticonvulsants,,,,,,,,,RV,,,,
is_ind_aed_doc,hfa_indicator_variables,,text,Document name where anticonvulsants is recorded,,,,,,,[is_ind_aed] = '1',,,,,,
is_ind_apn,hfa_indicator_variables,,yesno,Treatment of apnea given,,,,,,,,,RV,,,,
is_ind_apn_doc,hfa_indicator_variables,,text,Document name where treatment of apnea is recorded,,,,,,,[is_ind_apn] = '1',,,,,,
is_ind_apntrt,hfa_indicator_variables,,yesno,Apnea treatment type (caffeine or aminophylline),,,,,,,,,RV,,,,
is_ind_apntrt_doc,hfa_indicator_variables,,text,Document name where apnea treatment type is recorded,,,,,,,[is_ind_apntrt] = '1',,RV,,,,
is_ind_pt,hfa_indicator_variables,,yesno,Phototherapy,,,,,,,,,RV,,,,
is_ind_pt_doc,hfa_indicator_variables,,text,Document name where phototherapy is recorded,,,,,,,[is_ind_pt] = '1',,,,,,
is_ind_ptstdt,hfa_indicator_variables,,yesno,Phototherapy start date,,,,,,,[is_ind_pt] = '1',,RV,,,,
is_ind_ptstdt_doc,hfa_indicator_variables,,text,Document name where phototherapy start date is recorded,,,,,,,[is_ind_ptstdt] = '1',,,,,,
is_ind_ptendt,hfa_indicator_variables,,yesno,Phototherapy end date,,,,,,,[is_ind_pt] = '1',,RV,,,,
is_ind_ptendt_doc,hfa_indicator_variables,,text,Document name where phototherapy end date is recorded,,,,,,,[is_ind_ptendt] = '1',,,,,,
is_ind_o2,hfa_indicator_variables,,yesno,Oxygen,,,,,,,,,RV,,,,
is_ind_o2_doc,hfa_indicator_variables,,text,Document name where oxygen is recorded,,,,,,,[is_ind_o2] = '1',,,,,,
is_ind_o2num,hfa_indicator_variables,,yesno,Number of times oxygen given,,,,,,,[is_ind_o2] = '1',,RV,,,,
is_ind_o2num_doc,hfa_indicator_variables,,text,Document name where number of times oxygen given is recorded,,,,,,,[is_ind_o2num] = '1',,,,,,
is_ind_o2stdt,hfa_indicator_variables,,yesno,Oxygen start date,,,,,,,[is_ind_o2] = '1',,RV,,,,
is_ind_o2stdt_doc,hfa_indicator_variables,,text,Document name where oxygen start date is recorded,,,,,,,[is_ind_o2stdt] = '1',,,,,,
is_ind_o2endt,hfa_indicator_variables,,yesno,Oxygen end date,,,,,,,[is_ind_o2] = '1',,RV,,,,
is_ind_o2endt_doc,hfa_indicator_variables,,text,Document name where oxygen end date is recorded,,,,,,,[is_ind_o2endt] = '1',,,,,,
is_ind_iv,hfa_indicator_variables,,yesno,IV fluids,,,,,,,,,RV,,,,
is_ind_iv_doc,hfa_indicator_variables,,text,Document name where IV fluids is recorded,,,,,,,[is_ind_iv] = '1',,,,,,
is_ind_ivnum,hfa_indicator_variables,,yesno,Number of times IV fluids given,,,,,,,[is_ind_iv] = '1',,RV,,,,
is_ind_ivnum_doc,hfa_indicator_variables,,text,Document name where number of times IV fluids given is recorded,,,,,,,[is_ind_ivnum] = '1',,,,,,
is_ind_ivstdt,hfa_indicator_variables,,yesno,IV fluids start date,,,,,,,[is_ind_iv] = '1',,RV,,,,
is_ind_ivstdt_doc,hfa_indicator_variables,,text,Document name where IV fluids start date is recorded,,,,,,,[is_ind_ivstdt] = '1',,,,,,
is_ind_ivendt,hfa_indicator_variables,,yesno,IV fluids end date,,,,,,,[is_ind_iv] = '1',,RV,,,,
is_ind_ivendt_doc,hfa_indicator_variables,,text,Document name where IV fluids end date is recorded,,,,,,,[is_ind_ivendt] = '1',,,,,,
is_ind_tx,hfa_indicator_variables,,yesno,Blood/exchange transfusion given,,,,,,,,,RV,,,,
is_ind_tx_doc,hfa_indicator_variables,,text,Document name where blood/exchange transfusion given is recorded,,,,,,,[is_ind_tx] = '1',,,,,,
is_ind_txdt,hfa_indicator_variables,,yesno,Blood/exchange transfusion date,,,,,,,[is_ind_tx] = '1',,RV,,,,
is_ind_txdt_doc,hfa_indicator_variables,,text,Document name where blood/exchange transfusion date is recorded,,,,,,,[is_ind_txdt] = '1',,,,,,
is_ind_dod,hfa_indicator_variables,,yesno,Date of discharge,,,,,,,,,RV,,,,
is_ind_dod_doc,hfa_indicator_variables,,text,Document name where date of discharge is recorded,,,,,,,[is_ind_dod] = '1',,,,,,
is_ind_tod,hfa_indicator_variables,,yesno,Time of discharge,,,,,,,,,RV,,,,
is_ind_tod_doc,hfa_indicator_variables,,text,Document name where time of discharge is recorded,,,,,,,[is_ind_tod] = '1',,,,,,
is_ind_diswt,hfa_indicator_variables,,yesno,Discharge weight (g),,,,,,,,,RV,,,,
is_ind_diswt_doc,hfa_indicator_variables,,text,Document name where discharge weight is recorded,,,,,,,[is_ind_diswt] = '1',,,,,,
is_ind_disotcm,hfa_indicator_variables,,yesno,Discharge outcome,,,,,,,,,RV,,,,
is_ind_disotcm_doc,hfa_indicator_variables,,text,Document name where discharge outcome,,,,,,,[is_ind_disotcm] = '1',,,,,,
is_ind_fu,hfa_indicator_variables,,yesno,Given follow-up appointment,,,,,,,,,RV,,,,
is_ind_fu_doc,hfa_indicator_variables,,text,Document name where follow-up appointment is documented,,,,,,,[is_ind_fu] = '1',,,,,,
is_ind_admreas,hfa_indicator_variables,,yesno,Reason for admission,,,,,,,,,RV,,,,
is_ind_admreas_doc,hfa_indicator_variables,,text,Document name where reason for admission is documented,,,,,,,[is_ind_admreas] = '1',,,,,,
is_ind_dxprim,hfa_indicator_variables,,yesno,Final discharge diagnosis/cause of death (primary),,,,,,,,,RV,,,,
is_ind_dxprim_doc,hfa_indicator_variables,,text,Document name where final discharge diagnosis/cause of death (primary) is recorded,,,,,,,[is_ind_dxprim] = '1',,,,,,
is_ind_dxsec,hfa_indicator_variables,,yesno,Final discharge diagnosis/cause of death (secondary),,,,,,,,,RV,,,,
is_ind_dxsec_doc,hfa_indicator_variables,,text,Document name where final discharge diagnosis/cause of death (secondary) is recorded,,,,,,,[is_ind_dxsec] = '1',,,,,,
is_ind_hed_6,hfa_indicator_variables,,descriptive,"<div style=""background-color:#82cdbf; padding:5px""></div>",,,,,,,,,,,,,
is_ind_com,hfa_indicator_variables,,notes,Comments:,,,,,,,,,,,,,