Variable / Field Name,Form Name,Section Header,Field Type,Field Label,"Choices, Calculations, OR Slider Labels",Field Note,Text Validation Type OR Show Slider Number,Text Validation Min,Text Validation Max,Identifier?,Branching Logic (Show field only if...),Required Field?,Custom Alignment,Question Number (surveys only),Matrix Group Name,Matrix Ranking?,Field Annotation
lab_id_recid,hfa_identification,,text,Record ID,,,,,,,,,,,,,
lab_id_hed_1,hfa_identification,,descriptive,"<div style=""background-color:#82cdbf; padding:5px""></div>",,,,,,,,,,,,,
lab_id_ban_1,hfa_identification,,descriptive,,,,,,,,,,,,,,
lab_id_hed_2,hfa_identification,,descriptive,"<div class=""h4"" style=""background-color:#82cdbf;padding:10px"">Pharmacy and Laboratory</div>",,,,,,,,,,,,,
lab_id_ins_1,hfa_identification,,descriptive,"<p style=""font-weight:normal""><i><b>INSTRUCTIONS:</b> This module includes seven sections:

Section 1 - Pharmacy (direct these questions to the Pharmacist)<br>
Section 2 - Laboratory Equipment, Supplies and Testing (direct these questions to the Head Laboratory Technician)<br>
Section 3 - Laboratory Capacity for Microbiology (direct these questions to the Head Laboratory Technician)<br>
Section 4 - Laboratory Linkage to Neonatal Unit (direct these questions to the Head Laboratory Technician)<br>
Section 5 - Blood Bank (direct these questions to the Head Laboratory Technician)<br>
Section 6 - Neonatal Unit Linkage to Laboratory (direct these questions to the nurse in charge)<br>
Section 7 - Neonatal Unit Medicines (direct these questions to the nurse in charge)<br>
</p>",,,,,,,,,,,,,
lab_id_hed_3,hfa_identification,,descriptive,"<div style=""background-color:#82cdbf; padding:5px""></div>",,,,,,,,,,,,,
lab_id_ctry,hfa_identification,,radio,Country:,"1, Malawi | 2, Kenya | 3, Tanzania | 4, Nigeria",,,,,,,y,,,,,
lab_id_facid_mw,hfa_identification,,dropdown,Facility Name:,"1, Fill in Facility IDs",,,,,,[lab_id_ctry] = '1',y,,,,,
lab_id_facid_ke,hfa_identification,,dropdown,Facility Name:,"1, Fill in Facility IDs",,,,,,[lab_id_ctry] = '2',y,,,,,
lab_id_facid_tz,hfa_identification,,dropdown,Facility Name:,"1, Fill in Facility IDs",,,,,,[lab_id_ctry] = '3',y,,,,,
lab_id_facid_nga,hfa_identification,,dropdown,Facility Name:,"1, Fill in Facility IDs",,,,,,[lab_id_ctry] = '4',y,,,,,
lab_id_hed_4,hfa_identification,,descriptive,"<div style=""background-color:#82cdbf; padding:5px""></div>",,,,,,,,,,,,,
lab_id_dtfrm,hfa_identification,,text,Data Collection Date:,,,date_ymd,,,,,y,,,,,
lab_id_iw_num,hfa_identification,,radio,How many data collectors collected this data?,"1, 1 data collector | 2, 2 data collectors",,,,,,,y,,,,,
lab_id_hed_5,hfa_identification,,descriptive,"<div style=""background-color:#82cdbf; padding:5px"">Data Collector #1</div>",,,,,,,[lab_id_iw_num] = '1' or [lab_id_iw_num] = '2',,,,,,
lab_id_iw_nam_1,hfa_identification,,text,Data Collector First and Last Name:,,,,,,y,[lab_id_iw_num] = '1' or [lab_id_iw_num] = '2',y,,,,,
lab_id_hed_6,hfa_identification,,descriptive,"<div style=""background-color:#82cdbf; padding:5px"">Data Collector #2</div>",,,,,,,[lab_id_iw_num] = '2',,,,,,
lab_id_iw_nam_2,hfa_identification,,text,Data Collector First and Last Name:,,,,,,y,[lab_id_iw_num] = '2',,,,,,
lab_id_hed_7,hfa_identification,,descriptive,"<div style=""background-color:#82cdbf; padding:5px""></div>",,,,,,,,,,,,,
lab_id_com,hfa_identification,,notes,Comments:,,,,,,,,,,,,,
lab_p_hed_1,hfa_pharmacy,,descriptive,"<div style=""background-color:#82cdbf; padding:5px""></div>",,,,,,,,,,,,,
lab_p_ban_1,hfa_pharmacy,,descriptive,,,,,,,,,,,,,,
lab_p_hed_2,hfa_pharmacy,,descriptive,"<div class=""h4"" style=""background-color:#82cdbf;padding:10px"">Pharmacy</div>",,,,,,,,,,,,,
lab_p_ins_1,hfa_pharmacy,,descriptive,"<p style=""font-weight:normal""><i><b>INSTRUCTIONS:</b> Direct these questions to the pharmacist. For some questions, you will need to ask and observe the staff or specific items/spaces at the facility. An item is not functional if it is in need of repair. Please do not leave any variable blank. If a date is unknown, enter 1999/01/01. If a free text variable is unknown and an answer is required, write ""-1"" for numeric fields and ""unknown"" for text fields. If a multiple-choice variable is unknown, select ""unknown"".<br><br><b>Prompt:</b> “I’d like to ask you a few questions and make some observations about the pharmacy and pharmacy supplies.”<br></i></p>",,,,,,,,,,,,,
lab_p_hed_3,hfa_pharmacy,,descriptive,"<div style=""background-color:#82cdbf; padding:10px""></div>",,,,,,,,,,,,,
lab_p_rp_num,hfa_pharmacy,,radio,Number of Respondents Interviewed:,"1, 1 respondent|2, 2 respondents|3, 3 respondents|4, 4 respondents|5, 5 respondents",,,,,,,y,,,,,
lab_p_rp_hed_1,hfa_pharmacy,,descriptive,"<div style=""background-color:#82cdbf; padding:5px"">Respondent #1</div>",,,,,,,[lab_p_rp_num] >= 1,,,,,,
lab_p_rp_nam_1,hfa_pharmacy,,text,Respondent Name (First and Last):,,,,,,y,[lab_p_rp_num] >= 1,y,,,,,
lab_p_rp_pos_1,hfa_pharmacy,,radio,Respondent Position:,"7, Pharmacist | 6, Hospital Management | 5, Biomedical Engineering Technician | 1, NEST Coordinator | 2, Nurse | 3, Data Clerk | 4, Clinician | 99, Other <i>(specify below)</i>",,,,,,[lab_p_rp_num] >= 1,y,,,,,
lab_p_rp_othpos_1,hfa_pharmacy,,text,"If other position, please specify: ",,,,,,,[lab_p_rp_pos_1] = '99',,,,,,
lab_p_rp_ph_1,hfa_pharmacy,,text,Respondent Phone Number:,,,,,,y,[lab_p_rp_num] >= 1,,,,,,
lab_p_rp_hed_2,hfa_pharmacy,,descriptive,"<div style=""background-color:#82cdbf; padding:5px"">Respondent #2</div>",,,,,,,[lab_p_rp_num] >= 2,,,,,,
lab_p_rp_nam_2,hfa_pharmacy,,text,Respondent Name (First and Last):,,,,,,y,[lab_p_rp_num] >= 2,,,,,,
lab_p_rp_pos_2,hfa_pharmacy,,radio,Respondent Position:,"7, Pharmacist | 6, Hospital Management | 5, Biomedical Engineering Technician | 1, NEST Coordinator | 2, Nurse | 3, Data Clerk | 4, Clinician | 99, Other <i>(specify below)</i>",,,,,,[lab_p_rp_num] >= 2,,,,,,
lab_p_rp_othpos_2,hfa_pharmacy,,text,"If other position, please specify: ",,,,,,,[lab_p_rp_pos_2] = '99',,,,,,
lab_p_rp_ph_2,hfa_pharmacy,,text,Respondent Phone Number:,,,,,,y,[lab_p_rp_num] >= 2,,,,,,
lab_p_rp_hed_3,hfa_pharmacy,,descriptive,"<div style=""background-color:#82cdbf; padding:5px"">Respondent #3</div>",,,,,,,[lab_p_rp_num] >= 3,,,,,,
lab_p_rp_nam_3,hfa_pharmacy,,text,Respondent Name (First and Last):,,,,,,y,[lab_p_rp_num] >= 3,,,,,,
lab_p_rp_pos_3,hfa_pharmacy,,radio,Respondent Position:,"7, Pharmacist | 6, Hospital Management | 5, Biomedical Engineering Technician | 1, NEST Coordinator | 2, Nurse | 3, Data Clerk | 4, Clinician | 99, Other <i>(specify below)</i>",,,,,,[lab_p_rp_num] >= 3,,,,,,
lab_p_rp_othpos_3,hfa_pharmacy,,text,"If other position, please specify: ",,,,,,,[lab_p_rp_pos_3] = '99',,,,,,
lab_p_rp_ph_3,hfa_pharmacy,,text,Respondent Phone Number:,,,,,,y,[lab_p_rp_num] >= 3,,,,,,
lab_p_rp_hed_4,hfa_pharmacy,,descriptive,"<div style=""background-color:#82cdbf; padding:5px"">Respondent #4</div>",,,,,,,[lab_p_rp_num] >= 4,,,,,,
lab_p_rp_nam_4,hfa_pharmacy,,text,Respondent Name (First and Last):,,,,,,y,[lab_p_rp_num] >= 4,,,,,,
lab_p_rp_pos_4,hfa_pharmacy,,radio,Respondent Position:,"7, Pharmacist | 6, Hospital Management | 5, Biomedical Engineering Technician | 1, NEST Coordinator | 2, Nurse | 3, Data Clerk | 4, Clinician | 99, Other <i>(specify below)</i>",,,,,,[lab_p_rp_num] >= 4,,,,,,
lab_p_rp_othpos_4,hfa_pharmacy,,text,"If other position, please specify: ",,,,,,,[lab_p_rp_pos_4] = '99',,,,,,
lab_p_rp_ph_4,hfa_pharmacy,,text,Respondent Phone Number:,,,,,,y,[lab_p_rp_num] >= 4,,,,,,
lab_p_rp_hed_5,hfa_pharmacy,,descriptive,"<div style=""background-color:#82cdbf; padding:5px"">Respondent #5</div>",,,,,,,[lab_p_rp_num] >= 5,,,,,,
lab_p_rp_nam_5,hfa_pharmacy,,text,Respondent Name (First and Last):,,,,,,y,[lab_p_rp_num] >= 5,,,,,,
lab_p_rp_pos_5,hfa_pharmacy,,radio,Respondent Position:,"7, Pharmacist | 6, Hospital Management | 5, Biomedical Engineering Technician | 1, NEST Coordinator | 2, Nurse | 3, Data Clerk | 4, Clinician | 99, Other <i>(specify below)</i>",,,,,,[lab_p_rp_num] >= 5,,,,,,
lab_p_rp_othpos_5,hfa_pharmacy,,text,"If other position, please specify: ",,,,,,,[lab_p_rp_pos_5] = '99',,,,,,
lab_p_rp_ph_5,hfa_pharmacy,,text,Respondent Phone Number:,,,,,,y,[lab_p_rp_num] >= 5,,,,,,
lab_p_gn_hed,hfa_pharmacy,,descriptive,"<div class=""h4"" style=""background-color:#82cdbf;padding:10px"">General System</div>",,,,,,,,,,,,,
lab_p_gn_avl,hfa_pharmacy,,yesno,Does this facility have a pharmacy/drugstore?,,,,,,,,y,RV,,,,
lab_p_gn_24h,hfa_pharmacy,,yesno,Is the pharmacy accessible 24 hours a day 7 days per week?,,,,,,,[lab_p_gn_avl] = '1',,RV,,,,
lab_p_gn_mjsor,hfa_pharmacy,,radio,What is the major source of medicines for this health facility?,"1, Government supplier|2, Private pharmacy|3, Non-governmental organization/bilateral/multilateral|4, Mission|5, Other <i>(specify below)</i>","If there are two sources of equal importance, specify both in <b>Other</b>.",,,,,,,RV,,,,
lab_p_gn_mjsor_oth,hfa_pharmacy,,text,Other source of medicines:,,,,,,,[lab_p_gn_mjsor] = '5',,RV,,,,
lab_p_gn_sor,hfa_pharmacy,,radio,Do you have any other minor sources of medicines for this health facility? ,"5, No other sources | 1, Government supplier | 2, Private pharmacy | 3, Non-governmental organization/bilateral/multilateral | 4, Mission | 6, Other <i>(specify below)</i>","If there are two sources of equal importance, specify both in <b>Other</b>.",,,,,,,RV,,,,
lab_p_gn_sor_oth,hfa_pharmacy,,text,Other sources of medicines:,,,,,,,[lab_p_gn_sor] = '6',,RV,,,,
lab_p_gn_inv_avl,hfa_pharmacy,,yesno,Is there a drug inventory register/system?,,This could be computerized.,,,,,,,RV,,,,
lab_p_gn_inv_obs,hfa_pharmacy,,yesno,"<b>For observation only:</b> Observe the drug inventory register/system or bin cards to determine if up-to-date. Randomly select 5 cards. All must be up-to-date to select ""Yes"".",,"Bin cards are defined as a card that records the status of materials in storage to maintain ""stock on hand"" and help track incoming and outgoing drugs.",,,,,[lab_p_gn_inv_avl] = '1',,RV,,,,
lab_p_gn_inv_frq,hfa_pharmacy,,radio,How often do you carry out inventory of drug stock?,"1, Daily | 2, Weekly | 3, Monthly | 4, Quarterly | 6, Annually | 5, Irregularly | 7, Other <i>(specify below)</i>",Observe most recent report.,,,,,,,RV,,,,
lab_p_gn_inv_frq_oth,hfa_pharmacy,,text,Other time inventory of drug stock is carried out:,,,,,,,[lab_p_gn_inv_frq] = '7',,,,,,
lab_p_gn_ord,hfa_pharmacy,,checkbox,When are drugs ordered?,"1, Order same time each week/month/quarter|2, Order every 6 or 12 months|3, Order whenever stocks reach reorder level|4, Reorder when we run out| 6, Shipments come automatically | 5, Never order drugs|7, Other <i>(specify below)</i>",Select all that apply.,,,,,,,RV,,,, @NONEOFTHEABOVE=5
lab_p_gn_ord_oth,hfa_pharmacy,,text,Other time drugs are ordered:,,,,,,,[lab_p_gn_ord(7)] = '1',,RV,,,,
lab_p_gn_sor_prim,hfa_pharmacy,,radio,"What is the primary source for gloves, syringes and other medical supplies? ","1, Government supplier|2, Private pharmacy|3, Non-governmental organization/bilateral/multilateral|4, Mission|5, Other <i>(specify below)</i>",,,,,,,,RV,,,,
lab_p_gn_sor_othprim,hfa_pharmacy,,text,Other primary source of medical supplies:,,,,,,,[lab_p_gn_sor_prim] = '5',,RV,,,,
lab_p_gn_sor_sec,hfa_pharmacy,,radio,"Is there a secondary source for gloves, syringes and other medical supplies? ","5, No other sources | 1, Government supplier |2, Private pharmacy |3, Non-governmental organization/bilateral/multilateral |4, Mission | 6, Other <i>(specify below)</i>",,,,,,,,RV,,,,
lab_p_gn_sor_othsec,hfa_pharmacy,,text,Other secondary source for medical supplies:,,,,,,,[lab_p_gn_sor_sec] = '6',,RV,,,,
lab_p_gn_del_prim,hfa_pharmacy,,radio,What is the most common cause of delay in the delivery of supplies?,"0, No delays | 1, Transport|2, Administrative|3, Financial|4, Stockout at the central store|  5, Other <i>(specify below)</i>",,,,,,,,RV,,,,
lab_p_gn_del_othprim,hfa_pharmacy,,text,Other cause of delay in the delivery of supplies:,,,,,,,[lab_p_gn_del_prim] = '5',,RV,,,,
lab_p_gn_del_sec,hfa_pharmacy,,radio,What is the second most common cause of delay in the delivery of supplies?,"5, No other causes of delays| 1, Transport|2, Administrative|3, Financial|4, Stockout at the central store|6, Other <i>(specify below)</i>",,,,,,,,RV,,,,
lab_p_gn_del_othsec,hfa_pharmacy,,text,Other cause of delay in the delivery of supplies:,,,,,,,[lab_p_gn_del_sec] = '6',,RV,,,,
lab_p_gn_mg,hfa_pharmacy,,radio,"Is a ""First-expired-First-out"" system for supply management used?","1, Yes|0, No|2, No gentamicin in stock|3, Did not observe",Ask to see the gentamicin stock and observe if it is arranged by expiration date. Must be arranged in order to select “Yes”.,,,,,,,RV,,,,
lab_p_gn_expr,hfa_pharmacy,,yesno,Is there a regularly used mechanism to ensure that expired drugs are not distributed?,,"Ask for description of process. This can include a system to keep track of inventory and expiration dates (ideally electronic), or a system to dispose of expired drugs before they can accidentally be distributed.",,,,,,,RV,,,,
lab_p_gn_sto,hfa_pharmacy,,yesno,<b>For observation only:</b> Are all drugs stored away from the ground?,,,,,,,,,RV,,,,
lab_p_gn_thm,hfa_pharmacy,,yesno,Is there a functioning thermometer indicating the room temperature in at least one room in the pharmacy?,,,,,,,[lab_p_gn_avl] = '1',,RV,,,,
lab_p_gn_erefr,hfa_pharmacy,,yesno,Does the pharmacy have at least one functioning electric/gas (liquid or compressed) refrigerator? ,,,,,,,[lab_p_gn_avl] = '1',,RV,,,,
lab_p_gn_refr,hfa_pharmacy,,yesno,Does the pharmacy have at least one functioning solar refrigerator? ,,,,,,,[lab_p_gn_avl] = '1',,RV,,,,
lab_p_gn_fin,hfa_pharmacy,,checkbox,Which of the following drugs are available free of charge to neonates?,"0, None | 1, Gentamicin (injection) | 2, Benzylpenicillin | 6, Amoxicillin | 7, Ampicillin | 3, Phenobarbitone | 4, Caffeine or Aminophylline | 5, Vitamin K",Select all that apply.,,,,,,y,,,,, @NONEOFTHEABOVE=0
lab_p_gn_fin_fac,hfa_pharmacy,,yesno,Are prices of drugs publicly displayed anywhere in the hospital?,,,,,,,,y,,,,,
lab_p_drg_hed,hfa_pharmacy,,descriptive,"<div class=""h4"" style=""background-color:#82cdbf;padding:10px"">Essential Drugs</div>",,,,,,,,,,,,,
lab_p_ins_2,hfa_pharmacy,,descriptive,"<p style=""font-weight:normal""><i><b>INSTRUCTIONS:</b> The following questions will ask about the availability of various pharmaceutical drugs. For the following questions you should first assess if the item is available today. If no item is available, select <b>""not available today""</b>. If the item is available today and has not been out of stock in the last four weeks, select <b>""available and no stockout in last 4 weeks""</b>. If the item is available today, but there has been a stock out at any point in the last four weeks, select <b>""available today, but stockout in last 4 weeks""</b>.</i></p>",,,,,,,,,,,,,
lab_p_pmtct_hed,hfa_pharmacy,,descriptive,"<div style=""background-color:#fbd0c1; padding:5px"">Prevention of mother-to-child transmission (PMTCT)</div>",,,,,,,,,,,,,
lab_p_pmtct_avl,hfa_pharmacy,,yesno,Does the facility have any antiretrovirals?,,,,,,,,y,RV,,,,
lab_p_pmtct_1,hfa_pharmacy,,radio,Azidothymidine/Zidovudine (AZT) (oral),"1, Available today and no stockout in last 4 weeks | 2, Available today, but stockout in last 4 weeks | 0, Not available today",,,,,,[lab_p_pmtct_avl] = '1',,,,lab_p_pmtct,,
lab_p_pmtct_2,hfa_pharmacy,,radio,Nevirapine (NVP) (oral),"1, Available today and no stockout in last 4 weeks | 2, Available today, but stockout in last 4 weeks | 0, Not available today",,,,,,[lab_p_pmtct_avl] = '1',,,,lab_p_pmtct,,
lab_p_iv_hed,hfa_pharmacy,,descriptive,"<div style=""background-color:#fbd0c1; padding:5px"">Hypoglycemia and IV fluids:</div>",,,,,,,,,,,,,
lab_p_iv_avl,hfa_pharmacy,,yesno,Does the facility have any IV fluids?,,,,,,,,y,RV,,,,
lab_p_iv_dext_10,hfa_pharmacy,,radio,Dextrose 10% with normal saline,"1, Available today and no stockout in last 4 weeks | 2, Available today, but stockout in last 4 weeks | 0, Not available today",,,,,,[lab_p_iv_avl] = '1',,,,lab_p_iv,,
lab_p_iv_dext_5,hfa_pharmacy,,radio,Dextrose 5% with normal saline,"1, Available today and no stockout in last 4 weeks | 2, Available today, but stockout in last 4 weeks | 0, Not available today",,,,,,[lab_p_iv_avl] = '1',,,,lab_p_iv,,
lab_p_iv_glu,hfa_pharmacy,,radio,Dextrose/glucose 10%,"1, Available today and no stockout in last 4 weeks | 2, Available today, but stockout in last 4 weeks | 0, Not available today",,,,,,[lab_p_iv_avl] = '1',,,,lab_p_iv,,
lab_p_iv_nss,hfa_pharmacy,,radio,Normal saline,"1, Available today and no stockout in last 4 weeks | 2, Available today, but stockout in last 4 weeks | 0, Not available today",,,,,,[lab_p_iv_avl] = '1',,,,lab_p_iv,,
lab_p_iv_kcl,hfa_pharmacy,,radio,"Potassium chloride (KCL) 7.5%, 10%, 15%","1, Available today and no stockout in last 4 weeks | 2, Available today, but stockout in last 4 weeks | 0, Not available today",,,,,,[lab_p_iv_avl] = '1',,,,lab_p_iv,,
lab_p_iv_nacl,hfa_pharmacy,,radio,Sodium chloride 0.9%,"1, Available today and no stockout in last 4 weeks | 2, Available today, but stockout in last 4 weeks | 0, Not available today",,,,,,[lab_p_iv_avl] = '1',,,,lab_p_iv,,
lab_p_iv_ring,hfa_pharmacy,,radio,Ringer's lactate,"1, Available today and no stockout in last 4 weeks | 2, Available today, but stockout in last 4 weeks | 0, Not available today",,,,,,[lab_p_iv_avl] = '1',,,,lab_p_iv,,
lab_p_iv_h2o,hfa_pharmacy,,radio,Water for injection,"1, Available today and no stockout in last 4 weeks | 2, Available today, but stockout in last 4 weeks | 0, Not available today",,,,,,[lab_p_iv_avl] = '1',,,,lab_p_iv,,
lab_p_abx_hed,hfa_pharmacy,,descriptive,"<div style=""background-color:#fbd0c1; padding:5px"">Infection:</div>",,,,,,,,,,,,,
lab_p_abx_avl,hfa_pharmacy,,yesno,Does the facility have any antibiotics?,,,,,,,,y,RV,,,,
lab_p_abx_amox,hfa_pharmacy,,radio,Amoxicillin (oral suspension),"1, Available today and no stockout in last 4 weeks | 2, Available today, but stockout in last 4 weeks | 0, Not available today",,,,,,[lab_p_abx_avl] = '1',,,,lab_p_abx,,
lab_p_abx_amox_im,hfa_pharmacy,,radio,Amoxicillin (injection),"1, Available today and no stockout in last 4 weeks | 2, Available today, but stockout in last 4 weeks | 0, Not available today",,,,,,[lab_p_abx_avl] = '1',,,,lab_p_abx,,
lab_p_abx_amk,hfa_pharmacy,,radio,Amikacin,"1, Available today and no stockout in last 4 weeks | 2, Available today, but stockout in last 4 weeks | 0, Not available today",,,,,,[lab_p_abx_avl] = '1',,,,lab_p_abx,,
lab_p_abx_amp_im,hfa_pharmacy,,radio,Ampicillin (IV or IM),"1, Available today and no stockout in last 4 weeks | 2, Available today, but stockout in last 4 weeks | 0, Not available today",,,,,,[lab_p_abx_avl] = '1',,,,lab_p_abx,,
lab_p_abx_amp,hfa_pharmacy,,radio,Ampicillin (oral),"1, Available today and no stockout in last 4 weeks | 2, Available today, but stockout in last 4 weeks | 0, Not available today",,,,,,[lab_p_abx_avl] = '1',,,,lab_p_abx,,
lab_p_abx_bp_im,hfa_pharmacy,,radio,Benzathine benzylpenicillin (IM),"1, Available today and no stockout in last 4 weeks | 2, Available today, but stockout in last 4 weeks | 0, Not available today",,,,,,[lab_p_abx_avl] = '1',,,,lab_p_abx,,
lab_p_abx_crpn,hfa_pharmacy,,radio,Benzylpenicillin (Penicillin G) (IV or IM),"1, Available today and no stockout in last 4 weeks | 2, Available today, but stockout in last 4 weeks | 0, Not available today",,,,,,[lab_p_abx_avl] = '1',,,,lab_p_abx,,
lab_p_abx_cefa,hfa_pharmacy,,radio,Cefalexine,"1, Available today and no stockout in last 4 weeks | 2, Available today, but stockout in last 4 weeks | 0, Not available today",,,,,,[lab_p_abx_avl] = '1',,,,lab_p_abx,,
lab_p_abx_cefi,hfa_pharmacy,,radio,Cefixime,"1, Available today and no stockout in last 4 weeks | 2, Available today, but stockout in last 4 weeks | 0, Not available today",,,,,,[lab_p_abx_avl] = '1',,,,lab_p_abx,,
lab_p_abx_cefo,hfa_pharmacy,,radio,Cefotaxime (IV or IM),"1, Available today and no stockout in last 4 weeks | 2, Available today, but stockout in last 4 weeks | 0, Not available today",,,,,,[lab_p_abx_avl] = '1',,,,lab_p_abx,,
lab_p_abx_cefz,hfa_pharmacy,,radio,Ceftazidime,"1, Available today and no stockout in last 4 weeks | 2, Available today, but stockout in last 4 weeks | 0, Not available today",,,,,,[lab_p_abx_avl] = '1',,,,lab_p_abx,,
lab_p_abx_cefx,hfa_pharmacy,,radio,Ceftriaxone (IV or IM),"1, Available today and no stockout in last 4 weeks | 2, Available today, but stockout in last 4 weeks | 0, Not available today",,,,,,[lab_p_abx_avl] = '1',,,,lab_p_abx,,
lab_p_abx_cefu,hfa_pharmacy,,radio,Cefuroxime,"1, Available today and no stockout in last 4 weeks | 2, Available today, but stockout in last 4 weeks | 0, Not available today",,,,,,[lab_p_abx_avl] = '1',,,,lab_p_abx,,
lab_p_abx_cip,hfa_pharmacy,,radio,Ciprofloxacin (oral suspension),"1, Available today and no stockout in last 4 weeks | 2, Available today, but stockout in last 4 weeks | 0, Not available today",,,,,,[lab_p_abx_avl] = '1',,,,lab_p_abx,,
lab_p_abx_fluc_im,hfa_pharmacy,,radio,Flucloxacillin/cloxacillin (IV or IM),"1, Available today and no stockout in last 4 weeks | 2, Available today, but stockout in last 4 weeks | 0, Not available today",,,,,,[lab_p_abx_avl] = '1',,,,lab_p_abx,,
lab_p_abx_fluc,hfa_pharmacy,,radio,Flucloxacillin (oral),"1, Available today and no stockout in last 4 weeks | 2, Available today, but stockout in last 4 weeks | 0, Not available today",,,,,,[lab_p_abx_avl] = '1',,,,lab_p_abx,,
lab_p_abx_gent,hfa_pharmacy,,radio,Gentamicin (IV or IM),"1, Available today and no stockout in last 4 weeks | 2, Available today, but stockout in last 4 weeks | 0, Not available today",,,,,,[lab_p_abx_avl] = '1',,,,lab_p_abx,,
lab_p_abx_ison,hfa_pharmacy,,radio,Isoniazid (oral),"1, Available today and no stockout in last 4 weeks | 2, Available today, but stockout in last 4 weeks | 0, Not available today",,,,,,[lab_p_abx_avl] = '1',,,,lab_p_abx,,
lab_p_abx_mpem,hfa_pharmacy,,radio,Meropenem,"1, Available today and no stockout in last 4 weeks | 2, Available today, but stockout in last 4 weeks | 0, Not available today",,,,,,[lab_p_abx_avl] = '1',,,,lab_p_abx,,
lab_p_abx_metro,hfa_pharmacy,,radio,Metronidazole (IV),"1, Available today and no stockout in last 4 weeks | 2, Available today, but stockout in last 4 weeks | 0, Not available today",,,,,,[lab_p_abx_avl] = '1',,,,lab_p_abx,,
lab_p_abx_metro_im,hfa_pharmacy,,radio,Metronidazole (oral),"1, Available today and no stockout in last 4 weeks | 2, Available today, but stockout in last 4 weeks | 0, Not available today",,,,,,[lab_p_abx_avl] = '1',,,,lab_p_abx,,
lab_p_abx_pip,hfa_pharmacy,,radio,Piperazine,"1, Available today and no stockout in last 4 weeks | 2, Available today, but stockout in last 4 weeks | 0, Not available today",,,,,,[lab_p_abx_avl] = '1',,,,lab_p_abx,,
lab_p_abx_pnpg,hfa_pharmacy,,radio,Penicillin G Procaine (IM only),"1, Available today and no stockout in last 4 weeks | 2, Available today, but stockout in last 4 weeks | 0, Not available today",,,,,,[lab_p_abx_avl] = '1',,,,lab_p_abx,,
lab_p_abx_crpn_im,hfa_pharmacy,,radio,Procaine benzylpenicillin (IM),"1, Available today and no stockout in last 4 weeks | 2, Available today, but stockout in last 4 weeks | 0, Not available today",,,,,,[lab_p_abx_avl] = '1',,,,lab_p_abx,,
lab_p_abx_tetra,hfa_pharmacy,,radio,Tetracycline 1% eye ointment,"1, Available today and no stockout in last 4 weeks | 2, Available today, but stockout in last 4 weeks | 0, Not available today",,,,,,[lab_p_abx_avl] = '1',,,,lab_p_abx,,
lab_p_abx_vanc,hfa_pharmacy,,radio,Vancomycin,"1, Available today and no stockout in last 4 weeks | 2, Available today, but stockout in last 4 weeks | 0, Not available today",,,,,,[lab_p_abx_avl] = '1',,,,lab_p_abx,,
lab_p_abx_drop,hfa_pharmacy,,radio,Antibiotic drops (moxifloxacin/betadine),"1, Available today and no stockout in last 4 weeks | 2, Available today, but stockout in last 4 weeks | 0, Not available today",,,,,,[lab_p_abx_avl] = '1',,,,lab_p_abx,,
lab_p_aed_hed,hfa_pharmacy,,descriptive,"<div style=""background-color:#fbd0c1; padding:5px"">Seizure Management:</div>",,,,,,,,,,,,,
lab_p_aed_avl,hfa_pharmacy,,yesno,Does the facility have any anticonvulsants?,,,,,,,,y,RV,,,,
lab_p_aed_para,hfa_pharmacy,,radio,Paraldehyde (rectal),"1, Available today and no stockout in last 4 weeks | 2, Available today, but stockout in last 4 weeks | 0, Not available today",,,,,,[lab_p_aed_avl] = '1',,,,lab_p_aed,,
lab_p_aed_phnob_im,hfa_pharmacy,,radio,Phenobarbital (IV or IM),"1, Available today and no stockout in last 4 weeks | 2, Available today, but stockout in last 4 weeks | 0, Not available today",,,,,,[lab_p_aed_avl] = '1',,,,lab_p_aed,,
lab_p_aed_phnob,hfa_pharmacy,,radio,Phenobarbital (oral),"1, Available today and no stockout in last 4 weeks | 2, Available today, but stockout in last 4 weeks | 0, Not available today",,,,,,[lab_p_aed_avl] = '1',,,,lab_p_aed,,
lab_p_aed_phen,hfa_pharmacy,,radio,Phenytoin (IV),"1, Available today and no stockout in last 4 weeks | 2, Available today, but stockout in last 4 weeks | 0, Not available today",,,,,,[lab_p_aed_avl] = '1',,,,lab_p_aed,,
lab_p_vac_hed,hfa_pharmacy,,descriptive,"<div style=""background-color:#fbd0c1; padding:5px"">Vaccination:</div>",,,,,,,,,,,,,
lab_p_vac_avl,hfa_pharmacy,,yesno,Does the facility have any vaccinations? ,,,,,,,,y,RV,,,,
lab_p_vac_bcg,hfa_pharmacy,,radio,BCG vaccine,"1, Available today and no stockout in last 4 weeks | 2, Available today, but stockout in last 4 weeks | 0, Not available today",,,,,,[lab_p_vac_avl] = '1',,,,lab_p_vac,,
lab_p_vac_hepb,hfa_pharmacy,,radio,Hepatitis B vaccine,"1, Available today and no stockout in last 4 weeks | 2, Available today, but stockout in last 4 weeks | 0, Not available today",,,,,,[lab_p_vac_avl] = '1',,,,lab_p_vac,,
lab_p_vac_polio,hfa_pharmacy,,radio,Oral poliomyelitis vaccine,"1, Available today and no stockout in last 4 weeks | 2, Available today, but stockout in last 4 weeks | 0, Not available today",,,,,,[lab_p_vac_avl] = '1',,,,lab_p_vac,,
lab_p_vac_tetn,hfa_pharmacy,,radio,Tetanus immunoglobulin (HTIG) (IM),"1, Available today and no stockout in last 4 weeks | 2, Available today, but stockout in last 4 weeks | 0, Not available today",,,,,,[lab_p_vac_avl] = '1',,,,lab_p_vac,,
lab_p_anlg_hed,hfa_pharmacy,,descriptive,"<div style=""background-color:#fbd0c1; padding:5px"">Analgesics:</div>",,,,,,,,,,,,,
lab_p_anlg_avl,hfa_pharmacy,,yesno,Does the facility have any analgesics?,,,,,,,,y,RV,,,,
lab_p_anlg_morph,hfa_pharmacy,,radio,Morphine (IV),"1, Available today and no stockout in last 4 weeks | 2, Available today, but stockout in last 4 weeks | 0, Not available today",,,,,,[lab_p_anlg_avl] = '1',,,,lab_p_anlg,,
lab_p_anlg_morph_orl,hfa_pharmacy,,radio,Morphine (oral),"1, Available today and no stockout in last 4 weeks | 2, Available today, but stockout in last 4 weeks | 0, Not available today",,,,,,[lab_p_anlg_avl] = '1',,,,lab_p_anlg,,
lab_p_anlg_parac_orl,hfa_pharmacy,,radio,Paracetamol (oral),"1, Available today and no stockout in last 4 weeks | 2, Available today, but stockout in last 4 weeks | 0, Not available today",,,,,,[lab_p_anlg_avl] = '1',,,,lab_p_anlg,,
lab_p_anlg_parac,hfa_pharmacy,,radio,Paracetamol (suppository),"1, Available today and no stockout in last 4 weeks | 2, Available today, but stockout in last 4 weeks | 0, Not available today",,,,,,[lab_p_anlg_avl] = '1',,,,lab_p_anlg,,
lab_p_anlg_parac_im,hfa_pharmacy,,radio,Paracetamol (injection),"1, Available today and no stockout in last 4 weeks | 2, Available today, but stockout in last 4 weeks | 0, Not available today",,,,,,[lab_p_anlg_avl] = '1',,,,lab_p_anlg,,
lab_p_corts_hed,hfa_pharmacy,,descriptive,"<div style=""background-color:#fbd0c1; padding:5px"">Corticosteroids:</div>",,,,,,,,,,,,,
lab_p_corts_avl,hfa_pharmacy,,yesno,Does the facility have any corticosteroids?,,,,,,,,y,RV,,,,
lab_p_corts_dexa,hfa_pharmacy,,radio,Dexamethasone (IM),"1, Available today and no stockout in last 4 weeks | 2, Available today, but stockout in last 4 weeks | 0, Not available today",,,,,,[lab_p_corts_avl] = '1',,,,lab_p_corts,,
lab_p_emrg_hed,hfa_pharmacy,,descriptive,"<div style=""background-color:#fbd0c1; padding:5px"">Emergency Drugs:</div>",,,,,,,,,,,,,
lab_p_emrg_avl,hfa_pharmacy,,yesno,Does the facility have any emergency drugs?,,,,,,,,y,RV,,,,
lab_p_emrg_epin,hfa_pharmacy,,radio,Adrenaline/epinephrine (IV),"1, Available today and no stockout in last 4 weeks | 2, Available today, but stockout in last 4 weeks | 0, Not available today",,,,,,[lab_p_emrg_avl] = '1',,,,lab_p_emrg,,
lab_p_emrg_glu,hfa_pharmacy,,radio,Calcium gluconate 10% (injection),"1, Available today and no stockout in last 4 weeks | 2, Available today, but stockout in last 4 weeks | 0, Not available today",,,,,,[lab_p_emrg_avl] = '1',,,,lab_p_emrg,,
lab_p_emrg_hydr,hfa_pharmacy,,radio,Hydrocortisone (injection),"1, Available today and no stockout in last 4 weeks | 2, Available today, but stockout in last 4 weeks | 0, Not available today",,,,,,[lab_p_emrg_avl] = '1',,,,lab_p_emrg,,
lab_p_emrg_nalo,hfa_pharmacy,,radio,Naloxone (IV),"1, Available today and no stockout in last 4 weeks | 2, Available today, but stockout in last 4 weeks | 0, Not available today",,,,,,[lab_p_emrg_avl] = '1',,,,lab_p_emrg,,
lab_p_oth_hed,hfa_pharmacy,,descriptive,"<div style=""background-color:#fbd0c1; padding:5px"">Other Drugs:</div>",,,,,,,,,,,,,
lab_p_oth_acyl,hfa_pharmacy,,radio,Acyclovir (IV),"1, Available today and no stockout in last 4 weeks | 2, Available today, but stockout in last 4 weeks | 0, Not available today",,,,,,,y,,,lab_p_oth,,
lab_p_oth_acyl_eye,hfa_pharmacy,,radio,Acyclovir 3% topical eye ointment,"1, Available today and no stockout in last 4 weeks | 2, Available today, but stockout in last 4 weeks | 0, Not available today",,,,,,,y,,,lab_p_oth,,
lab_p_oth_amino,hfa_pharmacy,,radio,Aminophylline,"1, Available today and no stockout in last 4 weeks | 2, Available today, but stockout in last 4 weeks | 0, Not available today",,,,,,,y,,,lab_p_oth,,
lab_p_oth_rho,hfa_pharmacy,,radio,Anti-Rho (D) immune globulin (injection),"1, Available today and no stockout in last 4 weeks | 2, Available today, but stockout in last 4 weeks | 0, Not available today",,,,,,,y,,,lab_p_oth,,
lab_p_oth_drop,hfa_pharmacy,,radio,Artificial tear drops,"1, Available today and no stockout in last 4 weeks | 2, Available today, but stockout in last 4 weeks | 0, Not available today",,,,,,,y,,,lab_p_oth,,
lab_p_oth_caff_orl,hfa_pharmacy,,radio,Caffeine citrate (oral),"1, Available today and no stockout in last 4 weeks | 2, Available today, but stockout in last 4 weeks | 0, Not available today",,,,,,,y,,,lab_p_oth,,
lab_p_oth_caff,hfa_pharmacy,,radio,Caffeine citrate (IV),"1, Available today and no stockout in last 4 weeks | 2, Available today, but stockout in last 4 weeks | 0, Not available today",,,,,,,y,,,lab_p_oth,,
lab_p_oth_chloro,hfa_pharmacy,,radio,Chlorhexidine digluconate 7.1% gel (delivering 4% chlorhexidine),"1, Available today and no stockout in last 4 weeks | 2, Available today, but stockout in last 4 weeks | 0, Not available today",,,,,,,y,,,lab_p_oth,,
lab_p_oth_drop_eye,hfa_pharmacy,,radio,Dilating eye drops (tropicamide 0.5% + phenylepherine 2.5%),"1, Available today and no stockout in last 4 weeks | 2, Available today, but stockout in last 4 weeks | 0, Not available today",,,,,,,y,,,lab_p_oth,,
lab_p_oth_etham,hfa_pharmacy,,radio,Ethambutol,"1, Available today and no stockout in last 4 weeks | 2, Available today, but stockout in last 4 weeks | 0, Not available today",,,,,,,y,,,lab_p_oth,,
lab_p_oth_fumar,hfa_pharmacy,,radio,Ferrous fumarate (oral syrup),"1, Available today and no stockout in last 4 weeks | 2, Available today, but stockout in last 4 weeks | 0, Not available today",,,,,,,y,,,lab_p_oth,,
lab_p_oth_folic,hfa_pharmacy,,radio,Folic acid,"1, Available today and no stockout in last 4 weeks | 2, Available today, but stockout in last 4 weeks | 0, Not available today",,,,,,,y,,,lab_p_oth,,
lab_p_oth_flucn,hfa_pharmacy,,radio,Fluconazole (IV),"1, Available today and no stockout in last 4 weeks | 2, Available today, but stockout in last 4 weeks | 0, Not available today",,,,,,,y,,,lab_p_oth,,
lab_p_oth_flucn_orl,hfa_pharmacy,,radio,Fluconazole (oral),"1, Available today and no stockout in last 4 weeks | 2, Available today, but stockout in last 4 weeks | 0, Not available today",,,,,,,y,,,lab_p_oth,,
lab_p_oth_furos,hfa_pharmacy,,radio,Furosemide (IV),"1, Available today and no stockout in last 4 weeks | 2, Available today, but stockout in last 4 weeks | 0, Not available today",,,,,,,y,,,lab_p_oth,,
lab_p_oth_furos_orl,hfa_pharmacy,,radio,Furosemide (oral),"1, Available today and no stockout in last 4 weeks | 2, Available today, but stockout in last 4 weeks | 0, Not available today",,,,,,,y,,,lab_p_oth,,
lab_p_oth_glyc,hfa_pharmacy,,radio,Glycerin chip,"1, Available today and no stockout in last 4 weeks | 2, Available today, but stockout in last 4 weeks | 0, Not available today",,,,,,,y,,,lab_p_oth,,
lab_p_oth_hepb,hfa_pharmacy,,radio,Hepatitis B immune globulin (HBIG),"1, Available today and no stockout in last 4 weeks | 2, Available today, but stockout in last 4 weeks | 0, Not available today",,,,,,,y,,,lab_p_oth,,
lab_p_oth_mlk,hfa_pharmacy,,radio,Human milk fortifier,"1, Available today and no stockout in last 4 weeks | 2, Available today, but stockout in last 4 weeks | 0, Not available today",,,,,,,y,,,lab_p_oth,,
lab_p_oth_lido,hfa_pharmacy,,radio,Lidocaine solution,"1, Available today and no stockout in last 4 weeks | 2, Available today, but stockout in last 4 weeks | 0, Not available today",,,,,,,y,,,lab_p_oth,,
lab_p_oth_drop_loc,hfa_pharmacy,,radio,Local anesthetic eye drops (proparacaine 0.5%),"1, Available today and no stockout in last 4 weeks | 2, Available today, but stockout in last 4 weeks | 0, Not available today",,,,,,,y,,,lab_p_oth,,
lab_p_oth_mico,hfa_pharmacy,,radio,Miconazole cream (or equivalent e.g. gentian violet),"1, Available today and no stockout in last 4 weeks | 2, Available today, but stockout in last 4 weeks | 0, Not available today",,,,,,,y,,,lab_p_oth,,
lab_p_oth_vit,hfa_pharmacy,,radio,Multivitamin,"1, Available today and no stockout in last 4 weeks | 2, Available today, but stockout in last 4 weeks | 0, Not available today",,,,,,,y,,,lab_p_oth,,
lab_p_oth_nyst_orl,hfa_pharmacy,,radio,Nystatin (oral solution),"1, Available today and no stockout in last 4 weeks | 2, Available today, but stockout in last 4 weeks | 0, Not available today",,,,,,,y,,,lab_p_oth,,
lab_p_oth_nyst,hfa_pharmacy,,radio,Nystatin (cream),"1, Available today and no stockout in last 4 weeks | 2, Available today, but stockout in last 4 weeks | 0, Not available today",,,,,,,y,,,lab_p_oth,,
lab_p_oth_orl,hfa_pharmacy,,radio,Oral rehydration solution,"1, Available today and no stockout in last 4 weeks | 2, Available today, but stockout in last 4 weeks | 0, Not available today",,,,,,,y,,,lab_p_oth,,
lab_p_oth_phos,hfa_pharmacy,,radio,Phosphate solution,"1, Available today and no stockout in last 4 weeks | 2, Available today, but stockout in last 4 weeks | 0, Not available today",,,,,,,y,,,lab_p_oth,,
lab_p_oth_sucro,hfa_pharmacy,,radio,Sucrose 30% (oral),"1, Available today and no stockout in last 4 weeks | 2, Available today, but stockout in last 4 weeks | 0, Not available today",,,,,,,y,,,lab_p_oth,,
lab_p_oth_surf,hfa_pharmacy,,radio,Surfactant,"1, Available today and no stockout in last 4 weeks | 2, Available today, but stockout in last 4 weeks | 0, Not available today",,,,,,,y,,,lab_p_oth,,
lab_p_oth_vitk,hfa_pharmacy,,radio,Vitamin K1 (Phytomenadione) (IV or IM),"1, Available today and no stockout in last 4 weeks | 2, Available today, but stockout in last 4 weeks | 0, Not available today",,,,,,,y,,,lab_p_oth,,
lab_p_oth_h2o,hfa_pharmacy,,radio,Water based lubricant,"1, Available today and no stockout in last 4 weeks | 2, Available today, but stockout in last 4 weeks | 0, Not available today",,,,,,,y,,,lab_p_oth,,
lab_p_oth_zinc,hfa_pharmacy,,radio,Zinc oxide cream,"1, Available today and no stockout in last 4 weeks | 2, Available today, but stockout in last 4 weeks | 0, Not available today",,,,,,,y,,,lab_p_oth,,
lab_p_so_hed_1,hfa_pharmacy,,descriptive,"<div class=""h4"" style=""background-color:#82cdbf;padding:10px"">Stock Outs</div>",,,,,,,,,,,,,
lab_p_so_hed_2,hfa_pharmacy,,descriptive,"<div style=""background-color:#fbd0c1; padding:5px"">Have you had a stock out of any of the following items in the last 3 months?</div>",,,,,,,,,,,,,
lab_p_so_ins_1,hfa_pharmacy,,descriptive,"<p style=""font-weight:normal""><i><b>INSTRUCTIONS:</b> Read all options out loud. </i></p>",,,,,,,,,,,,,
lab_p_so_gent,hfa_pharmacy,,radio,Gentamicin (injection),"1, Yes | 0, No",,,,,,,y,,,lab_p_so,,
lab_p_so_crpn,hfa_pharmacy,,radio,Benzylpenicillin,"1, Yes | 0, No",,,,,,,y,,,lab_p_so,,
lab_p_so_phno,hfa_pharmacy,,radio,Phenobarbitone,"1, Yes | 0, No",,,,,,,y,,,lab_p_so,,
lab_p_so_amino,hfa_pharmacy,,radio,Caffeine or Aminophylline,"1, Yes | 0, No",,,,,,,y,,,lab_p_so,,
lab_p_so_vitk,hfa_pharmacy,,radio,Vitamin K,"1, Yes | 0, No",,,,,,,y,,,lab_p_so,,
lab_p_so_amox,hfa_pharmacy,,radio,Amoxicillin,"1, Yes | 0, No",,,,,,,y,,,lab_p_so,,
lab_p_so_amp,hfa_pharmacy,,radio,Ampicillin,"1, Yes | 0, No",,,,,,,y,,,lab_p_so,,
lab_p_so_ac,hfa_pharmacy,,radio,"If you have had a stockout, what do you most commonly do? ","4, No action taken/wait|1, Buy from somewhere else|2, Borrow from a different facility|3, Ask patients to buy their own medicine|5, Other <i>(specify below)</i>",,,,,,[lab_p_so_gent] = '1' or [lab_p_so_crpn] = '1' or [lab_p_so_phno] = '1' or [lab_p_so_amino] = '1' or [lab_p_so_vitk] = '1' or [lab_p_so_amox] = '1' or [lab_p_so_amp] = '1',,,,,,
lab_p_so_othac,hfa_pharmacy,,text,What else do you most commonly do when you have a stockout?,,,,,,,[lab_p_so_ac] = '5',,,,,,
lab_p_hed_7,hfa_pharmacy,,descriptive,"<div style=""background-color:#82cdbf; padding:5px""></div>",,,,,,,,,,,,,
lab_p_com,hfa_pharmacy,,notes,Comments:,,,,,,,,,,,,,
lab_gn_hed_1,hfa_lab_equipment_supplies_and_testing,,descriptive,"<div style=""background-color:#82cdbf; padding:5px""></div>",,,,,,,,,,,,,
lab_gn_ban_1,hfa_lab_equipment_supplies_and_testing,,descriptive,,,,,,,,,,,,,,
lab_gn_hed_2,hfa_lab_equipment_supplies_and_testing,,descriptive,"<div class=""h4"" style=""background-color:#82cdbf;padding:10px"">Laboratory Equipment, Supplies and Testing</div>",,,,,,,,,,,,,
lab_gn_ins_1,hfa_lab_equipment_supplies_and_testing,,descriptive,"<p style=""font-weight:normal""><i><b>INSTRUCTIONS:</b> Direct these questions to the head lab technician. For some questions, you will need to ask and observe the staff or specific items/spaces at the facility. An item is not functional if it is in need of repair. Please do not leave any variable blank. If a date is unknown, enter 1999/01/01. If a free text variable is unknown and an answer is required, write ""-1"" for numeric fields and ""unknown"" for text fields. If a multiple-choice variable is unknown, select ""unknown"".<br>
<b>Prompt:</b> “I’d like to ask you a few questions and make some observations about the laboratory equipment, supplies, and testing.”.</i></p>",,,,,,,,,,,,,
lab_gn_hed_3,hfa_lab_equipment_supplies_and_testing,,descriptive,"<div style=""background-color:#82cdbf; padding:5px""></div>",,,,,,,,,,,,,
lab_gn_rp_num,hfa_lab_equipment_supplies_and_testing,,radio,Number of Respondents Interviewed:,"1, 1 respondent|2, 2 respondents|3, 3 respondents|4, 4 respondents|5, 5 respondents",,,,,,,y,,,,,
lab_gn_rp_hed_1,hfa_lab_equipment_supplies_and_testing,,descriptive,"<div style=""background-color:#82cdbf; padding:5px"">Respondent #1</div>",,,,,,,[lab_gn_rp_num] >= 1,,,,,,
lab_gn_rp_nam_1,hfa_lab_equipment_supplies_and_testing,,text,Respondent Name (First and Last):,,,,,,y,[lab_gn_rp_num] >= 1,y,,,,,
lab_gn_rp_pos_1,hfa_lab_equipment_supplies_and_testing,,radio,Respondent Position:,"7, Lab Manager | 8, Lab Technician | 6, Hospital Management | 5, Biomedical Engineering Technician | 1, NEST Coordinator | 2, Nurse | 3, Data Clerk | 4, Clinician | 99, Other <i>(specify below)</i>",,,,,,[lab_gn_rp_num] >= 1,y,,,,,
lab_gn_rp_othpos_1,hfa_lab_equipment_supplies_and_testing,,text,"If other position, please specify: ",,,,,,,[lab_gn_rp_pos_1] = '99',,,,,,
lab_gn_rp_ph_1,hfa_lab_equipment_supplies_and_testing,,text,Respondent Phone Number:,,,,,,y,[lab_gn_rp_num] >= 1,,,,,,
lab_gn_rp_hed_2,hfa_lab_equipment_supplies_and_testing,,descriptive,"<div style=""background-color:#82cdbf; padding:5px"">Respondent #2</div>",,,,,,,[lab_gn_rp_num] >= 2,,,,,,
lab_gn_rp_nam_2,hfa_lab_equipment_supplies_and_testing,,text,Respondent Name (First and Last):,,,,,,y,[lab_gn_rp_num] >= 2,,,,,,
lab_gn_rp_pos_2,hfa_lab_equipment_supplies_and_testing,,radio,Respondent Position:,"7, Lab Manager | 8, Lab Technician | 6, Hospital Management | 5, Biomedical Engineering Technician | 1, NEST Coordinator | 2, Nurse | 3, Data Clerk | 4, Clinician | 99, Other <i>(specify below)</i>",,,,,,[lab_gn_rp_num] >= 2,,,,,,
lab_gn_rp_othpos_2,hfa_lab_equipment_supplies_and_testing,,text,"If other position, please specify: ",,,,,,,[lab_gn_rp_pos_2] = '99',,,,,,
lab_gn_rp_ph_2,hfa_lab_equipment_supplies_and_testing,,text,Respondent Phone Number:,,,,,,y,[lab_gn_rp_num] >= 2,,,,,,
lab_gn_rp_hed_3,hfa_lab_equipment_supplies_and_testing,,descriptive,"<div style=""background-color:#82cdbf; padding:5px"">Respondent #3</div>",,,,,,,[lab_gn_rp_num] >= 3,,,,,,
lab_gn_rp_nam_3,hfa_lab_equipment_supplies_and_testing,,text,Respondent Name (First and Last):,,,,,,y,[lab_gn_rp_num] >= 3,,,,,,
lab_gn_rp_pos_3,hfa_lab_equipment_supplies_and_testing,,radio,Respondent Position:,"7, Lab Manager | 8, Lab Technician | 6, Hospital Management | 5, Biomedical Engineering Technician | 1, NEST Coordinator | 2, Nurse | 3, Data Clerk | 4, Clinician | 99, Other <i>(specify below)</i>",,,,,,[lab_gn_rp_num] >= 3,,,,,,
lab_gn_rp_othpos_3,hfa_lab_equipment_supplies_and_testing,,text,"If other position, please specify: ",,,,,,,[lab_gn_rp_pos_3] = '99',,,,,,
lab_gn_rp_ph_3,hfa_lab_equipment_supplies_and_testing,,text,Respondent Phone Number:,,,,,,y,[lab_gn_rp_num] >= 3,,,,,,
lab_gn_rp_hed_4,hfa_lab_equipment_supplies_and_testing,,descriptive,"<div style=""background-color:#82cdbf; padding:5px"">Respondent #4</div>",,,,,,,[lab_gn_rp_num] >= 4,,,,,,
lab_gn_rp_nam_4,hfa_lab_equipment_supplies_and_testing,,text,Respondent Name (First and Last):,,,,,,y,[lab_gn_rp_num] >= 4,,,,,,
lab_gn_rp_pos_4,hfa_lab_equipment_supplies_and_testing,,radio,Respondent Position:,"7, Lab Manager | 8, Lab Technician | 6, Hospital Management | 5, Biomedical Engineering Technician | 1, NEST Coordinator | 2, Nurse | 3, Data Clerk | 4, Clinician | 99, Other <i>(specify below)</i>",,,,,,[lab_gn_rp_num] >= 4,,,,,,
lab_gn_rp_othpos_4,hfa_lab_equipment_supplies_and_testing,,text,"If other position, please specify: ",,,,,,,[lab_gn_rp_pos_4] = '99',,,,,,
lab_gn_rp_ph_4,hfa_lab_equipment_supplies_and_testing,,text,Respondent Phone Number:,,,,,,y,[lab_gn_rp_num] >= 4,,,,,,
lab_gn_rp_hed_5,hfa_lab_equipment_supplies_and_testing,,descriptive,"<div style=""background-color:#82cdbf; padding:5px"">Respondent #5</div>",,,,,,,[lab_gn_rp_num] >= 5,,,,,,
lab_gn_rp_nam_5,hfa_lab_equipment_supplies_and_testing,,text,Respondent Name (First and Last):,,,,,,y,[lab_gn_rp_num] >= 5,,,,,,
lab_gn_rp_pos_5,hfa_lab_equipment_supplies_and_testing,,radio,Respondent Position:,"7, Lab Manager | 8, Lab Technician | 6, Hospital Management | 5, Biomedical Engineering Technician | 1, NEST Coordinator | 2, Nurse | 3, Data Clerk | 4, Clinician | 99, Other <i>(specify below)</i>",,,,,,[lab_gn_rp_num] >= 5,,,,,,
lab_gn_rp_othpos_5,hfa_lab_equipment_supplies_and_testing,,text,"If other position, please specify: ",,,,,,,[lab_gn_rp_pos_5] = '99',,,,,,
lab_gn_rp_ph_5,hfa_lab_equipment_supplies_and_testing,,text,Respondent Phone Number:,,,,,,y,[lab_gn_rp_num] >= 5,,,,,,
lab_gn_hed_4,hfa_lab_equipment_supplies_and_testing,,descriptive,"<div class=""h4"" style=""background-color:#82cdbf;padding:10px"">General</div>",,,,,,,,,,,,,
lab_gn_avl,hfa_lab_equipment_supplies_and_testing,,radio,Does this facility have a laboratory?,"1, Yes | 0, No",,,,,,,y,,,,,
lab_gn_24h,hfa_lab_equipment_supplies_and_testing,,radio,Is the laboratory operational 24 hours per day 7 days per week?,"1, Yes | 0, No",,,,,,[lab_gn_avl] = '1',,,,,,
lab_gn_bpw,hfa_lab_equipment_supplies_and_testing,,yesno,Does the laboratory have backup power?,,,,,,,[lab_gn_avl] = '1',,,,,,
lab_gn_bpw_typ,hfa_lab_equipment_supplies_and_testing,,checkbox,What type of backup power does the lab have?,"1, Fuel Generator | 2, Battery Inverter | 3, Solar Power",Select all that apply.,,,,,[lab_gn_bpw] = '1',,,,,,
lab_gn_bpw_lght,hfa_lab_equipment_supplies_and_testing,,radio,Is laboratory lighting covered by the backup power? ,"1, All lighting | 2, Some lighting | 0, No lighting",,,,,,[lab_gn_bpw] = '1',,,,,,
lab_gn_bpw_eqt,hfa_lab_equipment_supplies_and_testing,,radio,Is laboratory equipment covered by the backup power? ,"1, All equipment | 2, Some equipment | 0, No equipment",,,,,,[lab_gn_bpw] = '1',,,,,,
lab_gn_gui,hfa_lab_equipment_supplies_and_testing,,radio,Is there a set of biosafety guidelines?,"1, Yes | 0, No",,,,,,[lab_gn_avl] = '1',,,,,,
lab_gn_gui_qc,hfa_lab_equipment_supplies_and_testing,,radio,Is there a set of internal quality control guidelines?,"1, Yes | 0, No",,,,,,[lab_gn_avl] = '1',,,,,,
lab_gn_sop,hfa_lab_equipment_supplies_and_testing,,radio,Is there a set of standard operating procedures (SOPs)?,"1, Yes | 0, No",,,,,,[lab_gn_avl] = '1',,,,,,
lab_gn_aud_hed,hfa_lab_equipment_supplies_and_testing,,descriptive,"<div style=""background-color:#fbd0c1;padding:10px"">Lab Management Team</div>",,,,,,,[lab_gn_avl] = '1',,,,,,
lab_gn_aud_avl,hfa_lab_equipment_supplies_and_testing,,yesno,Does the health facility have a lab management team?,,,,,,,[lab_gn_avl] = '1',y,,,,,
lab_gn_aud_met,hfa_lab_equipment_supplies_and_testing,,yesno,Does the health facility conduct lab management meetings at least every 3 months?,,,,,,,[lab_gn_aud_avl] = '1',,,,,,
lab_gn_aud_met_dt,hfa_lab_equipment_supplies_and_testing,,text,When did the team last meet?,,"If a date is unknown, enter 1999/01/01. ",date_ymd,,,,[lab_gn_aud_avl] = '1',,,,,,
lab_gn_aud_met_min,hfa_lab_equipment_supplies_and_testing,,radio,<b>For observation only</b>: Are meeting minutes available for the most recent meeting?,"1, Yes | 2, Yes, but not observed | 0, No",,,,,,[lab_gn_aud_avl] = '1',,,,,,
lab_gn_inv_hed,hfa_lab_equipment_supplies_and_testing,,descriptive,"<div style=""background-color:#fbd0c1;padding:10px"">Inventory and Forecasting</div>",,,,,,,[lab_gn_avl] = '1',,,,,,
lab_gn_inv_avl,hfa_lab_equipment_supplies_and_testing,,yesno,Is an inventory of laboratory supplies kept?,,,,,,,[lab_gn_avl] = '1',,,,,,
lab_gn_inv_frq,hfa_lab_equipment_supplies_and_testing,,radio,How often is this inventory of laboratory supplies carried out?,"1, Daily | 2, Weekly | 3, Monthly | 4, Quarterly | 6, Annually | 5, Irregularly | 7, Other <i>(specify below)</i>",,,,,,[lab_gn_inv_avl] = '1',,,,,,
lab_gn_inv_frq_oth,hfa_lab_equipment_supplies_and_testing,,text,Please specify how often the inventory of laboratory supplies is carried out:,,,,,,,[lab_gn_inv_frq] = '7',,,,,,
lab_gn_inv_ord_new,hfa_lab_equipment_supplies_and_testing,,checkbox,When are lab supplies ordered?,"1, When we run out of stock | 2, At set intervals before running out of stock (e.g. 2 weeks before running out of stock) | 5, Order at regular intervals throughout the year (e.g. same time each month, every 6 months) | 9, Shipments come automatically | 99, Other <i>(specify below)</i>",Select all that apply.,,,,,[lab_gn_avl] = '1',,,,,,
lab_gn_inv_othord,hfa_lab_equipment_supplies_and_testing,,text,Please specify other time lab supplies are ordered:,,,,,,,[lab_gn_inv_ord_new(99)] = '1',,,,,,
lab_eqt_hed,hfa_lab_equipment_supplies_and_testing,,descriptive,"<div class=""h4"" style=""background-color:#82cdbf;padding:10px"">Equipment and Supplies</div>",,,,,,,,,,,,,
lab_eqt_ins_2,hfa_lab_equipment_supplies_and_testing,,descriptive,"<p style=""font-weight:normal""><i><b>INSTRUCTIONS:</b> Direct these questions to the head laboratory technician. The following questions will ask about the availability of various lab supplies. For the following questions you should first assess if the item is available today. If no item is available, select <b>""not available today""</b>. If the item is available today and has not been out of stock in the last four weeks, select <b>""available and no stockout in last 4 weeks""</b>. If the item is available today, but there has been a stock out at any point in the last four weeks, select <b>""available today, but stockout in last 4 weeks""</b>. <br><br>For items with an asterisk (*) next to them, if the item is available and functional, selelct <b>""available and no stockout in last 4 weeks""</b>. If the items is available, but not functional, select <b>""available today, but stockout in last 4 weeks""</b>. For these items, also write the total number of items available followed by the number of functional items. Determining functionality will vary by item. An item is not functional if it is broken or in need of repair.</i></p>",,,,,,,[lab_gn_avl] = '1',,,,,,
lab_eqt_bld_hed_1,hfa_lab_equipment_supplies_and_testing,,descriptive,"<div style=""background-color:#82cdbf; padding:5px"">Provision of donor blood for transfusion: Does the facility have ...</div>",,,,,,,[lab_gn_avl] = '1',,,,,,
lab_eqt_bld_refr,hfa_lab_equipment_supplies_and_testing,,radio,Refrigerator for blood bank*,"1, Available today and no stockout in last 4 weeks | 3, Available today, but stockout in last 4 weeks | 0, Not available today",,,,,,[lab_gn_avl] = '1',y,,,lab_eqt_bld_1,,
lab_eqt_bld_tub,hfa_lab_equipment_supplies_and_testing,,radio,Test tubes,"1, Available today and no stockout in last 4 weeks | 3, Available today, but stockout in last 4 weeks | 0, Not available today",,,,,,[lab_gn_avl] = '1',y,,,lab_eqt_bld_1,,
lab_eqt_bld_mics,hfa_lab_equipment_supplies_and_testing,,radio,Microscope slides,"1, Available today and no stockout in last 4 weeks | 3, Available today, but stockout in last 4 weeks | 0, Not available today",,,,,,[lab_gn_avl] = '1',y,,,lab_eqt_bld_1,,
lab_eqt_bld_lanct,hfa_lab_equipment_supplies_and_testing,,radio,Blood lancets,"1, Available today and no stockout in last 4 weeks | 3, Available today, but stockout in last 4 weeks | 0, Not available today",,,,,,[lab_gn_avl] = '1',y,,,lab_eqt_bld_1,,
lab_eqt_bld_cotn,hfa_lab_equipment_supplies_and_testing,,radio,Cotton wool,"1, Available today and no stockout in last 4 weeks | 3, Available today, but stockout in last 4 weeks | 0, Not available today",,,,,,[lab_gn_avl] = '1',y,,,lab_eqt_bld_1,,
lab_eqt_bld_tsttub,hfa_lab_equipment_supplies_and_testing,,radio,Test tube rack,"1, Available today and no stockout in last 4 weeks | 3, Available today, but stockout in last 4 weeks | 0, Not available today",,,,,,[lab_gn_avl] = '1',y,,,lab_eqt_bld_1,,
lab_eqt_bld_nacl,hfa_lab_equipment_supplies_and_testing,,radio,0.9% Sodium chloride solution,"1, Available today and no stockout in last 4 weeks | 3, Available today, but stockout in last 4 weeks | 0, Not available today",,,,,,[lab_gn_avl] = '1',y,,,lab_eqt_bld_1,,
lab_eqt_bld_alb,hfa_lab_equipment_supplies_and_testing,,radio,20% Bovine albumin,"1, Available today and no stockout in last 4 weeks | 3, Available today, but stockout in last 4 weeks | 0, Not available today",,,,,,[lab_gn_avl] = '1',y,,,lab_eqt_bld_1,,
lab_eqt_bld_cntfg,hfa_lab_equipment_supplies_and_testing,,radio,"Centrifuge, electric*","1, Available today and no stockout in last 4 weeks | 3, Available today, but stockout in last 4 weeks | 0, Not available today",,,,,,[lab_gn_avl] = '1',y,,,lab_eqt_bld_1,,
lab_eqt_bld_icb,hfa_lab_equipment_supplies_and_testing,,radio,37°C Water bath (or incubator)*,"1, Available today and no stockout in last 4 weeks | 3, Available today, but stockout in last 4 weeks | 0, Not available today",,,,,,[lab_gn_avl] = '1',y,,,lab_eqt_bld_1,,
lab_eqt_bld_pipe,hfa_lab_equipment_supplies_and_testing,,radio,Pipettes volumetric,"1, Available today and no stockout in last 4 weeks | 3, Available today, but stockout in last 4 weeks | 0, Not available today",,,,,,[lab_gn_avl] = '1',y,,,lab_eqt_bld_1,,
lab_eqt_bld_reag_bld,hfa_lab_equipment_supplies_and_testing,,radio,Blood typing reagents,"1, Available today and no stockout in last 4 weeks | 3, Available today, but stockout in last 4 weeks | 0, Not available today",,,,,,[lab_gn_avl] = '1',y,,,lab_eqt_bld_1,,
lab_eqt_bld_reag,hfa_lab_equipment_supplies_and_testing,,radio,Cross-matching reagents,"1, Available today and no stockout in last 4 weeks | 3, Available today, but stockout in last 4 weeks | 0, Not available today",,,,,,[lab_gn_avl] = '1',y,,,lab_eqt_bld_1,,
lab_eqt_bld_refr_hed,hfa_lab_equipment_supplies_and_testing,,descriptive,"<div style=""background-color:#fbd0c1; padding:5px"">Refrigerator for blood bank</div>",,,,,,,[lab_eqt_bld_refr] >= '1',,,,,,
lab_eqt_bld_refr_num,hfa_lab_equipment_supplies_and_testing,,text,How many refrigerators for blood bank are <b>available</b>?,,,integer,-1,50,,[lab_eqt_bld_refr] >= '1',,,,,,
lab_eqt_bld_refr_fc,hfa_lab_equipment_supplies_and_testing,,text,How many refrigerators for blood bank are <b>functional</b>?,,,integer,-1,50,,[lab_eqt_bld_refr] >= '1',,,,,,
lab_eqt_bld_cntfg_hed,hfa_lab_equipment_supplies_and_testing,,descriptive,"<div style=""background-color:#fbd0c1; padding:5px"">Centrifuge, electric</div>",,,,,,,[lab_eqt_bld_cntfg] >= '1',,,,,,
lab_eqt_bld_cntfg_num,hfa_lab_equipment_supplies_and_testing,,text,How many electric centrifuges are <b>available</b>?,,,integer,-1,50,,[lab_eqt_bld_cntfg] >= '1',,,,,,
lab_eqt_bld_cntfg_fc,hfa_lab_equipment_supplies_and_testing,,text,How many electric centrifuges are <b>functional</b>?,,,integer,-1,50,,[lab_eqt_bld_cntfg] >= '1',,,,,,
lab_eqt_bld_icb_hed,hfa_lab_equipment_supplies_and_testing,,descriptive,"<div style=""background-color:#fbd0c1; padding:5px"">37°C Water bath (or incubator)</div>",,,,,,,[lab_eqt_bld_icb] >= '1',,,,,,
lab_eqt_bld_icb_num,hfa_lab_equipment_supplies_and_testing,,text,How many 37°C Water baths (or incubators) are <b>available</b>?,,,integer,-1,50,,[lab_eqt_bld_icb] >= '1',,,,,,
lab_eqt_bld_icb_fc,hfa_lab_equipment_supplies_and_testing,,text,How many 37°C Water baths (or incubators) are <b>functional</b>?,,,integer,-1,50,,[lab_eqt_bld_icb] >= '1',,,,,,
lab_eqt_bld_hed_2,hfa_lab_equipment_supplies_and_testing,,descriptive,"<div style=""background-color:#82cdbf; padding:5px"">Blood collection: Does the facility have ...</div>",,,,,,,[lab_gn_avl] = '1',,,,,,
lab_eqt_bld_bg,hfa_lab_equipment_supplies_and_testing,,radio,Bags for collecting blood and airway needle for giving blood,"1, Available today and no stockout in last 4 weeks | 3, Available today, but stockout in last 4 weeks | 0, Not available today",,,,,,[lab_gn_avl] = '1',y,,,lab_eqt_bld_2,,
lab_eqt_bld_frcp,hfa_lab_equipment_supplies_and_testing,,radio,Artery forceps,"1, Available today and no stockout in last 4 weeks | 3, Available today, but stockout in last 4 weeks | 0, Not available today",,,,,,[lab_gn_avl] = '1',y,,,lab_eqt_bld_2,,
lab_eqt_bld_bot_1,hfa_lab_equipment_supplies_and_testing,,radio,Anticoagulant bottles (small),"1, Available today and no stockout in last 4 weeks | 3, Available today, but stockout in last 4 weeks | 0, Not available today",,,,,,[lab_gn_avl] = '1',y,,,lab_eqt_bld_2,,
lab_eqt_bld_bot_2,hfa_lab_equipment_supplies_and_testing,,radio,Anticoagulant bottles (large),"1, Available today and no stockout in last 4 weeks | 3, Available today, but stockout in last 4 weeks | 0, Not available today",,,,,,[lab_gn_avl] = '1',y,,,lab_eqt_bld_2,,
lab_eqt_bld_dscl,hfa_lab_equipment_supplies_and_testing,,radio,Scale for blood collection*,"1, Available today and no stockout in last 4 weeks | 3, Available today, but stockout in last 4 weeks | 0, Not available today",,,,,,[lab_gn_avl] = '1',y,,,lab_eqt_bld_2,,
lab_eqt_bld_dscl_hed,hfa_lab_equipment_supplies_and_testing,,descriptive,"<div style=""background-color:#fbd0c1; padding:5px"">Scale for blood collection</div>",,,,,,,[lab_eqt_bld_dscl] >= 1,,,,,,
lab_eqt_bld_dscl_num,hfa_lab_equipment_supplies_and_testing,,text,How many scales for blood collection are <b>available</b>?,,,integer,-1,50,,[lab_eqt_bld_dscl] >= 1,,,,,,
lab_eqt_bld_dscl_fc,hfa_lab_equipment_supplies_and_testing,,text,How many scales for blood collection are <b>functional</b>?,,,integer,-1,50,,[lab_eqt_bld_dscl] >= 1,,,,,,
lab_eqt_lab_hed,hfa_lab_equipment_supplies_and_testing,,descriptive,"<div style=""background-color:#82cdbf; padding:5px"">Laboratory supplies: Does the facility have ...</div>",,,,,,,[lab_gn_avl] = '1',,,,,,
lab_eqt_lab_mics,hfa_lab_equipment_supplies_and_testing,,radio,Compound microscope*,"1, Available today and no stockout in last 4 weeks | 3, Available today, but stockout in last 4 weeks | 0, Not available today",,,,,,[lab_gn_avl] = '1',y,,,lab_eqt_lab,,
lab_eqt_lab_oil,hfa_lab_equipment_supplies_and_testing,,radio,Immersion oil,"1, Available today and no stockout in last 4 weeks | 3, Available today, but stockout in last 4 weeks | 0, Not available today",,,,,,[lab_gn_avl] = '1',y,,,lab_eqt_lab,,
lab_eqt_lab_rod,hfa_lab_equipment_supplies_and_testing,,radio,Glass rods,"1, Available today and no stockout in last 4 weeks | 3, Available today, but stockout in last 4 weeks | 0, Not available today",,,,,,[lab_gn_avl] = '1',y,,,lab_eqt_lab,,
lab_eqt_lab_tnk,hfa_lab_equipment_supplies_and_testing,,radio,Sink or staining tank*,"1, Available today and no stockout in last 4 weeks | 3, Available today, but stockout in last 4 weeks | 0, Not available today",,,,,,[lab_gn_avl] = '1',y,,,lab_eqt_lab,,
lab_eqt_lab_cy,hfa_lab_equipment_supplies_and_testing,,radio,"Measuring cylinder, polypropylene","1, Available today and no stockout in last 4 weeks | 3, Available today, but stockout in last 4 weeks | 0, Not available today",,,,,,[lab_gn_avl] = '1',y,,,lab_eqt_lab,,
lab_eqt_lab_bot,hfa_lab_equipment_supplies_and_testing,,radio,Wash bottle,"1, Available today and no stockout in last 4 weeks | 3, Available today, but stockout in last 4 weeks | 0, Not available today",,,,,,[lab_gn_avl] = '1',y,,,lab_eqt_lab,,
lab_eqt_lab_h2obot,hfa_lab_equipment_supplies_and_testing,,radio,Bottle with buffered water,"1, Available today and no stockout in last 4 weeks | 3, Available today, but stockout in last 4 weeks | 0, Not available today",,,,,,[lab_gn_avl] = '1',y,,,lab_eqt_lab,,
lab_eqt_lab_bld_bot_1,hfa_lab_equipment_supplies_and_testing,,radio,Blood culture bottle (adult),"1, Available today and no stockout in last 4 weeks | 3, Available today, but stockout in last 4 weeks | 0, Not available today",,,,,,[lab_gn_avl] = '1',y,,,lab_eqt_lab,,
lab_eqt_lab_bld_bot_2,hfa_lab_equipment_supplies_and_testing,,radio,Blood culture bottle (pediatric),"1, Available today and no stockout in last 4 weeks | 3, Available today, but stockout in last 4 weeks | 0, Not available today",,,,,,[lab_gn_avl] = '1',y,,,lab_eqt_lab,,
lab_eqt_lab_tm,hfa_lab_equipment_supplies_and_testing,,radio,Timer clock with alarm*,"1, Available today and no stockout in last 4 weeks | 3, Available today, but stockout in last 4 weeks | 0, Not available today",,,,,,[lab_gn_avl] = '1',y,,,lab_eqt_lab,,
lab_eqt_lab_dry,hfa_lab_equipment_supplies_and_testing,,radio,Rack for drying slides,"1, Available today and no stockout in last 4 weeks | 3, Available today, but stockout in last 4 weeks | 0, Not available today",,,,,,[lab_gn_avl] = '1',y,,,lab_eqt_lab,,
lab_eqt_lab_gstan,hfa_lab_equipment_supplies_and_testing,,radio,Giemsa stain,"1, Available today and no stockout in last 4 weeks | 3, Available today, but stockout in last 4 weeks | 0, Not available today",,,,,,[lab_gn_avl] = '1',y,,,lab_eqt_lab,,
lab_eqt_lab_wstan,hfa_lab_equipment_supplies_and_testing,,radio,Wright stain/Eosin,"1, Available today and no stockout in last 4 weeks | 3, Available today, but stockout in last 4 weeks | 0, Not available today",,,,,,[lab_gn_avl] = '1',y,,,lab_eqt_lab,,
lab_eqt_lab_filt,hfa_lab_equipment_supplies_and_testing,,radio,Funnel and filter paper,"1, Available today and no stockout in last 4 weeks | 3, Available today, but stockout in last 4 weeks | 0, Not available today",,,,,,[lab_gn_avl] = '1',y,,,lab_eqt_lab,,
lab_eqt_lab_methn,hfa_lab_equipment_supplies_and_testing,,radio,Methanol,"1, Available today and no stockout in last 4 weeks | 3, Available today, but stockout in last 4 weeks | 0, Not available today",,,,,,[lab_gn_avl] = '1',y,,,lab_eqt_lab,,
lab_eqt_lab_refr,hfa_lab_equipment_supplies_and_testing,,radio,Refrigerator for laboratory supplies*,"1, Available today and no stockout in last 4 weeks | 3, Available today, but stockout in last 4 weeks | 0, Not available today",,,,,,[lab_gn_avl] = '1',y,,,lab_eqt_lab,,
lab_eqt_lab_frz,hfa_lab_equipment_supplies_and_testing,,radio,Freezer*,"1, Available today and no stockout in last 4 weeks | 3, Available today, but stockout in last 4 weeks | 0, Not available today","Write the temperature for the freezer(s) in Celsius. If unknown, enter <b>99</b> in that space.",,,,,[lab_gn_avl] = '1',y,,,lab_eqt_lab,,
lab_eqt_lab_bin,hfa_lab_equipment_supplies_and_testing,,radio,Glass containers with lids,"1, Available today and no stockout in last 4 weeks | 3, Available today, but stockout in last 4 weeks | 0, Not available today",,,,,,[lab_gn_avl] = '1',y,,,lab_eqt_lab,,
lab_eqt_lab_cnt,hfa_lab_equipment_supplies_and_testing,,radio,Counting chamber (differential counter)*,"1, Available today and no stockout in last 4 weeks | 3, Available today, but stockout in last 4 weeks | 0, Not available today",,,,,,[lab_gn_avl] = '1',y,,,lab_eqt_lab,,
lab_eqt_lab_pipe_5,hfa_lab_equipment_supplies_and_testing,,radio,"Pipette, 5ml","1, Available today and no stockout in last 4 weeks | 3, Available today, but stockout in last 4 weeks | 0, Not available today",,,,,,[lab_gn_avl] = '1',y,,,lab_eqt_lab,,
lab_eqt_lab_pipe_1,hfa_lab_equipment_supplies_and_testing,,radio,"Pipette, graduated 1.0ml","1, Available today and no stockout in last 4 weeks | 3, Available today, but stockout in last 4 weeks | 0, Not available today",,,,,,[lab_gn_avl] = '1',y,,,lab_eqt_lab,,
lab_eqt_lab_pipe,hfa_lab_equipment_supplies_and_testing,,radio,Dropping pipette,"1, Available today and no stockout in last 4 weeks | 3, Available today, but stockout in last 4 weeks | 0, Not available today",,,,,,[lab_gn_avl] = '1',y,,,lab_eqt_lab,,
lab_eqt_lab_slip,hfa_lab_equipment_supplies_and_testing,,radio,Cover slips,"1, Available today and no stockout in last 4 weeks | 3, Available today, but stockout in last 4 weeks | 0, Not available today",,,,,,[lab_gn_avl] = '1',y,,,lab_eqt_lab,,
lab_eqt_lab_petr,hfa_lab_equipment_supplies_and_testing,,radio,Petri dishes,"1, Available today and no stockout in last 4 weeks | 3, Available today, but stockout in last 4 weeks | 0, Not available today",,,,,,[lab_gn_avl] = '1',y,,,lab_eqt_lab,,
lab_eqt_lab_medi,hfa_lab_equipment_supplies_and_testing,,radio,Culture media,"1, Available today and no stockout in last 4 weeks | 3, Available today, but stockout in last 4 weeks | 0, Not available today",,,,,,[lab_gn_avl] = '1',y,,,lab_eqt_lab,,
lab_eqt_lab_kdn,hfa_lab_equipment_supplies_and_testing,,radio,Kidney dishes,"1, Available today and no stockout in last 4 weeks | 3, Available today, but stockout in last 4 weeks | 0, Not available today",,,,,,[lab_gn_avl] = '1',y,,,lab_eqt_lab,,
lab_eqt_lab_ts,hfa_lab_equipment_supplies_and_testing,,radio,Tally counter*,"1, Available today and no stockout in last 4 weeks | 3, Available today, but stockout in last 4 weeks | 0, Not available today",,,,,,[lab_gn_avl] = '1',y,,,lab_eqt_lab,,
lab_eqt_lab_hbm,hfa_lab_equipment_supplies_and_testing,,radio,Hemoglobinometer*,"1, Available today and no stockout in last 4 weeks | 3, Available today, but stockout in last 4 weeks | 0, Not available today",,,,,,[lab_gn_avl] = '1',y,,,lab_eqt_lab,,
lab_eqt_lab_hcl,hfa_lab_equipment_supplies_and_testing,,radio,Hydrochloric acid solution,"1, Available today and no stockout in last 4 weeks | 3, Available today, but stockout in last 4 weeks | 0, Not available today",,,,,,[lab_gn_avl] = '1',y,,,lab_eqt_lab,,
lab_eqt_lab_spec,hfa_lab_equipment_supplies_and_testing,,radio,"Spectrophotometer (e.g. symex, screenplus)*","1, Available today and no stockout in last 4 weeks | 3, Available today, but stockout in last 4 weeks | 0, Not available today",,,,,,[lab_gn_avl] = '1',y,,,lab_eqt_lab,,
lab_eqt_lab_cntfg,hfa_lab_equipment_supplies_and_testing,,radio,Microhematocrit centrifuge (manual or electric)*,"1, Available today and no stockout in last 4 weeks | 3, Available today, but stockout in last 4 weeks | 0, Not available today",,,,,,[lab_gn_avl] = '1',y,,,lab_eqt_lab,,
lab_eqt_lab_dscl,hfa_lab_equipment_supplies_and_testing,,radio,Balance for weighing reagents*,"1, Available today and no stockout in last 4 weeks | 3, Available today, but stockout in last 4 weeks | 0, Not available today",,,,,,[lab_gn_avl] = '1',y,,,lab_eqt_lab,,
lab_eqt_lab_tub,hfa_lab_equipment_supplies_and_testing,,radio,"Heparinized capillary tubes, 75mm x 1.5mm","1, Available today and no stockout in last 4 weeks | 3, Available today, but stockout in last 4 weeks | 0, Not available today",,,,,,[lab_gn_avl] = '1',y,,,lab_eqt_lab,,
lab_eqt_lab_ethn,hfa_lab_equipment_supplies_and_testing,,radio,Ethanol,"1, Available today and no stockout in last 4 weeks | 3, Available today, but stockout in last 4 weeks | 0, Not available today",,,,,,[lab_gn_avl] = '1',y,,,lab_eqt_lab,,
lab_eqt_lab_bkr,hfa_lab_equipment_supplies_and_testing,,radio,Beakers,"1, Available today and no stockout in last 4 weeks | 3, Available today, but stockout in last 4 weeks | 0, Not available today",,,,,,[lab_gn_avl] = '1',y,,,lab_eqt_lab,,
lab_eqt_lab_iod,hfa_lab_equipment_supplies_and_testing,,radio,Lugol's iodine solution,"1, Available today and no stockout in last 4 weeks | 3, Available today, but stockout in last 4 weeks | 0, Not available today",,,,,,[lab_gn_avl] = '1',y,,,lab_eqt_lab,,
lab_eqt_lab_cd4,hfa_lab_equipment_supplies_and_testing,,radio,CD4 machine*,"1, Available today and no stockout in last 4 weeks | 3, Available today, but stockout in last 4 weeks | 0, Not available today",,,,,,[lab_gn_avl] = '1',y,,,lab_eqt_lab,,
lab_eqt_lab_strl,hfa_lab_equipment_supplies_and_testing,,radio,Sterile picks/loops,"1, Available today and no stockout in last 4 weeks | 3, Available today, but stockout in last 4 weeks | 0, Not available today",,,,,,[lab_gn_avl] = '1',y,,,lab_eqt_lab,,
lab_eqt_lab_mics_hed,hfa_lab_equipment_supplies_and_testing,,descriptive,"<div style=""background-color:#fbd0c1; padding:5px"">Compound microscope</div>",,,,,,,[lab_eqt_lab_mics] >= '1',,,,,,
lab_eqt_lab_mics_num,hfa_lab_equipment_supplies_and_testing,,text,How many compound microscopes are <b>available</b>?,,,integer,-1,50,,[lab_eqt_lab_mics] >= '1',,,,,,
lab_eqt_lab_mics_fc,hfa_lab_equipment_supplies_and_testing,,text,How many compound microscopes are <b>functional</b>?,,,integer,-1,50,,[lab_eqt_lab_mics] >= '1',,,,,,
lab_eqt_lab_tnk_hed,hfa_lab_equipment_supplies_and_testing,,descriptive,"<div style=""background-color:#fbd0c1; padding:5px"">Sink or staining tank</div>",,,,,,,[lab_eqt_lab_tnk] >= '1',,,,,,
lab_eqt_lab_tnk_num,hfa_lab_equipment_supplies_and_testing,,text,How many sinks or staining tanks are <b>available</b>?,,,integer,-1,50,,[lab_eqt_lab_tnk] >= '1',,,,,,
lab_eqt_lab_tnk_fc,hfa_lab_equipment_supplies_and_testing,,text,How many sinks or staining tanks are <b>functional</b>?,,,integer,-1,50,,[lab_eqt_lab_tnk] >= '1',,,,,,
lab_eqt_lab_tm_hed,hfa_lab_equipment_supplies_and_testing,,descriptive,"<div style=""background-color:#fbd0c1; padding:5px"">Timer clock with alarm</div>",,,,,,,[lab_eqt_lab_tm] >= '1',,,,,,
lab_eqt_lab_tm_num,hfa_lab_equipment_supplies_and_testing,,text,How many timer clocks with alarms are <b>available</b>?,,,integer,-1,50,,[lab_eqt_lab_tm] >= '1',,,,,,
lab_eqt_lab_tm_fc,hfa_lab_equipment_supplies_and_testing,,text,How many timer clocks with alarms are <b>functional</b>?,,,integer,-1,50,,[lab_eqt_lab_tm] >= '1',,,,,,
lab_eqt_lab_refr_hed,hfa_lab_equipment_supplies_and_testing,,descriptive,"<div style=""background-color:#fbd0c1; padding:5px"">Refrigerator for laboratory supplies</div>",,,,,,,[lab_eqt_lab_refr] >= '1',,,,,,
lab_eqt_lab_refr_num,hfa_lab_equipment_supplies_and_testing,,text,How many refrigerators for laboratory supplies are <b>available</b>?,,,integer,-1,50,,[lab_eqt_lab_refr] >= '1',,,,,,
lab_eqt_lab_refr_fc,hfa_lab_equipment_supplies_and_testing,,text,How many refrigerators for laboratory supplies are <b>functional</b>?,,,integer,-1,50,,[lab_eqt_lab_refr] >= '1',,,,,,
lab_eqt_lab_refr_typ,hfa_lab_equipment_supplies_and_testing,,checkbox,Which type of refrigerators are available?,"1, Clean | 2, Dirty | 3, Clean and Dirty combined | 9, Unknown","Select all that apply. A dirty refrigerator would include items that contain bacteria, used agar plates, anything that would be fine to contaminate with bacteria, etc. A clean refrigerator would include prepared media, agar plates, reagents, etc.",,,,,[lab_eqt_lab_refr] >= '1',,,,,,
lab_eqt_lab_frz_hed,hfa_lab_equipment_supplies_and_testing,,descriptive,"<div style=""background-color:#fbd0c1; padding:5px"">Freezer for laboratory supplies</div>",,,,,,,[lab_eqt_lab_frz] >= '1',,,,,,
lab_eqt_lab_frz_num,hfa_lab_equipment_supplies_and_testing,,text,How many freezers for laboratory supplies are <b>available</b>?,,,integer,-1,50,,[lab_eqt_lab_frz] >= '1',,,,,,
lab_eqt_lab_frz_fc,hfa_lab_equipment_supplies_and_testing,,text,How many freezers for laboratory supplies are <b>functional</b>?,,,integer,-1,50,,[lab_eqt_lab_frz] >= '1',,,,,,
lab_eqt_lab_frz_tmp_1,hfa_lab_equipment_supplies_and_testing,,text,Temperature (°C) of Freezer #1:,,"Write the temperature for the freezer in Celsius. If unknown, enter <b>99</b>.",integer,-100,99,,[lab_eqt_lab_frz_num] >= 1,,,,,,
lab_eqt_lab_frz_tmp_2,hfa_lab_equipment_supplies_and_testing,,text,Temperature (°C) of Freezer #2:,,"Write the temperature for the freezer in Celsius. If unknown, enter <b>99</b>.",integer,-100,99,,[lab_eqt_lab_frz_num] >= 2,,,,,,
lab_eqt_lab_frz_tmp_3,hfa_lab_equipment_supplies_and_testing,,text,Temperature (°C) of Freezer #3:,,"Write the temperature for the freezer in Celsius. If unknown, enter <b>99</b>.",integer,-100,99,,[lab_eqt_lab_frz_num] >= 3,,,,,,
lab_eqt_lab_frz_tmp_4,hfa_lab_equipment_supplies_and_testing,,text,Temperature (°C) of Freezer #4:,,"Write the temperature for the freezer in Celsius. If unknown, enter <b>99</b>.",integer,-100,99,,[lab_eqt_lab_frz_num] >= 4,,,,,,
lab_eqt_lab_frz_tmp_5,hfa_lab_equipment_supplies_and_testing,,text,Temperature (°C) of Freezer #5:,,"Write the temperature for the freezer in Celsius. If unknown, enter <b>99</b>.",integer,-100,99,,[lab_eqt_lab_frz_num] >= 5,,,,,,
lab_eqt_lab_cnt_hed,hfa_lab_equipment_supplies_and_testing,,descriptive,"<div style=""background-color:#fbd0c1; padding:5px"">Counting chamber (differential counter)</div>",,,,,,,[lab_eqt_lab_cnt] >= '1',,,,,,
lab_eqt_lab_cnt_num,hfa_lab_equipment_supplies_and_testing,,text,How many counting chambers are <b>available</b>?,,,integer,-1,50,,[lab_eqt_lab_cnt] >= '1',,,,,,
lab_eqt_lab_cnt_fc,hfa_lab_equipment_supplies_and_testing,,text,How many counting chambers are <b>functional</b>?,,,integer,-1,50,,[lab_eqt_lab_cnt] >= '1',,,,,,
lab_eqt_lab_ts_hed,hfa_lab_equipment_supplies_and_testing,,descriptive,"<div style=""background-color:#fbd0c1; padding:5px"">Tally counter</div>",,,,,,,[lab_eqt_lab_ts] >= '1',,,,,,
lab_eqt_lab_ts_num,hfa_lab_equipment_supplies_and_testing,,text,How many tally counters are <b>available</b>?,,,integer,-1,50,,[lab_eqt_lab_ts] >= '1',,,,,,
lab_eqt_lab_ts_fc,hfa_lab_equipment_supplies_and_testing,,text,How many tally counters are <b>functional</b>?,,,integer,-1,50,,[lab_eqt_lab_ts] >= '1',,,,,,
lab_eqt_lab_hbm_hed,hfa_lab_equipment_supplies_and_testing,,descriptive,"<div style=""background-color:#fbd0c1; padding:5px"">Hemoglobinometer</div>",,,,,,,[lab_eqt_lab_hbm] >= 1,,,,,,
lab_eqt_lab_hbm_num,hfa_lab_equipment_supplies_and_testing,,text,How many hemoglobinometers are <b>available</b>?,,,integer,-1,50,,[lab_eqt_lab_hbm] >= 1,,,,,,
lab_eqt_lab_hbm_fc,hfa_lab_equipment_supplies_and_testing,,text,How many hemoglobinometers are <b>functional</b>?,,,integer,-1,50,,[lab_eqt_lab_hbm] >= 1,,,,,,
lab_eqt_lab_hbm_typ,hfa_lab_equipment_supplies_and_testing,,text,Who is the hemoglobinometer manufacturer?,,,,,,,[lab_eqt_lab_hbm] >= 1,,,,,,
lab_eqt_lab_spec_hed,hfa_lab_equipment_supplies_and_testing,,descriptive,"<div style=""background-color:#fbd0c1; padding:5px"">Spectrophotometer (e.g. symex, screenplus)</div>",,,,,,,[lab_eqt_lab_spec] >= '1',,,,,,
lab_eqt_lab_spec_num,hfa_lab_equipment_supplies_and_testing,,text,How many spectrophotometers are <b>available</b>?,,,integer,-1,50,,[lab_eqt_lab_spec] >= '1',,,,,,
lab_eqt_lab_spec_fc,hfa_lab_equipment_supplies_and_testing,,text,How many spectrophotometers are <b>functional</b>?,,,integer,-1,50,,[lab_eqt_lab_spec] >= '1',,,,,,
lab_eqt_lab_cntfg_hed,hfa_lab_equipment_supplies_and_testing,,descriptive,"<div style=""background-color:#fbd0c1; padding:5px"">Microhematocrit centrifuge (manual or electric)</div>",,,,,,,[lab_eqt_lab_cntfg] >= 1,,,,,,
lab_eqt_lab_cntfg_num,hfa_lab_equipment_supplies_and_testing,,text,How many microhematocrit centrifuges (manual or electric) are <b>available</b>?,,,integer,-1,50,,[lab_eqt_lab_cntfg] >= 1,,,,,,
lab_eqt_lab_cntfg_fc,hfa_lab_equipment_supplies_and_testing,,text,How many microhematocrit centrifuges (manual or electric) are <b>functional</b>?,,,integer,-1,50,,[lab_eqt_lab_cntfg] >= 1,,,,,,
lab_eqt_lab_dscl_hed,hfa_lab_equipment_supplies_and_testing,,descriptive,"<div style=""background-color:#fbd0c1; padding:5px"">Balance for weighing reagents</div>",,,,,,,[lab_eqt_lab_dscl] >= 1,,,,,,
lab_eqt_lab_dscl_num,hfa_lab_equipment_supplies_and_testing,,text,How many balances for weighing reagents are <b>available</b>?,,,integer,-1,50,,[lab_eqt_lab_dscl] >= 1,,,,,,
lab_eqt_lab_dscl_fc,hfa_lab_equipment_supplies_and_testing,,text,How many balances for weighing reagents are <b>functional</b>?,,,integer,-1,50,,[lab_eqt_lab_dscl] >= 1,,,,,,
lab_eqt_lab_cd4_hed,hfa_lab_equipment_supplies_and_testing,,descriptive,"<div style=""background-color:#fbd0c1; padding:5px"">CD4 machine</div>",,,,,,,[lab_eqt_lab_cd4] >= 1,,,,,,
lab_eqt_lab_cd4_num,hfa_lab_equipment_supplies_and_testing,,text,How many CD4 machines are <b>available</b>?,,,integer,-1,50,,[lab_eqt_lab_cd4] >= 1,,,,,,
lab_eqt_lab_cd4_fc,hfa_lab_equipment_supplies_and_testing,,text,How many CD4 machines are <b>functional</b>?,,,integer,-1,50,,[lab_eqt_lab_cd4] >= 1,,,,,,
lab_gn_tst_hed,hfa_lab_equipment_supplies_and_testing,,descriptive,"<div class=""h4"" style=""background-color:#82cdbf;padding:10px"">Laboratory Testing</div>",,,,,,,[lab_gn_avl] = '1',,,,,,
lab_gn_ins_2,hfa_lab_equipment_supplies_and_testing,,descriptive,"<p style=""font-weight:normal""><i><b>INSTRUCTIONS:</b> The following questions will ask about the availability of various lab supplies. For the following questions you should first assess if the test can be performed today. If it cannot be performed at all, select <b>“not available today”</b>. If the test is not available, but usually available, select <b>“usually available, but not today”</b>. If the test cannot be performed at the facility, but can be outsourced, select <b>“not available, but can be outsourced”</b>. <br><b>Prompt:</b> ""Now I’m going to ask you some questions about the laboratory testing capabilities"".<br><br><b>Note:</b> Outsourcing needs to be a formal arrangement between the facility and another lab. The facility should be responsible for transporting patient samples and receiving results.</i></p>",,,,,,,[lab_gn_avl] = '1',,,,,,
lab_gn_tst_bio_hed,hfa_lab_equipment_supplies_and_testing,,descriptive,"<div style=""background-color:#fbd0c1; padding:5px"">Which of the following biochemistry tests can be performed?</div>",,,,,,,[lab_gn_avl] = '1',,,,,,
lab_gn_tst_bio_glu,hfa_lab_equipment_supplies_and_testing,,radio,Blood glucose (e.g. glucometer and test strips),"1, Available today | 2, Usually available, but not today | 3, Not available, but can be outsourced | 0, Not available today",,,,,,[lab_gn_avl] = '1',y,,,lab_gn_tst_bio,,
lab_gn_tst_bio_crp,hfa_lab_equipment_supplies_and_testing,,radio,C-reactive protein (CRP),"1, Available today | 2, Usually available, but not today | 3, Not available, but can be outsourced | 0, Not available today",,,,,,[lab_gn_avl] = '1',y,,,lab_gn_tst_bio,,
lab_gn_tst_bio_elect,hfa_lab_equipment_supplies_and_testing,,radio,Electrolytes,"1, Available today | 2, Usually available, but not today | 3, Not available, but can be outsourced | 0, Not available today",,,,,,[lab_gn_avl] = '1',y,,,lab_gn_tst_bio,,
lab_gn_tst_bio_urea,hfa_lab_equipment_supplies_and_testing,,radio,Urea,"1, Available today | 2, Usually available, but not today | 3, Not available, but can be outsourced | 0, Not available today",,,,,,[lab_gn_avl] = '1',y,,,lab_gn_tst_bio,,
lab_gn_tst_bio_calc,hfa_lab_equipment_supplies_and_testing,,radio,Calcium,"1, Available today | 2, Usually available, but not today | 3, Not available, but can be outsourced | 0, Not available today",,,,,,[lab_gn_avl] = '1',y,,,lab_gn_tst_bio,,
lab_gn_tst_bio_magn,hfa_lab_equipment_supplies_and_testing,,radio,Magnesium,"1, Available today | 2, Usually available, but not today | 3, Not available, but can be outsourced | 0, Not available today",,,,,,[lab_gn_avl] = '1',y,,,lab_gn_tst_bio,,
lab_gn_tst_bio_crea,hfa_lab_equipment_supplies_and_testing,,radio,Creatinine,"1, Available today | 2, Usually available, but not today | 3, Not available, but can be outsourced | 0, Not available today",,,,,,[lab_gn_avl] = '1',y,,,lab_gn_tst_bio,,
lab_gn_tst_bio_bil_1,hfa_lab_equipment_supplies_and_testing,,radio,Serum bilirubin (conjugated),"1, Available today | 2, Usually available, but not today | 3, Not available, but can be outsourced | 0, Not available today",,,,,,[lab_gn_avl] = '1',y,,,lab_gn_tst_bio,,
lab_gn_tst_bio_bil_2,hfa_lab_equipment_supplies_and_testing,,radio,Serum bilirubin (unconjugated),"1, Available today | 2, Usually available, but not today | 3, Not available, but can be outsourced | 0, Not available today",,,,,,[lab_gn_avl] = '1',y,,,lab_gn_tst_bio,,
lab_gn_tst_bio_csf,hfa_lab_equipment_supplies_and_testing,,radio,Cerebrospinal fluid analysis (glucose and protein),"1, Available today | 2, Usually available, but not today | 3, Not available, but can be outsourced | 0, Not available today",,,,,,[lab_gn_avl] = '1',y,,,lab_gn_tst_bio,,
lab_gn_tst_bio_liv,hfa_lab_equipment_supplies_and_testing,,radio,Liver function testing,"1, Available today | 2, Usually available, but not today | 3, Not available, but can be outsourced | 0, Not available today",,,,,,[lab_gn_avl] = '1',y,,,lab_gn_tst_bio,,
lab_gn_tst_bio_bld,hfa_lab_equipment_supplies_and_testing,,radio,Blood gas analysis,"1, Available today | 2, Usually available, but not today | 3, Not available, but can be outsourced | 0, Not available today",,,,,,[lab_gn_avl] = '1',y,,,lab_gn_tst_bio,,
lab_gn_tst_bio_urd,hfa_lab_equipment_supplies_and_testing,,radio,"Urine dipstick for urinalysis that measures: pH, proteins, glucose, ketones, blood nitrates, leucocytes","1, Available today | 2, Usually available, but not today | 3, Not available, but can be outsourced | 0, Not available today",,,,,,[lab_gn_avl] = '1',y,,,lab_gn_tst_bio,,
lab_gn_tst_bio_g6pd,hfa_lab_equipment_supplies_and_testing,,radio,Glucose 6-phosphate dehydrogenase deficiency (G6PD) screening,"1, Available today | 2, Usually available, but not today | 3, Not available, but can be outsourced | 0, Not available today",,,,,,[lab_gn_avl] = '1',y,,,lab_gn_tst_bio,,
lab_gn_tst_bio_alb,hfa_lab_equipment_supplies_and_testing,,radio,Albumin,"1, Available today | 2, Usually available, but not today | 3, Not available, but can be outsourced | 0, Not available today",,,,,,[lab_gn_avl] = '1',y,,,lab_gn_tst_bio,,
lab_gn_tst_hem_hed,hfa_lab_equipment_supplies_and_testing,,descriptive,"<div style=""background-color:#fbd0c1; padding:5px"">Which of the following hematology tests can be performed?</div>",,,,,,,[lab_gn_avl] = '1',,,,,,
lab_gn_tst_hem_coag,hfa_lab_equipment_supplies_and_testing,,radio,Coagulation profile,"1, Available today | 2, Usually available, but not today | 3, Not available, but can be outsourced | 0, Not available today",,,,,,[lab_gn_avl] = '1',y,,,lab_gn_tst_hem,,
lab_gn_tst_hem_fbc,hfa_lab_equipment_supplies_and_testing,,radio,Full blood count (FBC) / Full blood examination (FBE),"1, Available today | 2, Usually available, but not today | 3, Not available, but can be outsourced | 0, Not available today",,,,,,[lab_gn_avl] = '1',y,,,lab_gn_tst_hem,,
lab_gn_tst_hem_hb,hfa_lab_equipment_supplies_and_testing,,radio,Hemoglobin (hemocue) or hematocrit testing (erythrocyte volume fraction),"1, Available today | 2, Usually available, but not today | 3, Not available, but can be outsourced | 0, Not available today",,,,,,[lab_gn_avl] = '1',y,,,lab_gn_tst_hem,,
lab_gn_tst_hem_meth,hfa_lab_equipment_supplies_and_testing,,radio,What method is used for the Full blood count (FBC)/Full blood examination (FBE)?,"1, Differential Microscopy | 2, Hemolyzer | 99, Other <i>(please specify)</i>",,,,,,[lab_gn_tst_hem_fbc] = '1' or [lab_gn_tst_hem_fbc] = '2',,,,,,
lab_gn_tst_hem_othmeth,hfa_lab_equipment_supplies_and_testing,,text,Please specify other method:,,,,,,,[lab_gn_tst_hem_meth] = '99',,,,,,
lab_gn_tst_mic_hed,hfa_lab_equipment_supplies_and_testing,,descriptive,"<div style=""background-color:#fbd0c1; padding:5px"">Which of the following microbiology tests can be performed?</div>",,,,,,,[lab_gn_avl] = '1',,,,,,
lab_gn_tst_mic_bld,hfa_lab_equipment_supplies_and_testing,,radio,Culture on samples of blood,"1, Available today | 2, Usually available, but not today | 3, Not available, but can be outsourced | 0, Not available today",,,,,,[lab_gn_avl] = '1',y,,,lab_gn_tst_mic,,
lab_gn_tst_mic_bld_ast,hfa_lab_equipment_supplies_and_testing,,radio,Sensitivity on samples of blood,"1, Available today | 2, Usually available, but not today | 3, Not available, but can be outsourced | 0, Not available today",,,,,,[lab_gn_avl] = '1',y,,,lab_gn_tst_mic,,
lab_gn_tst_mic_pus,hfa_lab_equipment_supplies_and_testing,,radio,Culture on samples of pus,"1, Available today | 2, Usually available, but not today | 3, Not available, but can be outsourced | 0, Not available today",,,,,,[lab_gn_avl] = '1',y,,,lab_gn_tst_mic,,
lab_gn_tst_mic_pus_ast,hfa_lab_equipment_supplies_and_testing,,radio,Sensitivity on samples of pus,"1, Available today | 2, Usually available, but not today | 3, Not available, but can be outsourced | 0, Not available today",,,,,,[lab_gn_avl] = '1',y,,,lab_gn_tst_mic,,
lab_gn_tst_mic_csf,hfa_lab_equipment_supplies_and_testing,,radio,Culture on samples of cerebrospinal fluid,"1, Available today | 2, Usually available, but not today | 3, Not available, but can be outsourced | 0, Not available today",,,,,,[lab_gn_avl] = '1',y,,,lab_gn_tst_mic,,
lab_gn_tst_mic_csf_ast,hfa_lab_equipment_supplies_and_testing,,radio,Sensitivity on samples of cerebrospinal fluid,"1, Available today | 2, Usually available, but not today | 3, Not available, but can be outsourced | 0, Not available today",,,,,,[lab_gn_avl] = '1',y,,,lab_gn_tst_mic,,
lab_gn_tst_mic_ur,hfa_lab_equipment_supplies_and_testing,,radio,Culture on samples of urine,"1, Available today | 2, Usually available, but not today | 3, Not available, but can be outsourced | 0, Not available today",,,,,,[lab_gn_avl] = '1',y,,,lab_gn_tst_mic,,
lab_gn_tst_mic_ur_ast,hfa_lab_equipment_supplies_and_testing,,radio,Sensitivity on samples of urine,"1, Available today | 2, Usually available, but not today | 3, Not available, but can be outsourced | 0, Not available today",,,,,,[lab_gn_avl] = '1',y,,,lab_gn_tst_mic,,
lab_gn_tst_mic_cnt,hfa_lab_equipment_supplies_and_testing,,radio,Cerebrospinal cell count,"1, Available today | 2, Usually available, but not today | 3, Not available, but can be outsourced | 0, Not available today",,,,,,[lab_gn_avl] = '1',y,,,lab_gn_tst_mic,,
lab_gn_tst_mic_stan,hfa_lab_equipment_supplies_and_testing,,radio,Gram staining,"1, Available today | 2, Usually available, but not today | 3, Not available, but can be outsourced | 0, Not available today",,,,,,[lab_gn_avl] = '1',y,,,lab_gn_tst_mic,,
lab_gn_tst_mic_stool,hfa_lab_equipment_supplies_and_testing,,radio,Stool analysis,"1, Available today | 2, Usually available, but not today | 3, Not available, but can be outsourced | 0, Not available today",,,,,,[lab_gn_avl] = '1',y,,,lab_gn_tst_mic,,
lab_gn_tst_mic_gbs,hfa_lab_equipment_supplies_and_testing,,radio,Group B Strep (GBS) screening,"1, Available today | 2, Usually available, but not today | 3, Not available, but can be outsourced | 0, Not available today",,,,,,[lab_gn_avl] = '1',y,,,lab_gn_tst_mic,,
lab_gn_tst_mic_ast_gui,hfa_lab_equipment_supplies_and_testing,,yesno,Is there a protocol for reporting antibiogram/antibiotic susceptibility testing? ,,,,,,,[lab_gn_tst_mic_bld_ast] = '1' or [lab_gn_tst_mic_bld_ast] = '2' or [lab_gn_tst_mic_pus_ast] = '1' or [lab_gn_tst_mic_pus_ast] = '2' or [lab_gn_tst_mic_csf_ast] = '1' or [lab_gn_tst_mic_csf_ast] = '2' or [lab_gn_tst_mic_ur_ast] = '1' or [lab_gn_tst_mic_ur_ast] = '2',,,,,,
lab_gn_tst_mic_gbs_gui,hfa_lab_equipment_supplies_and_testing,,yesno,Is there a GBS protocol?,,,,,,,[lab_gn_tst_mic_gbs] = '1' or [lab_gn_tst_mic_gbs] = '2',,,,,,
lab_gn_tst_oth_hed,hfa_lab_equipment_supplies_and_testing,,descriptive,"<div style=""background-color:#fbd0c1; padding:5px"">Which of the following other important lab tests can be performed?</div>",,,,,,,[lab_gn_avl] = '1',,,,,,
lab_gn_tst_oth_tb_skn,hfa_lab_equipment_supplies_and_testing,,radio,TB testing (Tuberculin skin testing),"1, Available today | 2, Usually available, but not today | 3, Not available, but can be outsourced | 0, Not available today",,,,,,[lab_gn_avl] = '1',y,,,lab_gn_tst_oth,,
lab_gn_tst_oth_tb_stn,hfa_lab_equipment_supplies_and_testing,,radio,TB testing (Ziehl-Neilsen staining),"1, Available today | 2, Usually available, but not today | 3, Not available, but can be outsourced | 0, Not available today",,,,,,[lab_gn_avl] = '1',y,,,lab_gn_tst_oth,,
lab_gn_tst_oth_tb,hfa_lab_equipment_supplies_and_testing,,radio,TB testing (GeneXpert),"1, Available today | 2, Usually available, but not today | 3, Not available, but can be outsourced | 0, Not available today",,,,,,[lab_gn_avl] = '1',y,,,lab_gn_tst_oth,,
lab_gn_tst_oth_mal,hfa_lab_equipment_supplies_and_testing,,radio,Malaria testing (blood film microscopy or rapid diagnostic tests for neonatal malaria),"1, Available today | 2, Usually available, but not today | 3, Not available, but can be outsourced | 0, Not available today",,,,,,[lab_gn_avl] = '1',y,,,lab_gn_tst_oth,,
lab_gn_tst_gui_hed,hfa_lab_equipment_supplies_and_testing,,descriptive,"<div style=""background-color:#fbd0c1; padding:5px"">GBS Screening Protocol</div>",,,,,,,[lab_gn_tst_mic_gbs_gui] = '1',,,,,,
lab_gn_tst_gui_num,hfa_lab_equipment_supplies_and_testing,,text,Please upload a copy of the GBS screening laboratory protocol used at this facility. This should include a copy of <b>each page</b> in the protocol. How many images of the GBS protocol would you like to upload?,,,integer,1,20,,[lab_gn_tst_mic_gbs_gui] = '1',,,,,,
lab_gn_tst_gui_1,hfa_lab_equipment_supplies_and_testing,,file,GBS screening laboratory protocol image #1,,,,,,,[lab_gn_tst_mic_gbs_gui] = '1',,,,,,
lab_gn_tst_gui_2,hfa_lab_equipment_supplies_and_testing,,file,GBS screening laboratory protocol image #2,,,,,,,[lab_gn_tst_gui_num] >= 2,,,,,,
lab_gn_tst_gui_3,hfa_lab_equipment_supplies_and_testing,,file,GBS screening laboratory protocol image #3,,,,,,,[lab_gn_tst_gui_num] >= 3,,,,,,
lab_gn_tst_gui_4,hfa_lab_equipment_supplies_and_testing,,file,GBS screening laboratory protocol image #4,,,,,,,[lab_gn_tst_gui_num] >= 4,,,,,,
lab_gn_tst_gui_5,hfa_lab_equipment_supplies_and_testing,,file,GBS screening laboratory protocol image #5,,,,,,,[lab_gn_tst_gui_num] >= 5,,,,,,
lab_gn_tst_gui_6,hfa_lab_equipment_supplies_and_testing,,file,GBS screening laboratory protocol image #6,,,,,,,[lab_gn_tst_gui_num] >= 6,,,,,,
lab_gn_tst_gui_7,hfa_lab_equipment_supplies_and_testing,,file,GBS screening laboratory protocol image #7,,,,,,,[lab_gn_tst_gui_num] >= 7,,,,,,
lab_gn_tst_gui_8,hfa_lab_equipment_supplies_and_testing,,file,GBS screening laboratory protocol image #8,,,,,,,[lab_gn_tst_gui_num] >= 8,,,,,,
lab_gn_tst_gui_9,hfa_lab_equipment_supplies_and_testing,,file,GBS screening laboratory protocol image #9,,,,,,,[lab_gn_tst_gui_num] >= 9,,,,,,
lab_gn_tst_gui_10,hfa_lab_equipment_supplies_and_testing,,file,GBS screening laboratory protocol image #10,,,,,,,[lab_gn_tst_gui_num] >= 10,,,,,,
lab_gn_tst_gui_11,hfa_lab_equipment_supplies_and_testing,,file,GBS screening laboratory protocol image #11,,,,,,,[lab_gn_tst_gui_num] >= 11,,,,,,
lab_gn_tst_gui_12,hfa_lab_equipment_supplies_and_testing,,file,GBS screening laboratory protocol image #12,,,,,,,[lab_gn_tst_gui_num] >= 12,,,,,,
lab_gn_tst_gui_13,hfa_lab_equipment_supplies_and_testing,,file,GBS screening laboratory protocol image #13,,,,,,,[lab_gn_tst_gui_num] >= 13,,,,,,
lab_gn_tst_gui_14,hfa_lab_equipment_supplies_and_testing,,file,GBS screening laboratory protocol image #14,,,,,,,[lab_gn_tst_gui_num] >= 14,,,,,,
lab_gn_tst_gui_15,hfa_lab_equipment_supplies_and_testing,,file,GBS screening laboratory protocol image #15,,,,,,,[lab_gn_tst_gui_num] >= 15,,,,,,
lab_gn_tst_gui_16,hfa_lab_equipment_supplies_and_testing,,file,GBS screening laboratory protocol image #16,,,,,,,[lab_gn_tst_gui_num] >= 16,,,,,,
lab_gn_tst_gui_17,hfa_lab_equipment_supplies_and_testing,,file,GBS screening laboratory protocol image #17,,,,,,,[lab_gn_tst_gui_num] >= 17,,,,,,
lab_gn_tst_gui_18,hfa_lab_equipment_supplies_and_testing,,file,GBS screening laboratory protocol image #18,,,,,,,[lab_gn_tst_gui_num] >= 18,,,,,,
lab_gn_tst_gui_19,hfa_lab_equipment_supplies_and_testing,,file,GBS screening laboratory protocol image #19,,,,,,,[lab_gn_tst_gui_num] >= 19,,,,,,
lab_gn_tst_gui_20,hfa_lab_equipment_supplies_and_testing,,file,GBS screening laboratory protocol image #20,,,,,,,[lab_gn_tst_gui_num] >= 20,,,,,,
lab_gn_hed_5,hfa_lab_equipment_supplies_and_testing,,descriptive,"<div style=""background-color:#82cdbf; padding:5px""></div>",,,,,,,,,,,,,
lab_gn_com,hfa_lab_equipment_supplies_and_testing,,notes,Comments:,,,,,,,,,,,,,
lab_cap_hed_1,hfa_lab_capacity_for_microbiology,,descriptive,"<div style=""background-color:#82cdbf; padding:5px""></div>",,,,,,,,,,,,,
lab_cap_ban_1,hfa_lab_capacity_for_microbiology,,descriptive,,,,,,,,,,,,,,
lab_cap_hed_2,hfa_lab_capacity_for_microbiology,,descriptive,"<div class=""h4"" style=""background-color:#82cdbf;padding:10px"">Laboratory Capacity for Microbiology</div>",,,,,,,,,,,,,
lab_cap_ins_1,hfa_lab_capacity_for_microbiology,,descriptive,"<p style=""font-weight:normal""><i><b>INSTRUCTIONS:</b> Direct these questions to the laboratory manager. For some questions, you will need to ask and observe the staff or specific items/spaces at the facility. If a date is unknown, enter 1999/01/01. If a free text variable is unknown and an answer is required, write ""-1"" for numeric fields and ""unknown"" for text fields. If a multiple-choice variable is unknown, select ""unknown"".<br>
<b>Prompt:</b>“I’d like to ask you a few questions and make some observations about the laboratory capacity for microbiology.”</p>",,,,,,,,,,,,,
lab_cap_bld_hed,hfa_lab_capacity_for_microbiology,,descriptive,"<div style=""background-color:#fbd0c1;padding:10px"">Blood culture</i></div>",,,,,,,[lab_gn_tst_mic_bld] = '1' or [lab_gn_tst_mic_bld] = '2',,,,,,
lab_cap_bld_meth,hfa_lab_capacity_for_microbiology,,radio,What laboratory method is used to conduct blood culture?,"1, Manual Methods - In-Laboratory/In-House Produced Blood Culture Bottles | 2, Manual Methods - Locally Produced Blood Culture Bottles | 3, Manual Methods - Pre-prepared/Procured International Blood Culture Bottles | 4, Automated Continuous Systems/Machines | 5, Molecular/Genomic Methods  | 99, Other <i>(specify below)</i>",,,,,,[lab_gn_tst_mic_bld] = '1' or [lab_gn_tst_mic_bld] = '2',,,,,,
lab_cap_bld_othmeth,hfa_lab_capacity_for_microbiology,,text,Please specify other method used for blood culture: ,,,,,,,[lab_cap_bld_meth] = '99',,,,,,
lab_cap_bld_hed_1,hfa_lab_capacity_for_microbiology,,descriptive,"<div style=""background-color:#fbd0c1; padding:5px"">Manual Methods–In-Laboratory/In-House or Locally Produced Blood Culture Bottles</div>",,,,,,,[lab_cap_bld_meth] = '1' or [lab_cap_bld_meth] = '2',,,,,,
lab_cap_bld_mn_bot,hfa_lab_capacity_for_microbiology,,radio,Are plastic or glass blood culture bottles used?,"1, Plastic | 2, Glass",,,,,,[lab_cap_bld_meth] = '1' or [lab_cap_bld_meth] = '2',,,,,,
lab_cap_bld_mn_man,hfa_lab_capacity_for_microbiology,,text,What is the make of the blood culture bottles?,,,,,,,[lab_cap_bld_meth] = '1' or [lab_cap_bld_meth] = '2',,,,,,
lab_cap_bld_mn_medi,hfa_lab_capacity_for_microbiology,,checkbox,What culture media are used to make blood culture bottles?,"1, Thioglycolate Broth | 2, Tryptic Soy Broth | 3, Thiol Broth | 4, Brain-Heart Infusion (BHI) | 5, Columbia Broth | 6, Supplemented Peptone Broth | 7, Hypertonic Medium (Brucella Broth) | 8, Unknown | 99, Other <i>(specify below)</i>",Select all that apply.,,,,,[lab_cap_bld_meth] = '1' or [lab_cap_bld_meth] = '2',,,,,,
lab_cap_bld_mn_othmedi,hfa_lab_capacity_for_microbiology,,text,Please specify other culture media:,,,,,,,[lab_cap_bld_mn_medi(99)] = '1',,,,,,
lab_cap_bld_mn_adi,hfa_lab_capacity_for_microbiology,,checkbox,What culture additives are used to make blood culture bottles?,"1, Sodium-Polyanethole Sulfate (SPS) | 2, Gelatin | 3, Yeast Extract | 4, Saponin | 5, Hemin (X-Factor) | 6, NAD (V-Factor) | 7, Pyridoxine | 8, Para-amino Benzoic Acid | 9, Cysteine | 10, Resins / Charcoal | 11, Unknown | 99, Other <i>(specify below)</i>",Select all that apply.,,,,,[lab_cap_bld_meth] = '1' or [lab_cap_bld_meth] = '2',,,,,,
lab_cap_bld_mn_othadi,hfa_lab_capacity_for_microbiology,,text,Please specify other culture additives:,,,,,,,[lab_cap_bld_mn_adi(99)] = '1',,,,,,
lab_cap_bld_mn_so,hfa_lab_capacity_for_microbiology,,yesno,Did stockouts occur for the blood culture bottles or reagents used in any of these methods in the last 4 weeks?,,,,,,,[lab_cap_bld_meth] = '1' or [lab_cap_bld_meth] = '2',,,,,,
lab_cap_bld_mn_qc,hfa_lab_capacity_for_microbiology,,radio,Are quality controls for the reagents used in the production of the blood culture bottles?,"1, Yes | 0, No | 9, Unknown",,,,,,[lab_cap_bld_meth] = '1' or [lab_cap_bld_meth] = '2',,,,,,
lab_cap_bld_hed_2,hfa_lab_capacity_for_microbiology,,descriptive,"<div style=""background-color:#fbd0c1; padding:5px"">Manual Methods–Pre-prepared/Procured International Blood Culture Bottles</div>",,,,,,,[lab_cap_bld_meth] = '3',,,,,,
lab_cap_bld_prc_man,hfa_lab_capacity_for_microbiology,,radio,What is the make of the Pre-prepared/Procured International Blood Culture Bottles?,"1, Thermo Scientific Signal Blood Culture System | 2, BD BBL™ SEPTI-CHEK™ Blood Culture System | 3, BioMerieux Hemoline Performance Manual Methods Bottle | 99, Other <i>(specify below)</i>",,,,,,[lab_cap_bld_meth] = '3',,,,,,
lab_cap_bld_prc_othman,hfa_lab_capacity_for_microbiology,,text,Please specify other make of the Pre-prepared/Procured International Blood Culture Bottles:,,,,,,,[lab_cap_bld_prc_man] = '99',,,,,,
lab_cap_bld_prc_so,hfa_lab_capacity_for_microbiology,,yesno,Did stockouts occur for the blood culture bottles or reagents used in any of these methods in the last 4 weeks?,,,,,,,[lab_cap_bld_meth] = '3',,,,,,
lab_cap_bld_prc_qc,hfa_lab_capacity_for_microbiology,,radio,Are quality controls used for the pre-prepared/procured blood culture bottles?,"1, Yes | 0, No | 9, Unknown",,,,,,[lab_cap_bld_meth] = '3',,,,,,
lab_cap_bld_hed_3,hfa_lab_capacity_for_microbiology,,descriptive,"<div style=""background-color:#fbd0c1; padding:5px"">Automated Continuous Systems/Machines</div>",,,,,,,[lab_cap_bld_meth] = '4',,,,,,
lab_cap_bld_aut_man,hfa_lab_capacity_for_microbiology,,radio,What is the make of the Automated Continuous Systems/Machines used?,"1, BD Bactec | 2, BioMerieux BacT/Alert | 3, ThermoFisher VersaTREK | 99, Other <i>(specify below)</i>",,,,,,[lab_cap_bld_meth] = '4',,,,,,
lab_cap_bld_aut_othman,hfa_lab_capacity_for_microbiology,,text,Please specify other make of the Automated Continuous Systems/Machines:,,,,,,,[lab_cap_bld_aut_man] = '99',,,,,,
lab_cap_bld_aut_bot,hfa_lab_capacity_for_microbiology,,checkbox,Which BD Bactec Bottles are used for blood culture?,"1, Plus Aerobic F bottle | 2, Lytic 10 Anaerobic F bottle | 3, PEDS Plus F bottle | 99, Other <i>(specify below)</i>",Select all that apply.,,,,,[lab_cap_bld_aut_man] = '1',,,,,,
lab_cap_bld_aut_othbot,hfa_lab_capacity_for_microbiology,,text,Please specify other BD Bactec Bottles used:,,,,,,,[lab_cap_bld_aut_bot(99)] = '1',,,,,,
lab_cap_bld_aut_bot2,hfa_lab_capacity_for_microbiology,,checkbox,Which BioMerieux BacT/Alert Bottles are used for blood culture?,"1, FA Plus (Aerobic) | 2, FN Plus (Anaerobic) | 3, PF Plus (Pediatric) | 99, Other <i>(specify below)</i>",Select all that apply.,,,,,[lab_cap_bld_aut_man] = '2',,,,,,
lab_cap_bld_aut_othbot2,hfa_lab_capacity_for_microbiology,,text,Please specify other BioMerieux BacT/Alert Bottles used:,,,,,,,[lab_cap_bld_aut_bot2(99)] = '1',,,,,,
lab_cap_bld_aut_bot3,hfa_lab_capacity_for_microbiology,,checkbox,Which ThermoFisher VersaTREK Bottles are used for blood culture?,"1, REDOX 1 (Aerobic) | 2, REDOX 2 (Anaerobic) | 99, Other <i>(specify below)</i>",Select all that apply.,,,,,[lab_cap_bld_aut_man] = '3',,,,,,
lab_cap_bld_aut_othbot3,hfa_lab_capacity_for_microbiology,,text,Please specify other ThermoFisher VersaTREK Bottles used:,,,,,,,[lab_cap_bld_aut_bot3(99)] = '1',,,,,,
lab_cap_bld_aut_so,hfa_lab_capacity_for_microbiology,,yesno,Did stockouts occur for the blood culture bottles or reagents used in any of these methods in the last 4 weeks?,,,,,,,[lab_cap_bld_meth] = '4',,,,,,
lab_cap_bld_aut_mod_nam,hfa_lab_capacity_for_microbiology,,text,What is the model name of the machine used?,,,,,,,[lab_cap_bld_meth] = '4',,,,,,
lab_cap_bld_aut_mod_num,hfa_lab_capacity_for_microbiology,,text,What is the model number of the machine used?,,,,,,,[lab_cap_bld_meth] = '4',,,,,,
lab_cap_bld_hed_4,hfa_lab_capacity_for_microbiology,,descriptive,"<div style=""background-color:#fbd0c1; padding:5px"">Molecular/Genomic Methods</div>",,,,,,,[lab_cap_bld_meth] = '5',,,,,,
lab_cap_bld_mol_man,hfa_lab_capacity_for_microbiology,,text,What is the make of the molecular/genomic machine used?,,,,,,,[lab_cap_bld_meth] = '5',,,,,,
lab_cap_bld_mol_mod,hfa_lab_capacity_for_microbiology,,text,What is the model of the molecular/genomic machine used?,,,,,,,[lab_cap_bld_meth] = '5',,,,,,
lab_cap_bld_gui_hed,hfa_lab_capacity_for_microbiology,,descriptive,"<div style=""background-color:#fbd0c1; padding:5px"">Blood Culture Laboratory Protocol</div>",,,,,,,[lab_gn_tst_mic_bld] = '1' or [lab_gn_tst_mic_bld] = '2',,,,,,
lab_cap_bld_gui_num,hfa_lab_capacity_for_microbiology,,text,Please attach a copy of the blood culture laboratory protocols (including subculture and isolate identification) used at this facility. This should include a copy of <b>each page</b> in the protocol. How many images of the blood culture laboratory protocol would you like to upload?,,,integer,1,20,,[lab_gn_tst_mic_bld] = '1' or [lab_gn_tst_mic_bld] = '2',,,,,,
lab_cap_bld_gui_1,hfa_lab_capacity_for_microbiology,,file,Blood culture laboratory protocol #1,,,,,,,[lab_gn_tst_mic_bld] = '1' or [lab_gn_tst_mic_bld] = '2',,,,,,
lab_cap_bld_gui_2,hfa_lab_capacity_for_microbiology,,file,Blood culture laboratory protocol #2,,,,,,,[lab_cap_bld_gui_num] >= 2,,,,,,
lab_cap_bld_gui_3,hfa_lab_capacity_for_microbiology,,file,Blood culture laboratory protocol #3,,,,,,,[lab_cap_bld_gui_num] >= 3,,,,,,
lab_cap_bld_gui_4,hfa_lab_capacity_for_microbiology,,file,Blood culture laboratory protocol #4,,,,,,,[lab_cap_bld_gui_num] >= 4,,,,,,
lab_cap_bld_gui_5,hfa_lab_capacity_for_microbiology,,file,Blood culture laboratory protocol #5,,,,,,,[lab_cap_bld_gui_num] >= 5,,,,,,
lab_cap_bld_gui_6,hfa_lab_capacity_for_microbiology,,file,Blood culture laboratory protocol #6,,,,,,,[lab_cap_bld_gui_num] >= 6,,,,,,
lab_cap_bld_gui_7,hfa_lab_capacity_for_microbiology,,file,Blood culture laboratory protocol #7,,,,,,,[lab_cap_bld_gui_num] >= 7,,,,,,
lab_cap_bld_gui_8,hfa_lab_capacity_for_microbiology,,file,Blood culture laboratory protocol #8,,,,,,,[lab_cap_bld_gui_num] >= 8,,,,,,
lab_cap_bld_gui_9,hfa_lab_capacity_for_microbiology,,file,Blood culture laboratory protocol #9,,,,,,,[lab_cap_bld_gui_num] >= 9,,,,,,
lab_cap_bld_gui_10,hfa_lab_capacity_for_microbiology,,file,Blood culture laboratory protocol #10,,,,,,,[lab_cap_bld_gui_num] >= 10,,,,,,
lab_cap_bld_gui_11,hfa_lab_capacity_for_microbiology,,file,Blood culture laboratory protocol #11,,,,,,,[lab_cap_bld_gui_num] >= 11,,,,,,
lab_cap_bld_gui_12,hfa_lab_capacity_for_microbiology,,file,Blood culture laboratory protocol #12,,,,,,,[lab_cap_bld_gui_num] >= 12,,,,,,
lab_cap_bld_gui_13,hfa_lab_capacity_for_microbiology,,file,Blood culture laboratory protocol #13,,,,,,,[lab_cap_bld_gui_num] >= 13,,,,,,
lab_cap_bld_gui_14,hfa_lab_capacity_for_microbiology,,file,Blood culture laboratory protocol #14,,,,,,,[lab_cap_bld_gui_num] >= 14,,,,,,
lab_cap_bld_gui_15,hfa_lab_capacity_for_microbiology,,file,Blood culture laboratory protocol #15,,,,,,,[lab_cap_bld_gui_num] >= 15,,,,,,
lab_cap_bld_gui_16,hfa_lab_capacity_for_microbiology,,file,Blood culture laboratory protocol #16,,,,,,,[lab_cap_bld_gui_num] >= 16,,,,,,
lab_cap_bld_gui_17,hfa_lab_capacity_for_microbiology,,file,Blood culture laboratory protocol #17,,,,,,,[lab_cap_bld_gui_num] >= 17,,,,,,
lab_cap_bld_gui_18,hfa_lab_capacity_for_microbiology,,file,Blood culture laboratory protocol #18,,,,,,,[lab_cap_bld_gui_num] >= 18,,,,,,
lab_cap_bld_gui_19,hfa_lab_capacity_for_microbiology,,file,Blood culture laboratory protocol #19,,,,,,,[lab_cap_bld_gui_num] >= 19,,,,,,
lab_cap_bld_gui_20,hfa_lab_capacity_for_microbiology,,file,Blood culture laboratory protocol #20,,,,,,,[lab_cap_bld_gui_num] >= 20,,,,,,
lab_cap_csf_hed,hfa_lab_capacity_for_microbiology,,descriptive,"<div style=""background-color:#fbd0c1;padding:10px"">CSF culture</div>",,,,,,,[lab_gn_tst_mic_csf] = '1' or [lab_gn_tst_mic_csf] = '2',,,,,,
lab_cap_csf_conc,hfa_lab_capacity_for_microbiology,,radio,"What method, if any, is used to concentrate the sample before the CSF culture? ","0, None | 1, Centrifugation | 2, Membrane Filtration | 99, Other <i>(specify below)</i>",,,,,,[lab_gn_tst_mic_csf] = '1' or [lab_gn_tst_mic_csf] = '2',,,,,,
lab_cap_csf_othconc,hfa_lab_capacity_for_microbiology,,text,Please specify other method used to concentrate the sample:,,,,,,,[lab_cap_csf_conc] = '99',,,,,,
lab_cap_csf_meth,hfa_lab_capacity_for_microbiology,,radio,What laboratory method is used to conduct CSF culture?,"1, Manual Methods - Direct Agar Culture or In-Laboratory/In-House Produced Culture Bottles | 2, Manual Methods - Locally Produced Culture Bottles | 3, Manual Methods - Preprepared/Procured International Culture Bottles | 4, Automated Continuous Systems/Machines | 5, Molecular/Genomic Methods | 99, Other <i>(specify below)</i>",,,,,,[lab_gn_tst_mic_csf] = '1' or [lab_gn_tst_mic_csf] = '2',,,,,,
lab_cap_csf_othmeth,hfa_lab_capacity_for_microbiology,,text,Please specify other method used to conduct CSF culture:,,,,,,,[lab_cap_csf_meth] = '99',,,,,,
lab_cap_csf_hed_1,hfa_lab_capacity_for_microbiology,,descriptive,"<div style=""background-color:#fbd0c1; padding:5px"">Manual Methods – Direct Agar Culture or In-Laboratory/In-House Produced Culture Bottles</div>",,,,,,,[lab_cap_csf_meth] = '1',,,,,,
lab_cap_csf_mn_meth,hfa_lab_capacity_for_microbiology,,radio,Are cultures inoculated directly to an agar plate or into a plastic or glass culture bottle?,"1, Agar Plate | 2, Plastic Bottle | 3, Glass Bottle",,,,,,[lab_cap_csf_meth] = '1',,,,,,
lab_cap_csf_mn_medi,hfa_lab_capacity_for_microbiology,,checkbox,What culture media are used to conduct CSF primary culture?,"1, 5% Sheep Blood Agar | 2, Enriched Chocolate Agar | 3, MacConkey Agar | 4, Thioglycolate Broth | 5, Columbia Broth | 6, Supplemented Peptone Broth | 7, Hypertonic Medium (Brucella Broth) | 8, Eurgonic Broth | 9, Tryptic Soy Broth | 10, Thiol Broth | 11, Brain-Heart Infusion (BHI) | 99, Other <i>(specify below)</i>",Select all that apply.,,,,,[lab_cap_csf_meth] = '1',,,,,,
lab_cap_csf_mn_othmedi,hfa_lab_capacity_for_microbiology,,text,Please specify other culture media:,,,,,,,[lab_cap_csf_mn_medi(99)] = '1',,,,,,
lab_cap_csf_mn_adi,hfa_lab_capacity_for_microbiology,,checkbox,What culture additives are used to produce the primary agar plates/culture bottles?,"1, Sodium-Polyanethole Sulfate (SPS) | 2, Gelatin | 3, Yeast Extract | 4, Saponin | 5, Hemin (X-Factor) | 6, NAD (V-Factor) | 7, Pyridoxine | 8, Para-amino Benzoic Acid | 9, Cysteine | 10, Resins / Charcoal | 11, Unknown | 99, Other <i>(specify below)</i>",Select all that apply.,,,,,[lab_cap_csf_meth] = '1',,,,,,
lab_cap_csf_mn_othadi,hfa_lab_capacity_for_microbiology,,text,Please specify other culture additives:,,,,,,,[lab_cap_csf_mn_adi(99)] = '1',,,,,,
lab_cap_csf_mn_so,hfa_lab_capacity_for_microbiology,,yesno,"Did stockouts occur for the culture bottles, agar plates, or reagents used in any of these methods in the last 4 weeks?",,,,,,,[lab_cap_csf_meth] = '1',,,,,,
lab_cap_csf_mn_qc,hfa_lab_capacity_for_microbiology,,radio,Are quality controls for the reagents used in the production of the CSF cultures?,"1, Yes | 0, No | 9, Unknown",,,,,,[lab_cap_csf_meth] = '1',,,,,,
lab_cap_csf_hed_2,hfa_lab_capacity_for_microbiology,,descriptive,"<div style=""background-color:#fbd0c1; padding:5px"">Manual Methods – Locally Produced Culture Bottles</div>",,,,,,,[lab_cap_csf_meth] = '2',,,,,,
lab_cap_csf_loc_bot,hfa_lab_capacity_for_microbiology,,radio,Are plastic or glass CSF culture bottles used?,"1, Plastic | 2, Glass",,,,,,[lab_cap_csf_meth] = '2',,,,,,
lab_cap_csf_loc_man,hfa_lab_capacity_for_microbiology,,text,What is the make of the culture bottles?,,,,,,,[lab_cap_csf_meth] = '2',,,,,,
lab_cap_csf_loc_medi,hfa_lab_capacity_for_microbiology,,checkbox,What culture media are used to make CSF culture bottles?,"1, Thioglycolate Broth | 2, Columbia Broth | 3, Supplemented Peptone Broth | 4, Hypertonic Medium (Brucella Broth) | 5, Eurgonic Broth | 6, Tryptic Soy Broth | 7, Thiol Broth | 8, Brain-Heart Infusion (BHI) | 9, Unknown | 99, Other <i>(specify below)</i>",Select all that apply.,,,,,[lab_cap_csf_meth] = '2',,,,,,
lab_cap_csf_loc_othmedi,hfa_lab_capacity_for_microbiology,,text,Please specify other culture media:,,,,,,,[lab_cap_csf_loc_medi(99)] = '1',,,,,,
lab_cap_csf_loc_adi,hfa_lab_capacity_for_microbiology,,checkbox,What culture additives are used to make CSF culture bottles?,"1, Sodium-Polyanethole Sulfate (SPS) | 2, Gelatin | 3, Yeast Extract | 4, Saponin | 5, Hemin (X-Factor) | 6, NAD (V-Factor) | 7, Pyridoxine | 8, Para-amino Benzoic Acid | 9, Cysteine | 10, Resins / Charcoal | 11, Unknown | 99, Other <i>(specify below)</i>",Select all that apply.,,,,,[lab_cap_csf_meth] = '2',,,,,,
lab_cap_csf_loc_othadi,hfa_lab_capacity_for_microbiology,,text,Please specify other culture additives:,,,,,,,[lab_cap_csf_loc_adi(99)] = '1',,,,,,
lab_cap_csf_loc_so,hfa_lab_capacity_for_microbiology,,yesno,Did stockouts occur for the CSF culture bottles or reagents used in any of these methods in the last 4 weeks?,,,,,,,[lab_cap_csf_meth] = '2',,,,,,
lab_cap_csf_loc_qc,hfa_lab_capacity_for_microbiology,,radio,Are quality controls conducted for the locally produced CSF culture bottles?,"1, Yes | 0, No | 9, Unknown",,,,,,[lab_cap_csf_meth] = '2',,,,,,
lab_cap_csf_hed_3,hfa_lab_capacity_for_microbiology,,descriptive,"<div style=""background-color:#fbd0c1; padding:5px"">Manual Methods – Preprepared/Procured International Culture Bottles</div>",,,,,,,[lab_cap_csf_meth] = '3',,,,,,
lab_cap_csf_prc_man,hfa_lab_capacity_for_microbiology,,radio,What pre-prepared/procured international CSF culture system is used?,"1, Thermo Scientific Signal Blood Culture System | 2, BD BBL™ SEPTI-CHEK™ Blood Culture System | 3, BioMerieux Hemoline Performance Manual Methods Bottle | 99, Other <i>(specify below)</i>",,,,,,[lab_cap_csf_meth] = '3',,,,,,
lab_cap_csf_prc_othman,hfa_lab_capacity_for_microbiology,,text,Please specify other make of the Pre-prepared/Procured International CSF Culture Bottles:,,,,,,,[lab_cap_csf_prc_man] = '99',,,,,,
lab_cap_csf_prc_so,hfa_lab_capacity_for_microbiology,,yesno,Did stockouts occur for the CSF culture bottles or reagents used in any of these methods in the last 4 weeks?,,,,,,,[lab_cap_csf_meth] = '3',,,,,,
lab_cap_csf_prc_qc,hfa_lab_capacity_for_microbiology,,radio,Are quality controls conducted for the pre-prepared/procured CSF culture bottles?,"1, Yes | 0, No | 9, Unknown",,,,,,[lab_cap_csf_meth] = '3',,,,,,
lab_cap_csf_hed_4,hfa_lab_capacity_for_microbiology,,descriptive,"<div style=""background-color:#fbd0c1; padding:5px"">Automated Continuous Systems/Machines</div>",,,,,,,[lab_cap_csf_meth] = '4',,,,,,
lab_cap_csf_aut_man,hfa_lab_capacity_for_microbiology,,radio,What automated continuous systems/machines are used?,"1, BD Bactec | 2, BioMerieux BacT/Alert | 3, ThermoFisher VersaTREK | 99, Other <i>(specify below)</i>",,,,,,[lab_cap_csf_meth] = '4',,,,,,
lab_cap_csf_aut_othman,hfa_lab_capacity_for_microbiology,,text,Please specify other make of the Automated Continuous Systems/Machines:,,,,,,,[lab_cap_csf_aut_man] = '99',,,,,,
lab_cap_csf_aut_bot,hfa_lab_capacity_for_microbiology,,checkbox,What BD Bactec bottles are used for CSF culture?,"1, Plus Aerobic F bottle | 2, Lytic 10 Anaerobic F bottle | 3, PEDS Plus F bottle | 99, Other <i>(specify below)</i>",Select all that apply.,,,,,[lab_cap_csf_aut_man] = '1',,,,,,
lab_cap_csf_aut_othbot,hfa_lab_capacity_for_microbiology,,text,Please specify other BD Bactec Bottles used:,,,,,,,[lab_cap_csf_aut_bot(99)] = '1',,,,,,
lab_cap_csf_aut_bot2,hfa_lab_capacity_for_microbiology,,checkbox,What BioMerieux BacT/Alert Bottles are used for CSF culture?,"1, FA Plus (Aerobic) | 2, FN Plus (Anaerobic) | 3, PF Plus (Pediatric) | 99, Other <i>(specify below)</i>",Select all that apply.,,,,,[lab_cap_csf_aut_man] = '2',,,,,,
lab_cap_csf_aut_othbot2,hfa_lab_capacity_for_microbiology,,text,Please specify other BioMerieux BacT/Alert Bottles used:,,,,,,,[lab_cap_csf_aut_bot2(99)] = '1',,,,,,
lab_cap_csf_aut_bot3,hfa_lab_capacity_for_microbiology,,checkbox,What ThermoFisher VersaTREK Bottles are used for CSF culture?,"1, REDOX 1 (Aerobic) | 2, REDOX 2 (Anaerobic) | 99, Other <i>(specify below)</i>",Select all that apply.,,,,,[lab_cap_csf_aut_man] = '3',,,,,,
lab_cap_csf_aut_othbot3,hfa_lab_capacity_for_microbiology,,text,Please specify other ThermoFisher VersaTREK Bottles used:,,,,,,,[lab_cap_csf_aut_bot3(99)] = '1',,,,,,
lab_cap_csf_aut_so,hfa_lab_capacity_for_microbiology,,yesno,Did stockouts occur for the CSF culture bottles or reagents used in any of these methods in the last 4 weeks?,,,,,,,[lab_cap_csf_meth] = '4',,,,,,
lab_cap_csf_aut_mod_num,hfa_lab_capacity_for_microbiology,,text,What is the model number of the machine used?,,,,,,,[lab_cap_csf_meth] = '4',,,,,,
lab_cap_csf_hed_5,hfa_lab_capacity_for_microbiology,,descriptive,"<div style=""background-color:#fbd0c1; padding:5px"">Molecular/Genomic Methods</div>",,,,,,,[lab_cap_csf_meth] = '5',,,,,,
lab_cap_csf_mol_man,hfa_lab_capacity_for_microbiology,,text,What make of molecular/genomic machine is used?,,,,,,,[lab_cap_csf_meth] = '5',,,,,,
lab_cap_csf_mol_mod,hfa_lab_capacity_for_microbiology,,text,What model of molecular/genomic machine is used?,,,,,,,[lab_cap_csf_meth] = '5',,,,,,
lab_cap_csf_gui_hed,hfa_lab_capacity_for_microbiology,,descriptive,"<div style=""background-color:#fbd0c1; padding:5px"">CSF Culture Laboratory Protocol</div>",,,,,,,[lab_gn_tst_mic_csf] = '1' or [lab_gn_tst_mic_csf] = '2',,,,,,
lab_cap_csf_gui_num,hfa_lab_capacity_for_microbiology,,text,Please attach a copy of the CSF culture laboratory protocol (including subculture and isolate identification) used at this facility. This should include a copy of <b>each page</b> in the protocol. How many images of the CSF culture laborratory protocol would you like to upload?,,,integer,1,20,,[lab_gn_tst_mic_csf] = '1' or [lab_gn_tst_mic_csf] = '2',,,,,,
lab_cap_csf_gui_1,hfa_lab_capacity_for_microbiology,,file,CSF culture laboratory protocol #1,,,,,,,[lab_gn_tst_mic_csf] = '1' or [lab_gn_tst_mic_csf] = '2',,,,,,
lab_cap_csf_gui_2,hfa_lab_capacity_for_microbiology,,file,CSF culture laboratory protocol #2,,,,,,,[lab_cap_csf_gui_num] >= 2,,,,,,
lab_cap_csf_gui_3,hfa_lab_capacity_for_microbiology,,file,CSF culture laboratory protocol #3,,,,,,,[lab_cap_csf_gui_num] >= 3,,,,,,
lab_cap_csf_gui_4,hfa_lab_capacity_for_microbiology,,file,CSF culture laboratory protocol #4,,,,,,,[lab_cap_csf_gui_num] >= 4,,,,,,
lab_cap_csf_gui_5,hfa_lab_capacity_for_microbiology,,file,CSF culture laboratory protocol #5,,,,,,,[lab_cap_csf_gui_num] >= 5,,,,,,
lab_cap_csf_gui_6,hfa_lab_capacity_for_microbiology,,file,CSF culture laboratory protocol #6,,,,,,,[lab_cap_csf_gui_num] >= 6,,,,,,
lab_cap_csf_gui_7,hfa_lab_capacity_for_microbiology,,file,CSF culture laboratory protocol #7,,,,,,,[lab_cap_csf_gui_num] >= 7,,,,,,
lab_cap_csf_gui_8,hfa_lab_capacity_for_microbiology,,file,CSF culture laboratory protocol #8,,,,,,,[lab_cap_csf_gui_num] >= 8,,,,,,
lab_cap_csf_gui_9,hfa_lab_capacity_for_microbiology,,file,CSF culture laboratory protocol #9,,,,,,,[lab_cap_csf_gui_num] >= 9,,,,,,
lab_cap_csf_gui_10,hfa_lab_capacity_for_microbiology,,file,CSF culture laboratory protocol #10,,,,,,,[lab_cap_csf_gui_num] >= 10,,,,,,
lab_cap_csf_gui_11,hfa_lab_capacity_for_microbiology,,file,CSF culture laboratory protocol #11,,,,,,,[lab_cap_csf_gui_num] >= 11,,,,,,
lab_cap_csf_gui_12,hfa_lab_capacity_for_microbiology,,file,CSF culture laboratory protocol #12,,,,,,,[lab_cap_csf_gui_num] >= 12,,,,,,
lab_cap_csf_gui_13,hfa_lab_capacity_for_microbiology,,file,CSF culture laboratory protocol #13,,,,,,,[lab_cap_csf_gui_num] >= 13,,,,,,
lab_cap_csf_gui_14,hfa_lab_capacity_for_microbiology,,file,CSF culture laboratory protocol #14,,,,,,,[lab_cap_csf_gui_num] >= 14,,,,,,
lab_cap_csf_gui_15,hfa_lab_capacity_for_microbiology,,file,CSF culture laboratory protocol #15,,,,,,,[lab_cap_csf_gui_num] >= 15,,,,,,
lab_cap_csf_gui_16,hfa_lab_capacity_for_microbiology,,file,CSF culture laboratory protocol #16,,,,,,,[lab_cap_csf_gui_num] >= 16,,,,,,
lab_cap_csf_gui_17,hfa_lab_capacity_for_microbiology,,file,CSF culture laboratory protocol #17,,,,,,,[lab_cap_csf_gui_num] >= 17,,,,,,
lab_cap_csf_gui_18,hfa_lab_capacity_for_microbiology,,file,CSF culture laboratory protocol #18,,,,,,,[lab_cap_csf_gui_num] >= 18,,,,,,
lab_cap_csf_gui_19,hfa_lab_capacity_for_microbiology,,file,CSF culture laboratory protocol #19,,,,,,,[lab_cap_csf_gui_num] >= 19,,,,,,
lab_cap_csf_gui_20,hfa_lab_capacity_for_microbiology,,file,CSF culture laboratory protocol #20,,,,,,,[lab_cap_csf_gui_num] >= 20,,,,,,
lab_cap_isl_bld_hed,hfa_lab_capacity_for_microbiology,,descriptive,"<div style=""background-color:#fbd0c1;padding:10px"">Identification of Blood Isolates</div>",,,,,,,[lab_gn_tst_mic_bld] = '1' or [lab_gn_tst_mic_bld] = '2',,,,,,
lab_cap_isl_bld_avl,hfa_lab_capacity_for_microbiology,,yesno,Is the specific microorganism detected from the blood culture bottle identified?,,,,,,,[lab_gn_tst_mic_bld] = '1' or [lab_gn_tst_mic_bld] = '2',,,,,,
lab_cap_isl_bld_meth,hfa_lab_capacity_for_microbiology,,checkbox,What methods are used for identification of the microorganism cultured from blood culture bottles?,"1, Subculture (including agar plates) | 2, Microscopy (including staining) | 3, Manual Biochemical Tests (e.g. IMViC Test) | 4, Commercially Available Assays/Minisystems (e.g. API BioMerieux Test Strips) | 99, Other <i>(specify below)</i>",Select all that apply.,,,,,[lab_cap_isl_bld_avl] = '1',,,,,,
lab_cap_isl_bld_othmeth,hfa_lab_capacity_for_microbiology,,text,Please specify other methods used:,,,,,,,[lab_cap_isl_bld_meth(99)] = '1',,,,,,
lab_cap_isl_bld_medi,hfa_lab_capacity_for_microbiology,,checkbox,What media are used to subculture blood isolates?,"1, MacConkey Agar | 2, Kligler Iron Agar | 3, Blood Agar (TSA + 5% Sheep Blood) | 4, Mannitol Salt Agar | 5, CLED Agar | 6, Chromogenic Agar | 7, Fastidious Anaerobe Agar (FAA) | 8, Enriched Chocolate Agar | 99, Other <i>(specify below)</i>",Select all that apply.,,,,,[lab_cap_isl_bld_meth(1)] = '1',,,,,,
lab_cap_isl_bld_othmedi,hfa_lab_capacity_for_microbiology,,text,Please specify other media used:,,,,,,,[lab_cap_isl_bld_medi(99)] = '1',,,,,,
lab_cap_isl_bld_stan,hfa_lab_capacity_for_microbiology,,checkbox,What stains are conducted on blood isolates?,"1, Gram Stain | 2, Acridine Orange Stain | 99, Other <i>(specify below)</i>",Select all that apply.,,,,,[lab_cap_isl_bld_meth(2)] = '1',,,,,,
lab_cap_isl_bld_othstan,hfa_lab_capacity_for_microbiology,,text,Please specify other stains used:,,,,,,,[lab_cap_isl_bld_stan(99)] = '1',,,,,,
lab_cap_isl_bld_tst,hfa_lab_capacity_for_microbiology,,checkbox,Which of these tests are used for manual biochemical identification of isolates from blood culture?,"1, Motility Test | 2, Catalase Test | 3, Oxidase Test | 4, Oxidative Fermentation (OF) Test | 5, Carbohydrate Fermentation Test (e.g. glucose, fructose, maltose, lactose, sucrose) | 6, IMViC Test - Indole Production Test | 7, IMViC Test - Methyl-Red Test | 8, IMViC Test - Voges-Proskauer Test | 9, IMViC Test - Citrate Utilisation Test | 10, Gelatin Hydrolysis | 11, Starch Hydrolysis | 12, Urease Test | 13, Hydrogen Sulphide Production Test | 14, Nitrate Production Test | 99, Other <i>(specify below)</i>",Select all that apply.,,,,,[lab_cap_isl_bld_meth(3)] = '1',,,,,,
lab_cap_isl_bld_othtst,hfa_lab_capacity_for_microbiology,,text,Please specify other tests used:,,,,,,,[lab_cap_isl_bld_tst(99)] = '1',,,,,,
lab_cap_isl_bld_so,hfa_lab_capacity_for_microbiology,,yesno,Did stockouts occur for the reagents used in any of these methods in the last 4 weeks?,,,,,,,[lab_cap_isl_bld_meth(3)] = '1',,,,,,
lab_cap_isl_bld_com,hfa_lab_capacity_for_microbiology,,notes,Please provide any comments about the stockouts:,,,,,,,[lab_cap_isl_bld_so] = '1',,,,,,
lab_cap_isl_bld_man,hfa_lab_capacity_for_microbiology,,text,What make of commercially available assays/minisystems (e.g. API BioMerieux Test Strip) is used for blood culture?,,,,,,,[lab_cap_isl_bld_meth(4)] = '1',,,,,,
lab_cap_isl_bld_mod,hfa_lab_capacity_for_microbiology,,text,What model of commercially available assays/minisystems (e.g. API BioMerieux Test Strip) is used for blood culture?,,,,,,,[lab_cap_isl_bld_meth(4)] = '1',,,,,,
lab_cap_isl_bld_so_2,hfa_lab_capacity_for_microbiology,,yesno,"Did stockouts occur for the reagents used in commercially available assays/minisystems (e.g., API BioMerieux Test Strip) in the last 4 weeks?",,,,,,,[lab_cap_isl_bld_meth(4)] = '1',,,,,,
lab_cap_isl_bld_com_2,hfa_lab_capacity_for_microbiology,,notes,Please provide any comments about the stockout:,,,,,,,[lab_cap_isl_bld_so_2] = '1',,,,,,
lab_cap_isl_csf_hed,hfa_lab_capacity_for_microbiology,,descriptive,"<div style=""background-color:#fbd0c1;padding:10px"">Identification of CSF Isolates</div>",,,,,,,[lab_gn_tst_mic_csf] = '1' or [lab_gn_tst_mic_csf] = '2',,,,,,
lab_cap_isl_csf_avl,hfa_lab_capacity_for_microbiology,,yesno,Is the specific microorganism detected from the CSF culture identified?,,,,,,,[lab_gn_tst_mic_csf] = '1' or [lab_gn_tst_mic_csf] = '2',,,,,,
lab_cap_isl_csf_meth,hfa_lab_capacity_for_microbiology,,checkbox,What methods are used for identification of the microorganism cultured from CSF culture?,"1, Subculture (including agar plates) | 2, Microscopy (including staining) | 3, Manual Biochemical Tests (e.g. IMViC Test) | 4, Commercially Available Assays/Minisystems (e.g. API BioMerieux Test Strips) | 99, Other <i>(specify below)</i>",Select all that apply.,,,,,[lab_cap_isl_csf_avl] = '1',,,,,,
lab_cap_isl_csf_othmeth,hfa_lab_capacity_for_microbiology,,text,Please specify other methods used:,,,,,,,[lab_cap_isl_csf_meth(99)] = '1',,,,,,
lab_cap_isl_csf_medi,hfa_lab_capacity_for_microbiology,,checkbox,What media are used to subculture CSF isolates?,"1, MacConkey Agar | 2, Kligler Iron Agar | 3, Blood Agar (TSA + 5% Sheep Blood) | 4, Mannitol Salt Agar | 5, CLED Agar | 6, Chromogenic Agar | 7, Fastidious Anaerobe Agar (FAA) | 8, Enriched Chocolate Agar | 99, Other <i>(specify below)</i>",Select all that apply.,,,,,[lab_cap_isl_csf_meth(1)] = '1',,,,,,
lab_cap_isl_csf_othmedi,hfa_lab_capacity_for_microbiology,,text,Please specify other media used:,,,,,,,[lab_cap_isl_csf_medi(99)] = '1',,,,,,
lab_cap_isl_csf_stan,hfa_lab_capacity_for_microbiology,,checkbox,What stains are conducted on CSF isolates?,"1, Gram Stain | 2, Acridine Orange Stain | 99, Other <i>(specify below)</i>",Select all that apply.,,,,,[lab_cap_isl_csf_meth(2)] = '1',,,,,,
lab_cap_isl_csf_othstan,hfa_lab_capacity_for_microbiology,,text,Please specify other stains used:,,,,,,,[lab_cap_isl_csf_stan(99)] = '1',,,,,,
lab_cap_isl_csf_tst,hfa_lab_capacity_for_microbiology,,checkbox,Which of these tests are used for manual biochemical identification of isolates from CSF culture?,"1, Motility Test | 2, Catalase Test | 3, Oxidase Test | 4, Oxidative Fermentation (OF) Test | 5, Carbohydrate Fermentation Test (e.g. glucose, fructose, maltose, lactose, sucrose) | 6, IMViC Test - Indole Production Test | 7, IMViC Test - Methyl-Red Test | 8, IMViC Test - Voges-Proskauer Test | 9, IMViC Test - Citrate Utilisation Test | 10, Gelatin Hydrolysis | 11, Starch Hydrolysis | 12, Urease Test | 13, Hydrogen Sulphide Production Test | 14, Nitrate Production Test | 99, Other <i>(specify below)</i>",Select all that apply.,,,,,[lab_cap_isl_csf_meth(3)] = '1',,,,,,
lab_cap_isl_csf_othtst,hfa_lab_capacity_for_microbiology,,text,Please specify other tests used:,,,,,,,[lab_cap_isl_csf_tst(99)] = '1',,,,,,
lab_cap_isl_csf_so,hfa_lab_capacity_for_microbiology,,yesno,Did stockouts occur for the reagents used in any of these methods in the last 4 weeks?,,,,,,,[lab_cap_isl_csf_meth(3)] = '1',,,,,,
lab_cap_isl_csf_com,hfa_lab_capacity_for_microbiology,,notes,Please provide any comments about the stockouts:,,,,,,,[lab_cap_isl_csf_so] = '1',,,,,,
lab_cap_isl_csf_man,hfa_lab_capacity_for_microbiology,,text,What make of commercially available assays/minisystems (e.g. API BioMerieux Test Strip) is used for CSF culture?,,,,,,,[lab_cap_isl_csf_meth(4)] = '1',,,,,,
lab_cap_isl_csf_mod,hfa_lab_capacity_for_microbiology,,text,What model of commercially available assays/minisystems (e.g. API BioMerieux Test Strip) is used for CSF culture?,,,,,,,[lab_cap_isl_csf_meth(4)] = '1',,,,,,
lab_cap_isl_csf_so_2,hfa_lab_capacity_for_microbiology,,yesno,"Did stockouts occur for the reagents used in commercially available assays/minisystems (e.g., API BioMerieux Test Strip) in the last 4 weeks?",,,,,,,[lab_cap_isl_csf_meth(4)] = '1',,,,,,
lab_cap_isl_csf_com_2,hfa_lab_capacity_for_microbiology,,notes,Please provide any comments about the stockout:,,,,,,,[lab_cap_isl_csf_so_2] = '1',,,,,,
lab_cap_ast_hed,hfa_lab_capacity_for_microbiology,,descriptive,"<div style=""background-color:#fbd0c1;padding:10px"">Antibiotic Sensitivity Testing</div>",,,,,,,[lab_gn_tst_mic_bld_ast] = '1' or [lab_gn_tst_mic_bld_ast] = '2' or [lab_gn_tst_mic_pus_ast] = '1' or [lab_gn_tst_mic_pus_ast] = '2' or [lab_gn_tst_mic_csf_ast] = '1' or [lab_gn_tst_mic_csf_ast] = '2' or [lab_gn_tst_mic_ur_ast] = '1' or [lab_gn_tst_mic_ur_ast] = '2',,,,,,
lab_cap_ast_meth,hfa_lab_capacity_for_microbiology,,checkbox,"What method, if any, of antibiotic sensitivity/resistance is used at your facility?","0, None | 1, Disc Diffusion | 2, Broth Dilution | 3, Etest (Antibiotic Gradient Method) | 4, MALDI-TOF MS | 5, qPCR | 6, DNA Microarray/Chips | 7, Loop-mediated Isothermal Amplification (LAMP) | 8, Unknown | 99, Other <i>(specify below)</i>",Select all that apply.,,,,,[lab_gn_tst_mic_bld_ast] = '1' or [lab_gn_tst_mic_bld_ast] = '2' or [lab_gn_tst_mic_pus_ast] = '1' or [lab_gn_tst_mic_pus_ast] = '2' or [lab_gn_tst_mic_csf_ast] = '1' or [lab_gn_tst_mic_csf_ast] = '2' or [lab_gn_tst_mic_ur_ast] = '1' or [lab_gn_tst_mic_ur_ast] = '2',,,,,, @NONEOFTHEABOVE=0
lab_cap_ast_othmeth,hfa_lab_capacity_for_microbiology,,text,Please specify other method used:,,,,,,,[lab_cap_ast_meth(99)] = '1',,,,,,
lab_cap_ast_etst_man,hfa_lab_capacity_for_microbiology,,text,What is the make of the equipment used in Etest (Antibiotic Gradient Method)?,,,,,,,[lab_cap_ast_meth(3)] = '1',,,,,,
lab_cap_ast_etst_mod,hfa_lab_capacity_for_microbiology,,text,What is the model of the equipment used in Etest (Antibiotic Gradient Method)?,,,,,,,[lab_cap_ast_meth(3)] = '1',,,,,,
lab_cap_ast_mald_man,hfa_lab_capacity_for_microbiology,,text,What is the make of the equipment used in MALDI-TOF MS?,,,,,,,[lab_cap_ast_meth(4)] = '1',,,,,,
lab_cap_ast_mald_mod,hfa_lab_capacity_for_microbiology,,text,What is the model of the equipment used in MALDI-TOF MS?,,,,,,,[lab_cap_ast_meth(4)] = '1',,,,,,
lab_cap_ast_qpcr_man,hfa_lab_capacity_for_microbiology,,text,What is the make of the equipment used in qPCR?,,,,,,,[lab_cap_ast_meth(5)] = '1',,,,,,
lab_cap_ast_qpcr_mod,hfa_lab_capacity_for_microbiology,,text,What is the model of the equipment used in qPCR?,,,,,,,[lab_cap_ast_meth(5)] = '1',,,,,,
lab_cap_ast_dna_man,hfa_lab_capacity_for_microbiology,,text,What is the make of the equipment used in DNA Microarray/Chips?,,,,,,,[lab_cap_ast_meth(6)] = '1',,,,,,
lab_cap_ast_dna_mod,hfa_lab_capacity_for_microbiology,,text,What is the model of the equipment used in DNA Microarray/Chips?,,,,,,,[lab_cap_ast_meth(6)] = '1',,,,,,
lab_cap_ast_lamp_man,hfa_lab_capacity_for_microbiology,,text,What is the make of the equipment used in Loop-mediated Isothermal Amplification (LAMP)?,,,,,,,[lab_cap_ast_meth(7)] = '1',,,,,,
lab_cap_ast_lamp_mod,hfa_lab_capacity_for_microbiology,,text,What is the model of the equipment used in Loop-mediated Isothermal Amplification (LAMP)?,,,,,,,[lab_cap_ast_meth(7)] = '1',,,,,,
lab_cap_ast_so,hfa_lab_capacity_for_microbiology,,yesno,Did stockouts occur for the reagents used in any of these methods in the last 4 weeks?,,,,,,,[lab_cap_ast_meth(1)] = '1' or [lab_cap_ast_meth(2)] = '1' or [lab_cap_ast_meth(3)] = '1' or [lab_cap_ast_meth(4)] = '1' or [lab_cap_ast_meth(5)] = '1' or [lab_cap_ast_meth(6)] = '1' or [lab_cap_ast_meth(7)] = '1' or [lab_cap_ast_meth(8)] = '1' or [lab_cap_ast_meth(99)] = '1',,,,,,
lab_cap_ast_so_com,hfa_lab_capacity_for_microbiology,,notes,Please provide any comments about the stockout:,,,,,,,[lab_cap_ast_so] = '1',,,,,,
lab_cap_ast_use,hfa_lab_capacity_for_microbiology,,checkbox,Are any of these antibiotic sensitivity testing machines used?," 0, None | 1, MicroScan WalkAway (Beckman Coulter) | 2, Micronaut (Merlin) | 3, Avantage test (Abbott Laboratories) | 4, Vitek 2 (BioMerieux) | 5, Phoenix (BD Diagnostics) | 6, Sensititre ARIS 2X (Trek Diagnostic Systems) | 99, Other <i>(specify below)</i>",Select all that apply.,,,,,[lab_gn_tst_mic_bld_ast] = '1' or [lab_gn_tst_mic_bld_ast] = '2' or [lab_gn_tst_mic_pus_ast] = '1' or [lab_gn_tst_mic_pus_ast] = '2' or [lab_gn_tst_mic_csf_ast] = '1' or [lab_gn_tst_mic_csf_ast] = '2' or [lab_gn_tst_mic_ur_ast] = '1' or [lab_gn_tst_mic_ur_ast] = '2',,,,,, @NONEOFTHEABOVE=0
lab_cap_ast_othuse,hfa_lab_capacity_for_microbiology,,text,Please specify other machine used:,,,,,,,[lab_cap_ast_use(99)] = '1',,,,,,
lab_cap_ast_so_2,hfa_lab_capacity_for_microbiology,,yesno,Did stockouts occur for the reagents used in any of these methods in the last 4 weeks?,,,,,,,[lab_cap_ast_use(1)] = '1' or [lab_cap_ast_use(2)] = '1' or [lab_cap_ast_use(3)] = '1' or [lab_cap_ast_use(4)] = '1' or [lab_cap_ast_use(5)] = '1' or [lab_cap_ast_use(6)] = '1' or [lab_cap_ast_use(99)] = '1',,,,,,
lab_cap_ast_so_2_com,hfa_lab_capacity_for_microbiology,,notes,Please provide any comments about the stockout:,,,,,,,[lab_cap_ast_so_2] = '1',,,,,,
lab_cap_ast_bld_gui_hed,hfa_lab_capacity_for_microbiology,,descriptive,"<div style=""background-color:#fbd0c1; padding:5px"">Laboratory Protocol for Blood Culture Isolate Antibiotic Sensitivity Testing</div>",,,,,,,[lab_gn_tst_mic_bld] = '1' or [lab_gn_tst_mic_bld] = '2',,,,,,
lab_cap_ast_bld_gui_num,hfa_lab_capacity_for_microbiology,,text,Please attach a copy of the laboratory protocol used for blood culture isolate antibiotic sensitivity testing. This should include a copy of <b>each page</b> in the protocol. How many images of the protocol for blood culture isolate antibiotic sensitivity testing would you like to upload?,,,integer,1,20,,[lab_gn_tst_mic_bld] = '1' or [lab_gn_tst_mic_bld] = '2',,,,,,
lab_cap_ast_bld_1,hfa_lab_capacity_for_microbiology,,file,Blood culture isolate antibiotic sensitivity testing protocol #1,,,,,,,[lab_gn_tst_mic_bld] = '1' or [lab_gn_tst_mic_bld] = '2',,,,,,
lab_cap_ast_bld_2,hfa_lab_capacity_for_microbiology,,file,Blood culture isolate antibiotic sensitivity testing protocol #2,,,,,,,[lab_cap_ast_bld_gui_num] >= 2,,,,,,
lab_cap_ast_bld_3,hfa_lab_capacity_for_microbiology,,file,Blood culture isolate antibiotic sensitivity testing protocol #3,,,,,,,[lab_cap_ast_bld_gui_num] >= 3,,,,,,
lab_cap_ast_bld_4,hfa_lab_capacity_for_microbiology,,file,Blood culture isolate antibiotic sensitivity testing protocol #4,,,,,,,[lab_cap_ast_bld_gui_num] >= 4,,,,,,
lab_cap_ast_bld_5,hfa_lab_capacity_for_microbiology,,file,Blood culture isolate antibiotic sensitivity testing protocol #5,,,,,,,[lab_cap_ast_bld_gui_num] >= 5,,,,,,
lab_cap_ast_bld_6,hfa_lab_capacity_for_microbiology,,file,Blood culture isolate antibiotic sensitivity testing protocol #6,,,,,,,[lab_cap_ast_bld_gui_num] >= 6,,,,,,
lab_cap_ast_bld_7,hfa_lab_capacity_for_microbiology,,file,Blood culture isolate antibiotic sensitivity testing protocol #7,,,,,,,[lab_cap_ast_bld_gui_num] >= 7,,,,,,
lab_cap_ast_bld_8,hfa_lab_capacity_for_microbiology,,file,Blood culture isolate antibiotic sensitivity testing protocol #8,,,,,,,[lab_cap_ast_bld_gui_num] >= 8,,,,,,
lab_cap_ast_bld_9,hfa_lab_capacity_for_microbiology,,file,Blood culture isolate antibiotic sensitivity testing protocol #9,,,,,,,[lab_cap_ast_bld_gui_num] >= 9,,,,,,
lab_cap_ast_bld_10,hfa_lab_capacity_for_microbiology,,file,Blood culture isolate antibiotic sensitivity testing protocol #10,,,,,,,[lab_cap_ast_bld_gui_num] >= 10,,,,,,
lab_cap_ast_bld_11,hfa_lab_capacity_for_microbiology,,file,Blood culture isolate antibiotic sensitivity testing protocol #11,,,,,,,[lab_cap_ast_bld_gui_num] >= 11,,,,,,
lab_cap_ast_bld_12,hfa_lab_capacity_for_microbiology,,file,Blood culture isolate antibiotic sensitivity testing protocol #12,,,,,,,[lab_cap_ast_bld_gui_num] >= 12,,,,,,
lab_cap_ast_bld_13,hfa_lab_capacity_for_microbiology,,file,Blood culture isolate antibiotic sensitivity testing protocol #13,,,,,,,[lab_cap_ast_bld_gui_num] >= 13,,,,,,
lab_cap_ast_bld_14,hfa_lab_capacity_for_microbiology,,file,Blood culture isolate antibiotic sensitivity testing protocol #14,,,,,,,[lab_cap_ast_bld_gui_num] >= 14,,,,,,
lab_cap_ast_bld_15,hfa_lab_capacity_for_microbiology,,file,Blood culture isolate antibiotic sensitivity testing protocol #15,,,,,,,[lab_cap_ast_bld_gui_num] >= 15,,,,,,
lab_cap_ast_bld_16,hfa_lab_capacity_for_microbiology,,file,Blood culture isolate antibiotic sensitivity testing protocol #16,,,,,,,[lab_cap_ast_bld_gui_num] >= 16,,,,,,
lab_cap_ast_bld_17,hfa_lab_capacity_for_microbiology,,file,Blood culture isolate antibiotic sensitivity testing protocol #17,,,,,,,[lab_cap_ast_bld_gui_num] >= 17,,,,,,
lab_cap_ast_bld_18,hfa_lab_capacity_for_microbiology,,file,Blood culture isolate antibiotic sensitivity testing protocol #18,,,,,,,[lab_cap_ast_bld_gui_num] >= 18,,,,,,
lab_cap_ast_bld_19,hfa_lab_capacity_for_microbiology,,file,Blood culture isolate antibiotic sensitivity testing protocol #19,,,,,,,[lab_cap_ast_bld_gui_num] >= 19,,,,,,
lab_cap_ast_bld_20,hfa_lab_capacity_for_microbiology,,file,Blood culture isolate antibiotic sensitivity testing protocol #20,,,,,,,[lab_cap_ast_bld_gui_num] >= 20,,,,,,
lab_cap_ast_csf_gui_hed,hfa_lab_capacity_for_microbiology,,descriptive,"<div style=""background-color:#fbd0c1; padding:5px"">Laboratory Protocol for CSF Culture Isolate Antibiotic Sensitivity Testing</div>",,,,,,,[lab_gn_tst_mic_csf] = '1' or [lab_gn_tst_mic_csf] = '2',,,,,,
lab_cap_ast_csf_gui_num,hfa_lab_capacity_for_microbiology,,text,Please attach a copy of the laboratory protocol used for CSF culture isolate antibiotic sensitivity testing. This should include a copy of <b>each page</b> in the protocol. How many images of the protocol for CSF culture isolate antibiotic sensitivity testing would you like to upload?,,,integer,1,20,,[lab_gn_tst_mic_csf] = '1' or [lab_gn_tst_mic_csf] = '2',,,,,,
lab_cap_ast_csf_1,hfa_lab_capacity_for_microbiology,,file,CSF culture isolate antibiotic sensitivity testing protocol #1,,,,,,,[lab_gn_tst_mic_csf] = '1' or [lab_gn_tst_mic_csf] = '2',,,,,,
lab_cap_ast_csf_2,hfa_lab_capacity_for_microbiology,,file,CSF culture isolate antibiotic sensitivity testing protocol #2,,,,,,,[lab_cap_ast_csf_gui_num] >= 2,,,,,,
lab_cap_ast_csf_3,hfa_lab_capacity_for_microbiology,,file,CSF culture isolate antibiotic sensitivity testing protocol #3,,,,,,,[lab_cap_ast_csf_gui_num] >= 3,,,,,,
lab_cap_ast_csf_4,hfa_lab_capacity_for_microbiology,,file,CSF culture isolate antibiotic sensitivity testing protocol #4,,,,,,,[lab_cap_ast_csf_gui_num] >= 4,,,,,,
lab_cap_ast_csf_5,hfa_lab_capacity_for_microbiology,,file,CSF culture isolate antibiotic sensitivity testing protocol #5,,,,,,,[lab_cap_ast_csf_gui_num] >= 5,,,,,,
lab_cap_ast_csf_6,hfa_lab_capacity_for_microbiology,,file,CSF culture isolate antibiotic sensitivity testing protocol #6,,,,,,,[lab_cap_ast_csf_gui_num] >= 6,,,,,,
lab_cap_ast_csf_7,hfa_lab_capacity_for_microbiology,,file,CSF culture isolate antibiotic sensitivity testing protocol #7,,,,,,,[lab_cap_ast_csf_gui_num] >= 7,,,,,,
lab_cap_ast_csf_8,hfa_lab_capacity_for_microbiology,,file,CSF culture isolate antibiotic sensitivity testing protocol #8,,,,,,,[lab_cap_ast_csf_gui_num] >= 8,,,,,,
lab_cap_ast_csf_9,hfa_lab_capacity_for_microbiology,,file,CSF culture isolate antibiotic sensitivity testing protocol #9,,,,,,,[lab_cap_ast_csf_gui_num] >= 9,,,,,,
lab_cap_ast_csf_10,hfa_lab_capacity_for_microbiology,,file,CSF culture isolate antibiotic sensitivity testing protocol #10,,,,,,,[lab_cap_ast_csf_gui_num] >= 10,,,,,,
lab_cap_ast_csf_11,hfa_lab_capacity_for_microbiology,,file,CSF culture isolate antibiotic sensitivity testing protocol #11,,,,,,,[lab_cap_ast_csf_gui_num] >= 11,,,,,,
lab_cap_ast_csf_12,hfa_lab_capacity_for_microbiology,,file,CSF culture isolate antibiotic sensitivity testing protocol #12,,,,,,,[lab_cap_ast_csf_gui_num] >= 12,,,,,,
lab_cap_ast_csf_13,hfa_lab_capacity_for_microbiology,,file,CSF culture isolate antibiotic sensitivity testing protocol #13,,,,,,,[lab_cap_ast_csf_gui_num] >= 13,,,,,,
lab_cap_ast_csf_14,hfa_lab_capacity_for_microbiology,,file,CSF culture isolate antibiotic sensitivity testing protocol #14,,,,,,,[lab_cap_ast_csf_gui_num] >= 14,,,,,,
lab_cap_ast_csf_15,hfa_lab_capacity_for_microbiology,,file,CSF culture isolate antibiotic sensitivity testing protocol #15,,,,,,,[lab_cap_ast_csf_gui_num] >= 15,,,,,,
lab_cap_ast_csf_16,hfa_lab_capacity_for_microbiology,,file,CSF culture isolate antibiotic sensitivity testing protocol #16,,,,,,,[lab_cap_ast_csf_gui_num] >= 16,,,,,,
lab_cap_ast_csf_17,hfa_lab_capacity_for_microbiology,,file,CSF culture isolate antibiotic sensitivity testing protocol #17,,,,,,,[lab_cap_ast_csf_gui_num] >= 17,,,,,,
lab_cap_ast_csf_18,hfa_lab_capacity_for_microbiology,,file,CSF culture isolate antibiotic sensitivity testing protocol #18,,,,,,,[lab_cap_ast_csf_gui_num] >= 18,,,,,,
lab_cap_ast_csf_19,hfa_lab_capacity_for_microbiology,,file,CSF culture isolate antibiotic sensitivity testing protocol #19,,,,,,,[lab_cap_ast_csf_gui_num] >= 19,,,,,,
lab_cap_ast_csf_20,hfa_lab_capacity_for_microbiology,,file,CSF culture isolate antibiotic sensitivity testing protocol #20,,,,,,,[lab_cap_ast_csf_gui_num] >= 20,,,,,,
lab_cap_oth_hed,hfa_lab_capacity_for_microbiology,,descriptive,"<div style=""background-color:#fbd0c1;padding:10px"">Other</div>",,,,,,,[lab_gn_avl] = '1',,,,,,
lab_cap_oth_4,hfa_lab_capacity_for_microbiology,,checkbox,"What, if any, current research studies involving laboratory culture, antimicrobial resistance (AMR) or neonatal infections are there?","0, None | 1, Laboratory culture | 2, Antimicrobial resistance (AMR) | 3, Neonatal infection",Select all that apply.,,,,,[lab_gn_avl] = '1',y,,,,, @NONEOFTHEABOVE=0
lab_cap_hed_3,hfa_lab_capacity_for_microbiology,,descriptive,"<div style=""background-color:#82cdbf; padding:5px""></div>",,,,,,,[lab_gn_avl] = '1',,,,,,
lab_cap_com,hfa_lab_capacity_for_microbiology,,notes,Comments:,,,,,,,,,,,,,
lab_lnk_hed_1,hfa_laboratory_linkage_neonatal_unit_lab,,descriptive,"<div style=""background-color:#82cdbf; padding:5px""></div>",,,,,,,,,,,,,
lab_lnk_ban_1,hfa_laboratory_linkage_neonatal_unit_lab,,descriptive,,,,,,,,,,,,,,
lab_lnk_hed_2,hfa_laboratory_linkage_neonatal_unit_lab,,descriptive,"<div class=""h4"" style=""background-color:#82cdbf;padding:10px"">Laboratory Linkage to Neonatal Unit (Lab)</div>",,,,,,,,,,,,,
lab_lnk_ins_1,hfa_laboratory_linkage_neonatal_unit_lab,,descriptive,"<p style=""font-weight:normal""><i><b>INSTRUCTIONS:</b> Direct these questions to the laboratory manager. For some questions, you will need to ask and observe the staff or specific items/spaces at the facility. Please do not leave any variable blank. If a date is unknown, enter 1999/01/01. If a free text variable is unknown and an answer is required, write ""-1"" for numeric fields and ""unknown"" for text fields. If a multiple-choice variable is unknown, select ""unknown"".<br>
<b>Prompt: </b>“I’d like to ask you a few questions and make some observations about the laboratory and how it coordinates with the neonatal unit.”.</i></p>",,,,,,,,,,,,,
lab_lnk_hed_3,hfa_laboratory_linkage_neonatal_unit_lab,,descriptive,"<div class=""h4"" style=""background-color:#82cdbf;padding:10px"">Cultures for the neonatal unit</div>",,,,,,,,,,,,,
lab_lnk_bld_req_num,hfa_laboratory_linkage_neonatal_unit_lab,,text,"In the last 7 days, how many blood cultures were <b>requested</b> by the neonatal unit?",,,integer,-1,750,,[lab_gn_tst_mic_bld] = '1' or [lab_gn_tst_mic_bld] = '2',,,,,,
lab_lnk_bld_num,hfa_laboratory_linkage_neonatal_unit_lab,,text,"In the last 7 days, how many blood cultures were <b>completed</b> for the neonatal unit?",,,integer,-1,750,,[lab_lnk_bld_req_num] >= 1,,,,,,
lab_lnk_bld_nu,hfa_laboratory_linkage_neonatal_unit_lab,,checkbox,"What, if any, were the challenges to performing all blood cultures requested by the neonatal unit?","0, None | 1, Inappropriate or incomplete labeling | 2, Lack of lab supplies | 3, Lack of staff  | 4, Training needed | 5, Power outage | 99, Other <i>(specify below)</i>",Select all that apply.,,,,,[lab_lnk_bld_req_num] >= 1,,,,,, @NONEOFTHEABOVE=0
lab_lnk_bld_othnu,hfa_laboratory_linkage_neonatal_unit_lab,,text,Please specify other challenges to performing all blood cultures requested:,,,,,,,[lab_lnk_bld_nu(99)] = '1',,,,,,
lab_lnk_csf_req_num,hfa_laboratory_linkage_neonatal_unit_lab,,text,"In the last 7 days, how many CSF cultures were <b>requested</b> by the neonatal unit?",,,integer,-1,750,,[lab_gn_tst_mic_csf] = '1' or [lab_gn_tst_mic_csf] = '2',,,,,,
lab_lnk_csf_num,hfa_laboratory_linkage_neonatal_unit_lab,,text,"In the last 7 days, how many CSF cultures were <b>completed</b> for the neonatal unit?",,,integer,-1,750,,[lab_lnk_csf_req_num] >= 1,,,,,,
lab_lnk_csf_nu,hfa_laboratory_linkage_neonatal_unit_lab,,checkbox,"What, if any, were the challenges to performing all neonatal unit CSF cultures requested?","0, None | 1, Inappropriate or incomplete labeling | 2, Lack of lab supplies | 3, Lack of staff  | 4, Training needed | 5, Power outage | 99, Other <i>(specify below)</i>",Select all that apply.,,,,,[lab_lnk_csf_req_num] >= 1,,,,,, @NONEOFTHEABOVE=0
lab_lnk_csf_othnu,hfa_laboratory_linkage_neonatal_unit_lab,,text,Please specify other challenges to performing all CSF cultures requested:,,,,,,,[lab_lnk_csf_nu(99)] = '1',,,,,,
lab_lnk_bil_req_num,hfa_laboratory_linkage_neonatal_unit_lab,,text,"In the last 7 days, how many bilirubin tests were <b>requested</b> by the neonatal unit?",,,integer,-1,750,,[lab_gn_tst_bio_bil_1] = '1' or [lab_gn_tst_bio_bil_1] = '2' or [lab_gn_tst_bio_bil_2] = '1' or [lab_gn_tst_bio_bil_2] = '2',,,,,,
lab_lnk_bil_num,hfa_laboratory_linkage_neonatal_unit_lab,,text,"In the last 7 days, how many bilirubin tests were <b>completed</b> for the neonatal unit?",,,integer,-1,750,,[lab_lnk_bil_req_num] >= 1,,,,,,
lab_lnk_bil_nu,hfa_laboratory_linkage_neonatal_unit_lab,,checkbox,"What, if any, were the challenges to performing all neonatal unit bilirubin tests requested?","0, None | 1, Inappropriate or incomplete labeling | 2, Lack of lab supplies | 3, Lack of staff  | 4, Training needed | 5, Power outage | 99, Other <i>(specify below)</i>",Select all that apply.,,,,,[lab_lnk_bil_req_num] >= 1,,,,,, @NONEOFTHEABOVE=0
lab_lnk_bil_othnu,hfa_laboratory_linkage_neonatal_unit_lab,,text,Please specify other challenges to performing all bilirubin tests requested:,,,,,,,[lab_lnk_bil_nu(99)] = '1',,,,,,
lab_lnk_doc,hfa_laboratory_linkage_neonatal_unit_lab,,radio,What record keeping system is used for the lab?,"1, Paper | 2, Electronic | 99, Other <i>(specify below)</i>",,,,,,[lab_gn_avl] = '1',y,,,,,
lab_lnk_othdoc,hfa_laboratory_linkage_neonatal_unit_lab,,text,Please specify other record keeping system:,,,,,,,[lab_lnk_doc] = '99',,,,,,
lab_lnk_lbl,hfa_laboratory_linkage_neonatal_unit_lab,,radio,How are blood cultures labelled?,"1, Written labels | 2, Bar code labels | 99, Other <i>(specify below)</i>",,,,,,[lab_gn_tst_mic_bld] = '1' or [lab_gn_tst_mic_bld] = '2',,,,,,
lab_lnk_lbl_oth,hfa_laboratory_linkage_neonatal_unit_lab,,text,Please specify other way blood cultures are labelled:,,,,,,,[lab_lnk_lbl] = '99',,,,,,
lab_lnk_gui,hfa_laboratory_linkage_neonatal_unit_lab,,yesno,Do you have a protocol for reporting culture results back to the neonatal unit?,,,,,,,[lab_gn_tst_mic_bld] = '1' or [lab_gn_tst_mic_bld] = '2' or [lab_gn_tst_mic_csf] = '1' or [lab_gn_tst_mic_csf] = '2',,,,,,
lab_lnk_othgui,hfa_laboratory_linkage_neonatal_unit_lab,,notes,Please describe the protocol for reporting culture results to the neonatal unit:,,,,,,,[lab_lnk_gui] = '1',,,,,,
lab_lnk_tm,hfa_laboratory_linkage_neonatal_unit_lab,,radio,How long does it usually take to receive results for a suspected sepsis test?,"1, Within an hour | 2, Same day | 3, Within a week | 4, Within a month | 5, Irregularly | 99, Other <i>(specify below)</i>",,,,,,[lab_gn_tst_mic_bld] = '1' or [lab_gn_tst_mic_bld] = '2',,,,,,
lab_lnk_othtm,hfa_laboratory_linkage_neonatal_unit_lab,,text,Please specify other length of time for receiving results:,,,,,,,[lab_lnk_tm] = '99',,,,,,
lab_lnk_loc,hfa_laboratory_linkage_neonatal_unit_lab,,radio,Is the laboratory manager onsite or offsite?,"1, Onsite | 2, Offsite | 0, Not applicable (No lab manager)",,,,,,[lab_gn_avl] = '1',y,,,,,
lab_lnk_hed_6,hfa_laboratory_linkage_neonatal_unit_lab,,descriptive,"<div class=""h4"" style=""background-color:#82cdbf;padding:10px"">Laboratory Staffing</div>",,,,,,,[lab_gn_avl] = '1',,,,,,
lab_lnk_ins_2,hfa_laboratory_linkage_neonatal_unit_lab,,descriptive,"<p style=""font-weight:normal""><i><b>INSTRUCTIONS:</b> Direct these questions to the laboratory manager about the staffing of the laboratory. Someone is considered on-call if they can be called and reach the hospital within 30 minutes or if they are able to provide support needed by telephone. On-call excludes the staff that are physically present at the time, and only includes additional staff that have set times during which they could be called to the hospital if they are needed.</div>",,,,,,,[lab_gn_avl] = '1',,,,,,
lab_lnk_labt_num,hfa_laboratory_linkage_neonatal_unit_lab,,text,How many laboratory technicians are currently employed by this facility?,,,integer,-1,50,,[lab_gn_avl] = '1',y,,,,,
lab_lnk_hed_4,hfa_laboratory_linkage_neonatal_unit_lab,,descriptive,"<div style=""background-color:#96d4c9;padding:10px"">Which of the following times is the laboratory staffed by laboratory technicians?</div>",,,,,,,"[lab_lnk_labt_num] >= 1 or [lab_lnk_labt_num] = ""-1""",,,,,,
lab_lnk_hr_mfd,hfa_laboratory_linkage_neonatal_unit_lab,,radio,Physically present weekdays (e.g. Monday – Friday) (Day),"1, Yes | 0, No",,,,,,"[lab_lnk_labt_num] >= 1 or [lab_lnk_labt_num] = ""-1""",,,,lab_lnk_hr,,
lab_lnk_hr_mfn,hfa_laboratory_linkage_neonatal_unit_lab,,radio,Physically present weekdays (e.g. Monday – Friday) (Night),"1, Yes | 0, No",,,,,,"[lab_lnk_labt_num] >= 1 or [lab_lnk_labt_num] = ""-1""",,,,lab_lnk_hr,,
lab_lnk_hr_mfd_call,hfa_laboratory_linkage_neonatal_unit_lab,,radio,On call weekdays (e.g. Monday – Friday) (Day),"1, Yes | 0, No",,,,,,"[lab_lnk_labt_num] >= 1 or [lab_lnk_labt_num] = ""-1""",,,,lab_lnk_hr,,
lab_lnk_hr_mfn_call,hfa_laboratory_linkage_neonatal_unit_lab,,radio,On call weekdays (e.g. Monday – Friday) (Night),"1, Yes | 0, No",,,,,,"[lab_lnk_labt_num] >= 1 or [lab_lnk_labt_num] = ""-1""",,,,lab_lnk_hr,,
lab_lnk_hr_std,hfa_laboratory_linkage_neonatal_unit_lab,,radio,Physically present weekends (e.g. Saturday-Sunday) (Day),"1, Yes | 0, No",,,,,,"[lab_lnk_labt_num] >= 1 or [lab_lnk_labt_num] = ""-1""",,,,lab_lnk_hr,,
lab_lnk_hr_stn,hfa_laboratory_linkage_neonatal_unit_lab,,radio,Physically present weekends (e.g. Saturday-Sunday) (Night),"1, Yes | 0, No",,,,,,"[lab_lnk_labt_num] >= 1 or [lab_lnk_labt_num] = ""-1""",,,,lab_lnk_hr,,
lab_lnk_hr_std_call,hfa_laboratory_linkage_neonatal_unit_lab,,radio,On call weekends (e.g. Saturday-Sunday) (Day),"1, Yes | 0, No",,,,,,"[lab_lnk_labt_num] >= 1 or [lab_lnk_labt_num] = ""-1""",,,,lab_lnk_hr,,
lab_lnk_hr_stn_call,hfa_laboratory_linkage_neonatal_unit_lab,,radio,On call weekends (e.g. Saturday-Sunday) (Night),"1, Yes | 0, No",,,,,,"[lab_lnk_labt_num] >= 1 or [lab_lnk_labt_num] = ""-1""",,,,lab_lnk_hr,,
lab_lnk_hr_lstn,hfa_laboratory_linkage_neonatal_unit_lab,,radio,Physically present last night,"1, Yes | 0, No",,,,,,"[lab_lnk_labt_num] >= 1 or [lab_lnk_labt_num] = ""-1""",,,,lab_lnk_hr,,
lab_lnk_hr_td,hfa_laboratory_linkage_neonatal_unit_lab,,radio,Physically present today,"1, Yes | 0, No",,,,,,"[lab_lnk_labt_num] >= 1 or [lab_lnk_labt_num] = ""-1""",,,,lab_lnk_hr,,
lab_lnk_hr_lstn_call,hfa_laboratory_linkage_neonatal_unit_lab,,radio,On call last night,"1, Yes | 0, No",,,,,,"[lab_lnk_labt_num] >= 1 or [lab_lnk_labt_num] = ""-1""",,,,lab_lnk_hr,,
lab_lnk_hr_td_call,hfa_laboratory_linkage_neonatal_unit_lab,,radio,On call today,"1, Yes | 0, No",,,,,,"[lab_lnk_labt_num] >= 1 or [lab_lnk_labt_num] = ""-1""",,,,lab_lnk_hr,,
lab_lnk_hr_mfd_hed,hfa_laboratory_linkage_neonatal_unit_lab,,descriptive,"<div style=""background-color:#fbd0c1; padding:5px"">Weekday (e.g. Monday – Friday) </div>",,,,,,,[lab_lnk_hr_mfd] = '1' or [lab_lnk_hr_mfn] = '1' or [lab_lnk_hr_mfd_call] = '1' or [lab_lnk_hr_mfn_call] = '1',,,,,,
lab_lnk_hr_mfd_num,hfa_laboratory_linkage_neonatal_unit_lab,,text,How many laboratory technicians are <b>physically present weekdays (e.g. Monday – Friday) during the day</b>?,,,integer,-1,30,,[lab_lnk_hr_mfd] = '1',,,,,,
lab_lnk_hr_mfn_num,hfa_laboratory_linkage_neonatal_unit_lab,,text,How many laboratory technicians are <b>physically present weekdays (e.g. Monday – Friday) during the night</b>?,,,integer,-1,30,,[lab_lnk_hr_mfn] = '1',,,,,,
lab_lnk_hr_mfd_call_num,hfa_laboratory_linkage_neonatal_unit_lab,,text,How many laboratory technicians are <b>on call weekdays (e.g. Monday – Friday) during the day</b>?,,"Someone is considered on-call if they can be called and reach the hospital within 30 minutes or if they are able to provide support needed by telephone. On-call excludes the staff that are physically present at the time, and only includes additional staff that have set times during which they could be called to the hospital if they are needed.",integer,-1,30,,[lab_lnk_hr_mfd_call] = '1',,,,,,
lab_lnk_hr_mfn_call_num,hfa_laboratory_linkage_neonatal_unit_lab,,text,How many laboratory technicians are <b>on call weekdays (e.g. Monday – Friday) during the night</b>?,,"Someone is considered on-call if they can be called and reach the hospital within 30 minutes or if they are able to provide support needed by telephone. On-call excludes the staff that are physically present at the time, and only includes additional staff that have set times during which they could be called to the hospital if they are needed.",integer,-1,30,,[lab_lnk_hr_mfn_call] = '1',,,,,,
lab_lnk_hr_std_hed,hfa_laboratory_linkage_neonatal_unit_lab,,descriptive,"<div style=""background-color:#fbd0c1; padding:5px"">Weekend (e.g. Saturday-Sunday)</div>",,,,,,,[lab_lnk_hr_std] = '1' or [lab_lnk_hr_stn] = '1' or [lab_lnk_hr_std_call] = '1' or [lab_lnk_hr_stn_call] = '1',,,,,,
lab_lnk_hr_std_num,hfa_laboratory_linkage_neonatal_unit_lab,,text,How many laboratory technicians are <b>physically present weekends (e.g. Saturday-Sunday) during the day</b>?,,,integer,-1,30,,[lab_lnk_hr_std] = '1',,,,,,
lab_lnk_hr_stn_num,hfa_laboratory_linkage_neonatal_unit_lab,,text,How many laboratory technicians are <b>physically present weekends (e.g. Saturday-Sunday) during the night</b>?,,,integer,-1,30,,[lab_lnk_hr_stn] = '1',,,,,,
lab_lnk_hr_std_call_num,hfa_laboratory_linkage_neonatal_unit_lab,,text,How many laboratory technicians are <b>on call weekends (e.g. Saturday-Sunday) during the day</b>?,,"Someone is considered on-call if they can be called and reach the hospital within 30 minutes or if they are able to provide support needed by telephone. On-call excludes the staff that are physically present at the time, and only includes additional staff that have set times during which they could be called to the hospital if they are needed.",integer,-1,30,,[lab_lnk_hr_std_call] = '1',,,,,,
lab_lnk_hr_stn_call_num,hfa_laboratory_linkage_neonatal_unit_lab,,text,How many laboratory technicians are <b>on call weekends (e.g. Saturday-Sunday) during the night</b>?,,"Someone is considered on-call if they can be called and reach the hospital within 30 minutes or if they are able to provide support needed by telephone. On-call excludes the staff that are physically present at the time, and only includes additional staff that have set times during which they could be called to the hospital if they are needed.",integer,-1,30,,[lab_lnk_hr_stn_call] = '1',,,,,,
lab_lnk_hr_lstn_hed,hfa_laboratory_linkage_neonatal_unit_lab,,descriptive,"<div style=""background-color:#fbd0c1; padding:5px"">Last Night</div>",,,,,,,[lab_lnk_hr_lstn] = '1' or [lab_lnk_hr_lstn_call] = '1',,,,,,
lab_lnk_hr_lstn_num,hfa_laboratory_linkage_neonatal_unit_lab,,text,How many laboratory technicians were <b>physically present last night</b>?,,,integer,-1,30,,[lab_lnk_hr_lstn] = '1',,,,,,
lab_lnk_hr_lstn_call_num,hfa_laboratory_linkage_neonatal_unit_lab,,text,How many laboratory technicians were <b>on call last night</b>?,,"Someone is considered on-call if they can be called and reach the hospital within 30 minutes or if they are able to provide support needed by telephone. On-call excludes the staff that are physically present at the time, and only includes additional staff that have set times during which they could be called to the hospital if they are needed.",integer,-1,30,,[lab_lnk_hr_lstn_call] = '1',,,,,,
lab_lnk_hr_td_hed,hfa_laboratory_linkage_neonatal_unit_lab,,descriptive,"<div style=""background-color:#fbd0c1; padding:5px"">Today</div>",,,,,,,[lab_lnk_hr_td] = '1' or [lab_lnk_hr_td_call] = '1',,,,,,
lab_lnk_hr_td_num,hfa_laboratory_linkage_neonatal_unit_lab,,text,How many laboratory technicians are <b>physically present today</b>?,,,integer,-1,30,,[lab_lnk_hr_td] = '1',,,,,,
lab_lnk_hr_td_call_num,hfa_laboratory_linkage_neonatal_unit_lab,,text,How many laboratory technicians are <b>on call today</b>?,,"Someone is considered on-call if they can be called and reach the hospital within 30 minutes or if they are able to provide support needed by telephone. On-call excludes the staff that are physically present at the time, and only includes additional staff that have set times during which they could be called to the hospital if they are needed.",integer,-1,30,,[lab_lnk_hr_td_call] = '1',,,,,,
lab_lnk_hed_5,hfa_laboratory_linkage_neonatal_unit_lab,,descriptive,"<div style=""background-color:#82cdbf; padding:5px""></div>",,,,,,,,,,,,,
lab_lnk_com,hfa_laboratory_linkage_neonatal_unit_lab,,notes,Comments:,,,,,,,,,,,,,
lab_bld_hed_1,hfa_blood_bank,,descriptive,"<div style=""background-color:#82cdbf; padding:5px""></div>",,,,,,,,,,,,,
lab_bld_ban_1,hfa_blood_bank,,descriptive,,,,,,,,,,,,,,
lab_bld_hed_2,hfa_blood_bank,,descriptive,"<div class=""h4"" style=""background-color:#82cdbf;padding:10px"">Blood Bank</div>",,,,,,,,,,,,,
lab_bld_ins_1,hfa_blood_bank,,descriptive,"<p style=""font-weight:normal""><i><b>INSTRUCTIONS:</b> Direct these questions to the head laboratory technician. The following questions will ask about the availability of the blood bank. For the following questions you should first assess if the test can be performed today. If it cannot be performed at all, select <b>“not available today”</b>. If the test is not available, but usually available, select <b>“usually available, but not today”</b>. If the test cannot be performed at the facility, but can be outsourced, select <b>“not available, but can be outsourced”</b>.<br>Outsourcing needs to be a formal arrangement between the facility and another lab. The facility should be responsible for transporting patient samples and receiving results.<br>
<b>Prompt:</b> “Now I’m going to ask you some questions about the blood bank capabilities”.<br>
</i></p>",,,,,,,,,,,,,
lab_bld_hed_3,hfa_blood_bank,,descriptive,"<div style=""background-color:#82cdbf;padding:10px""></div>",,,,,,,,,,,,,
lab_bld_rp_num,hfa_blood_bank,,radio,Number of Respondents Interviewed:,"1, 1 respondent|2, 2 respondents|3, 3 respondents|4, 4 respondents|5, 5 respondents",,,,,,,y,,,,,
lab_bld_rp_hed_1,hfa_blood_bank,,descriptive,"<div style=""background-color:#82cdbf; padding:5px"">Respondent #1</div>",,,,,,,[lab_bld_rp_num] >= 1,,,,,,
lab_bld_rp_nam_1,hfa_blood_bank,,text,Respondent Name (First and Last):,,,,,,y,[lab_bld_rp_num] >= 1,y,,,,,
lab_bld_rp_pos_1,hfa_blood_bank,,radio,Respondent Position:,"7, Lab Manager | 8, Lab Technician | 6, Hospital Management | 5, Biomedical Engineering Technician | 1, NEST Coordinator | 2, Nurse | 3, Data Clerk | 4, Clinician | 99, Other <i>(specify below)</i>",,,,,,[lab_bld_rp_num] >= 1,y,,,,,
lab_bld_rp_othpos_1,hfa_blood_bank,,text,"If other position, please specify: ",,,,,,,[lab_bld_rp_pos_1] = '99',,,,,,
lab_bld_rp_ph_1,hfa_blood_bank,,text,Respondent Phone Number:,,,,,,y,[lab_bld_rp_num] >= 1,,,,,,
lab_bld_rp_hed_2,hfa_blood_bank,,descriptive,"<div style=""background-color:#82cdbf; padding:5px"">Respondent #2</div>",,,,,,,[lab_bld_rp_num] >= 2,,,,,,
lab_bld_rp_nam_2,hfa_blood_bank,,text,Respondent Name (First and Last):,,,,,,y,[lab_bld_rp_num] >= 2,,,,,,
lab_bld_rp_pos_2,hfa_blood_bank,,radio,Respondent Position:,"7, Lab Manager | 8, Lab Technician | 6, Hospital Management | 5, Biomedical Engineering Technician | 1, NEST Coordinator | 2, Nurse | 3, Data Clerk | 4, Clinician | 99, Other <i>(specify below)</i>",,,,,,[lab_bld_rp_num] >= 2,,,,,,
lab_bld_rp_othpos_2,hfa_blood_bank,,text,"If other position, please specify: ",,,,,,,[lab_bld_rp_pos_2] = '99',,,,,,
lab_bld_rp_ph_2,hfa_blood_bank,,text,Respondent Phone Number:,,,,,,y,[lab_bld_rp_num] >= 2,,,,,,
lab_bld_rp_hed_3,hfa_blood_bank,,descriptive,"<div style=""background-color:#82cdbf; padding:5px"">Respondent #3</div>",,,,,,,[lab_bld_rp_num] >= 3,,,,,,
lab_bld_rp_nam_3,hfa_blood_bank,,text,Respondent Name (First and Last):,,,,,,y,[lab_bld_rp_num] >= 3,,,,,,
lab_bld_rp_pos_3,hfa_blood_bank,,radio,Respondent Position:,"7, Lab Manager | 8, Lab Technician | 6, Hospital Management | 5, Biomedical Engineering Technician | 1, NEST Coordinator | 2, Nurse | 3, Data Clerk | 4, Clinician | 99, Other <i>(specify below)</i>",,,,,,[lab_bld_rp_num] >= 3,,,,,,
lab_bld_rp_othpos_3,hfa_blood_bank,,text,"If other position, please specify: ",,,,,,,[lab_bld_rp_pos_3] = '99',,,,,,
lab_bld_rp_ph_3,hfa_blood_bank,,text,Respondent Phone Number:,,,,,,y,[lab_bld_rp_num] >= 3,,,,,,
lab_bld_rp_hed_4,hfa_blood_bank,,descriptive,"<div style=""background-color:#82cdbf; padding:5px"">Respondent #4</div>",,,,,,,[lab_bld_rp_num] >= 4,,,,,,
lab_bld_rp_nam_4,hfa_blood_bank,,text,Respondent Name (First and Last):,,,,,,y,[lab_bld_rp_num] >= 4,,,,,,
lab_bld_rp_pos_4,hfa_blood_bank,,radio,Respondent Position:,"7, Lab Manager | 8, Lab Technician | 6, Hospital Management | 5, Biomedical Engineering Technician | 1, NEST Coordinator | 2, Nurse | 3, Data Clerk | 4, Clinician | 99, Other <i>(specify below)</i>",,,,,,[lab_bld_rp_num] >= 4,,,,,,
lab_bld_rp_othpos_4,hfa_blood_bank,,text,"If other position, please specify: ",,,,,,,[lab_bld_rp_pos_4] = '99',,,,,,
lab_bld_rp_ph_4,hfa_blood_bank,,text,Respondent Phone Number:,,,,,,y,[lab_bld_rp_num] >= 4,,,,,,
lab_bld_rp_hed_5,hfa_blood_bank,,descriptive,"<div style=""background-color:#82cdbf; padding:5px"">Respondent #5</div>",,,,,,,[lab_bld_rp_num] >= 5,,,,,,
lab_bld_rp_nam_5,hfa_blood_bank,,text,Respondent Name (First and Last):,,,,,,y,[lab_bld_rp_num] >= 5,,,,,,
lab_bld_rp_pos_5,hfa_blood_bank,,radio,Respondent Position:,"7, Lab Manager | 8, Lab Technician | 6, Hospital Management | 5, Biomedical Engineering Technician | 1, NEST Coordinator | 2, Nurse | 3, Data Clerk | 4, Clinician | 99, Other <i>(specify below)</i>",,,,,,[lab_bld_rp_num] >= 5,,,,,,
lab_bld_rp_othpos_5,hfa_blood_bank,,text,"If other position, please specify: ",,,,,,,[lab_bld_rp_pos_5] = '99',,,,,,
lab_bld_rp_ph_5,hfa_blood_bank,,text,Respondent Phone Number:,,,,,,y,[lab_bld_rp_num] >= 5,,,,,,
lab_bld_tst_hed,hfa_blood_bank,,descriptive,"<div style=""background-color:#fbd0c1; padding:5px"">Which of the following is the blood bank able to perform?</div>",,,,,,,,,,,,,
lab_bld_tst_typ,hfa_blood_bank,,radio,Blood typing and cross matching,"1, Available today | 2, Usually available, but not today | 3, Not available, but can be outsourced | 0, Not available today",,,,,,,y,,,lab_bld_tst,,
lab_bld_tst_coom,hfa_blood_bank,,radio,Coombs test,"1, Available today | 2, Usually available, but not today | 3, Not available, but can be outsourced | 0, Not available today",,,,,,,y,,,lab_bld_tst,,
lab_bld_tst_o,hfa_blood_bank,,radio,"Storage of fresh whole blood, including type O","1, Available today | 2, Usually available, but not today | 3, Not available, but can be outsourced | 0, Not available today",,,,,,,y,,,lab_bld_tst,,
lab_bld_tst_rh,hfa_blood_bank,,radio,Storage of Rh-negative blood,"1, Available today | 2, Usually available, but not today | 3, Not available, but can be outsourced | 0, Not available today",,,,,,,y,,,lab_bld_tst,,
lab_bld_tst_pack,hfa_blood_bank,,radio,Storage of packed cells,"1, Available today | 2, Usually available, but not today | 3, Not available, but can be outsourced | 0, Not available today",,,,,,,y,,,lab_bld_tst,,
lab_bld_tst_plas,hfa_blood_bank,,radio,Storage of fresh frozen plasma,"1, Available today | 2, Usually available, but not today | 3, Not available, but can be outsourced | 0, Not available today",,,,,,,y,,,lab_bld_tst,,
lab_bld_tst_plat,hfa_blood_bank,,radio,Storage of fresh frozen platelets,"1, Available today | 2, Usually available, but not today | 3, Not available, but can be outsourced | 0, Not available today",,,,,,,y,,,lab_bld_tst,,
lab_bld_tst_hiv,hfa_blood_bank,,radio,Blood screening for HIV,"1, Available today | 2, Usually available, but not today | 3, Not available, but can be outsourced | 0, Not available today",,,,,,,y,,,lab_bld_tst,,
lab_bld_tst_hepb,hfa_blood_bank,,radio,Blood screening for Hepatitis B,"1, Available today | 2, Usually available, but not today | 3, Not available, but can be outsourced | 0, Not available today",,,,,,,y,,,lab_bld_tst,,
lab_bld_tst_hepc,hfa_blood_bank,,radio,Blood screening for Hepatitis C,"1, Available today | 2, Usually available, but not today | 3, Not available, but can be outsourced | 0, Not available today",,,,,,,y,,,lab_bld_tst,,
lab_bld_tst_syph,hfa_blood_bank,,radio,Blood screening for syphilis,"1, Available today | 2, Usually available, but not today | 3, Not available, but can be outsourced | 0, Not available today",,,,,,,y,,,lab_bld_tst,,
lab_bld_tst_mal,hfa_blood_bank,,radio,Blood screening for malaria,"1, Available today | 2, Usually available, but not today | 3, Not available, but can be outsourced | 0, Not available today",,,,,,,y,,,lab_bld_tst,,
lab_bld_tst_sick,hfa_blood_bank,,radio,Blood screening for sickle cell,"1, Available today | 2, Usually available, but not today | 3, Not available, but can be outsourced | 0, Not available today",,,,,,,y,,,lab_bld_tst,,
lab_bld_tst_typ_gui,hfa_blood_bank,,radio,Do you have a blood typing and cross matching protocol? ,"1, Yes | 0, No | 9, Unknown",,,,,,[lab_bld_tst_typ] = '1' or [lab_bld_tst_typ] = '2',,RV,,,,
lab_bld_tst_hiv_gui,hfa_blood_bank,,radio,Do you have a blood screening for HIV protocol? ,"1, Yes | 0, No | 9, Unknown",,,,,,[lab_bld_tst_hiv] = '1' or [lab_bld_tst_hiv] = '2',,,,,,
lab_bld_typ_avl,hfa_blood_bank,,checkbox,"Which, if any, types of blood are in stock and ready for transfusion?","0, None | 1, Type A+ | 2, Type A- | 3, Type B+ | 4, Type B- | 5, Type AB+ | 6, Type AB- | 7, Type O+ | 8, Type O-",Select all that apply.,,,,,,y,,,,, @NONEOFTHEABOVE=0
lab_bld_typ_a_hed,hfa_blood_bank,,descriptive,"<div style=""background-color:#fbd0c1; padding:5px"">Type A Blood</div>",,,,,,,[lab_bld_typ_avl(1)] = '1' or [lab_bld_typ_avl(2)] = '1',,,,,,
lab_bld_typ_a_pls,hfa_blood_bank,,text,How many units of blood ready for transfusion do you have in stock for <I>Type A+</I> blood ?,,"If unknown, enter -1.",integer,-1,50,,[lab_bld_typ_avl(1)] = '1',,,,,,
lab_bld_typ_a,hfa_blood_bank,,text,How many units of blood ready for transfusion do you have in stock for <I>Type A-</I> blood ?,,"If unknown, enter -1.",integer,-1,50,,[lab_bld_typ_avl(2)] = '1',,,,,,
lab_bld_typ_b_hed,hfa_blood_bank,,descriptive,"<div style=""background-color:#fbd0c1; padding:5px"">Type B Blood</div>",,,,,,,[lab_bld_typ_avl(3)] = '1' or [lab_bld_typ_avl(4)] = '1',,,,,,
lab_bld_typ_b_pls,hfa_blood_bank,,text,How many units of blood ready for transfusion do you have in stock for <I>Type B+</I> blood ?,,"If unknown, enter -1.",integer,-1,50,,[lab_bld_typ_avl(3)] = '1',,,,,,
lab_bld_typ_b,hfa_blood_bank,,text,How many units of blood ready for transfusion do you have in stock for <I>Type B-</I> blood ?,,"If unknown, enter -1.",integer,-1,50,,[lab_bld_typ_avl(4)] = '1',,,,,,
lab_bld_typ_ab_hed,hfa_blood_bank,,descriptive,"<div style=""background-color:#fbd0c1; padding:5px"">Type AB Blood</div>",,,,,,,[lab_bld_typ_avl(5)] = '1' or [lab_bld_typ_avl(6)] = '1',,,,,,
lab_bld_typ_ab_pls,hfa_blood_bank,,text,How many units of blood ready for transfusion do you have in stock for <I>Type AB+</I> blood ?,,"If unknown, enter -1.",integer,-1,50,,[lab_bld_typ_avl(5)] = '1',,,,,,
lab_bld_typ_ab,hfa_blood_bank,,text,How many units of blood ready for transfusion do you have in stock for <I>Type AB-</I> blood ?,,"If unknown, enter -1.",integer,-1,50,,[lab_bld_typ_avl(6)] = '1',,,,,,
lab_bld_typ_o_hed,hfa_blood_bank,,descriptive,"<div style=""background-color:#fbd0c1; padding:5px"">Type O Blood</div>",,,,,,,[lab_bld_typ_avl(7)] = '1' or [lab_bld_typ_avl(8)] = '1',,,,,,
lab_bld_typ_o_pls,hfa_blood_bank,,text,How many units of blood ready for transfusion do you have in stock for <I>Type O+</I> blood ?,,"If unknown, enter -1.",integer,-1,50,,[lab_bld_typ_avl(7)] = '1',,,,,,
lab_bld_typ_o,hfa_blood_bank,,text,How many units of blood ready for transfusion do you have in stock for <I>Type O-</I> blood ?,,"If unknown, enter -1.",integer,-1,50,,[lab_bld_typ_avl(8)] = '1',,,,,,
lab_bld_hed_4,hfa_blood_bank,,descriptive,"<div style=""background-color:#82cdbf; padding:5px""></div>",,,,,,,,,,,,,
lab_bld_com,hfa_blood_bank,,notes,Comments:,,,,,,,,,,,,,
lab_nulnk_hed_1,hfa_laboratory_linkage_neonatal_unit_nurse,,descriptive,"<div style=""background-color:#82cdbf; padding:5px""></div>",,,,,,,,,,,,,
lab_nulnk_ban_1,hfa_laboratory_linkage_neonatal_unit_nurse,,descriptive,,,,,,,,,,,,,,
lab_nulnk_hed_2,hfa_laboratory_linkage_neonatal_unit_nurse,,descriptive,"<div class=""h4"" style=""background-color:#82cdbf;padding:10px"">Neonatal Unit Linkage to Laboratory</div>",,,,,,,,,,,,,
lab_nulnk_ins_1,hfa_laboratory_linkage_neonatal_unit_nurse,,descriptive,"<p style=""font-weight:normal""><i><b>INSTRUCTIONS:</b> Direct these questions to the nurse in charge. For some questions, you will need to ask and observe the staff or specific items/spaces at the facility. Please do not leave any variable blank. If a date is unknown, enter 1999/01/01. If a free text variable is unknown and an answer is required, write ""-1"" for numeric fields and ""unknown"" for text fields. If a multiple-choice variable is unknown, select ""unknown"".<br>
<b>Prompt:</b> “I’d like to ask you a few questions and make some observations about the neonatal unit and how it coordinates with the laboratory.”</b>. </i></p>",,,,,,,,,,,,,
lab_nulnk_hed_3,hfa_laboratory_linkage_neonatal_unit_nurse,,descriptive,"<div style=""background-color:#82cdbf;padding:10px""></i></div>",,,,,,,,,,,,,
lab_nulnk_rp_num,hfa_laboratory_linkage_neonatal_unit_nurse,,radio,Number of Respondents Interviewed:,"1, 1 respondent|2, 2 respondents|3, 3 respondents|4, 4 respondents|5, 5 respondents",,,,,,,y,,,,,
lab_nulnk_rp_hed_1,hfa_laboratory_linkage_neonatal_unit_nurse,,descriptive,"<div style=""background-color:#82cdbf; padding:5px"">Respondent #1</div>",,,,,,,[lab_nulnk_rp_num] >= 1,,,,,,
lab_nulnk_rp_nam_1,hfa_laboratory_linkage_neonatal_unit_nurse,,text,Respondent Name (First and Last):,,,,,,y,[lab_nulnk_rp_num] >= 1,y,,,,,
lab_nulnk_rp_pos_1,hfa_laboratory_linkage_neonatal_unit_nurse,,radio,Respondent Position:,"7, Lab Manager | 8, Lab Technician | 6, Hospital Management | 5, Biomedical Engineering Technician | 1, NEST Coordinator | 2, Nurse | 9, Nurse-in-charge | 3, Data Clerk | 4, Clinician | 99, Other <i>(specify below)</i>",,,,,,[lab_nulnk_rp_num] >= 1,y,,,,,
lab_nulnk_rp_othpos_1,hfa_laboratory_linkage_neonatal_unit_nurse,,text,"If other position, please specify: ",,,,,,,[lab_nulnk_rp_pos_1] = '99',,,,,,
lab_nulnk_rp_ph_1,hfa_laboratory_linkage_neonatal_unit_nurse,,text,Respondent Phone Number:,,,,,,y,[lab_nulnk_rp_num] >= 1,,,,,,
lab_nulnk_rp_hed_2,hfa_laboratory_linkage_neonatal_unit_nurse,,descriptive,"<div style=""background-color:#82cdbf; padding:5px"">Respondent #2</div>",,,,,,,[lab_nulnk_rp_num] >= 2,,,,,,
lab_nulnk_rp_nam_2,hfa_laboratory_linkage_neonatal_unit_nurse,,text,Respondent Name (First and Last):,,,,,,y,[lab_nulnk_rp_num] >= 2,,,,,,
lab_nulnk_rp_pos_2,hfa_laboratory_linkage_neonatal_unit_nurse,,radio,Respondent Position:,"7, Lab Manager | 8, Lab Technician | 6, Hospital Management | 5, Biomedical Engineering Technician | 1, NEST Coordinator | 2, Nurse | 9, Nurse-in-charge | 3, Data Clerk | 4, Clinician | 99, Other <i>(specify below)</i>",,,,,,[lab_nulnk_rp_num] >= 2,,,,,,
lab_nulnk_rp_othpos_2,hfa_laboratory_linkage_neonatal_unit_nurse,,text,"If other position, please specify: ",,,,,,,[lab_nulnk_rp_pos_2] = '99',,,,,,
lab_nulnk_rp_ph_2,hfa_laboratory_linkage_neonatal_unit_nurse,,text,Respondent Phone Number:,,,,,,y,[lab_nulnk_rp_num] >= 2,,,,,,
lab_nulnk_rp_hed_3,hfa_laboratory_linkage_neonatal_unit_nurse,,descriptive,"<div style=""background-color:#82cdbf; padding:5px"">Respondent #3</div>",,,,,,,[lab_nulnk_rp_num] >= 3,,,,,,
lab_nulnk_rp_nam_3,hfa_laboratory_linkage_neonatal_unit_nurse,,text,Respondent Name (First and Last):,,,,,,y,[lab_nulnk_rp_num] >= 3,,,,,,
lab_nulnk_rp_pos_3,hfa_laboratory_linkage_neonatal_unit_nurse,,radio,Respondent Position:,"7, Lab Manager | 8, Lab Technician | 6, Hospital Management | 5, Biomedical Engineering Technician | 1, NEST Coordinator | 2, Nurse | 9, Nurse-in-charge | 3, Data Clerk | 4, Clinician | 99, Other <i>(specify below)</i>",,,,,,[lab_nulnk_rp_num] >= 3,,,,,,
lab_nulnk_rp_othpos_3,hfa_laboratory_linkage_neonatal_unit_nurse,,text,"If other position, please specify: ",,,,,,,[lab_nulnk_rp_pos_3] = '99',,,,,,
lab_nulnk_rp_ph_3,hfa_laboratory_linkage_neonatal_unit_nurse,,text,Respondent Phone Number:,,,,,,y,[lab_nulnk_rp_num] >= 3,,,,,,
lab_nulnk_rp_hed_4,hfa_laboratory_linkage_neonatal_unit_nurse,,descriptive,"<div style=""background-color:#82cdbf; padding:5px"">Respondent #4</div>",,,,,,,[lab_nulnk_rp_num] >= 4,,,,,,
lab_nulnk_rp_nam_4,hfa_laboratory_linkage_neonatal_unit_nurse,,text,Respondent Name (First and Last):,,,,,,y,[lab_nulnk_rp_num] >= 4,,,,,,
lab_nulnk_rp_pos_4,hfa_laboratory_linkage_neonatal_unit_nurse,,radio,Respondent Position:,"7, Lab Manager | 8, Lab Technician | 6, Hospital Management | 5, Biomedical Engineering Technician | 1, NEST Coordinator | 2, Nurse | 9, Nurse-in-charge | 3, Data Clerk | 4, Clinician | 99, Other <i>(specify below)</i>",,,,,,[lab_nulnk_rp_num] >= 4,,,,,,
lab_nulnk_rp_othpos_4,hfa_laboratory_linkage_neonatal_unit_nurse,,text,"If other position, please specify: ",,,,,,,[lab_nulnk_rp_pos_4] = '99',,,,,,
lab_nulnk_rp_ph_4,hfa_laboratory_linkage_neonatal_unit_nurse,,text,Respondent Phone Number:,,,,,,y,[lab_nulnk_rp_num] >= 4,,,,,,
lab_nulnk_rp_hed_5,hfa_laboratory_linkage_neonatal_unit_nurse,,descriptive,"<div style=""background-color:#82cdbf; padding:5px"">Respondent #5</div>",,,,,,,[lab_nulnk_rp_num] >= 5,,,,,,
lab_nulnk_rp_nam_5,hfa_laboratory_linkage_neonatal_unit_nurse,,text,Respondent Name (First and Last):,,,,,,y,[lab_nulnk_rp_num] >= 5,,,,,,
lab_nulnk_rp_pos_5,hfa_laboratory_linkage_neonatal_unit_nurse,,radio,Respondent Position:,"7, Lab Manager | 8, Lab Technician | 6, Hospital Management | 5, Biomedical Engineering Technician | 1, NEST Coordinator | 2, Nurse | 9, Nurse-in-charge | 3, Data Clerk | 4, Clinician | 99, Other <i>(specify below)</i>",,,,,,[lab_nulnk_rp_num] >= 5,,,,,,
lab_nulnk_rp_othpos_5,hfa_laboratory_linkage_neonatal_unit_nurse,,text,"If other position, please specify: ",,,,,,,[lab_nulnk_rp_pos_5] = '99',,,,,,
lab_nulnk_rp_ph_5,hfa_laboratory_linkage_neonatal_unit_nurse,,text,Respondent Phone Number:,,,,,,y,[lab_nulnk_rp_num] >= 5,,,,,,
lab_nulnk_hed_4,hfa_laboratory_linkage_neonatal_unit_nurse,,descriptive,"<div style=""background-color:#82cdbf; padding:5px""></div>",,,,,,,,,,,,,
lab_nulnk_bld_req,hfa_laboratory_linkage_neonatal_unit_nurse,,text,"In the last 7 days, how many blood cultures were <b>requested</b> by the neonatal unit?",,,integer,-1,750,,[lab_gn_tst_mic_bld] = '1' or [lab_gn_tst_mic_bld] = '2',,,,,,
lab_nulnk_bld_rcv,hfa_laboratory_linkage_neonatal_unit_nurse,,text,"In the last 7 days, how many blood culture results were <b>received</b> by the neonatal unit?",,,integer,-1,750,,[lab_nulnk_bld_req] >= 1,,,,,,
lab_nulnk_csf_req,hfa_laboratory_linkage_neonatal_unit_nurse,,text,"In the last 7 days, how many CSF cultures were <b>requested</b> by the neonatal unit?",,,integer,-1,750,,[lab_gn_tst_mic_csf] = '1' or [lab_gn_tst_mic_csf] = '2',,,,,,
lab_nulnk_csf_rcv,hfa_laboratory_linkage_neonatal_unit_nurse,,text,"In the last 7 days, how many CSF culture results were <b>received</b> by the neonatal unit?",,,integer,-1,750,,[lab_nulnk_csf_req] >= 1,,,,,,
lab_nulnk_bil_req,hfa_laboratory_linkage_neonatal_unit_nurse,,text,"In the last 7 days, how many bilirubin tests were <b>requested</b> by the neonatal unit?",,,integer,-1,750,,[lab_gn_tst_bio_bil_1] = '1' or [lab_gn_tst_bio_bil_1] = '2' or [lab_gn_tst_bio_bil_2] = '1' or [lab_gn_tst_bio_bil_2] = '2',,,,,,
lab_nulnk_bil_rcv,hfa_laboratory_linkage_neonatal_unit_nurse,,text,"In the last 7 days, how many bilirubin test results were <b>received</b> by the neonatal unit?",,,integer,-1,750,,[lab_nulnk_bil_req] >= 1,,,,,,
lab_nulnk_gui,hfa_laboratory_linkage_neonatal_unit_nurse,,yesno,Do you have a protocol for receiving results from the laboratory and adding them to patient files?,,,,,,,,y,,,,,
lab_nulnk_gui_des,hfa_laboratory_linkage_neonatal_unit_nurse,,notes,Please describe this protocol:,,,,,,,[lab_nulnk_gui] = '1',,,,,,
lab_nulnk_tm,hfa_laboratory_linkage_neonatal_unit_nurse,,radio,How long does it usually take to receive results for a suspected sepsis test?,"1, Within an hour | 2, Same day | 3, Within a week | 4, Within a month | 5, Irregularly | 99, Other <i>(specify below)</i>",,,,,,[lab_gn_tst_mic_bld] = '1' or [lab_gn_tst_mic_bld] = '2',,,,,,
lab_nulnk_othtm,hfa_laboratory_linkage_neonatal_unit_nurse,,text,Please specify other length of time for receiving results:,,,,,,,[lab_nulnk_tm] = '99',,,,,,
lab_nulnk_hed_5,hfa_laboratory_linkage_neonatal_unit_nurse,,descriptive,"<div style=""background-color:#82cdbf; padding:5px""></div>",,,,,,,,,,,,,
lab_nulnk_com,hfa_laboratory_linkage_neonatal_unit_nurse,,notes,Comments:,,,,,,,,,,,,,
lab_nup_hed_1,hfa_neonatal_unit_medicines,,descriptive,"<div style=""background-color:#82cdbf;padding:10px""></i></div>",,,,,,,,,,,,,
lab_nup_ban_1,hfa_neonatal_unit_medicines,,descriptive,,,,,,,,,,,,,,
lab_nup_hed_2,hfa_neonatal_unit_medicines,,descriptive,"<div class=""h4"" style=""background-color:#82cdbf;padding:10px"">Neonatal Unit Medicines</div>",,,,,,,,,,,,,
lab_nup_ins_1,hfa_neonatal_unit_medicines,,descriptive,"<p style=""font-weight:normal""><i><b>INSTRUCTIONS:</b> Direct these questions to the nurse in charge. The following questions will ask about the availability of various pharmaceutical drugs <b>on the neonatal unit</b>. For the following questions you should first assess if the item is available today. If no item is available, select <b>""not available today""</b>. If the item is available today and has not been out of stock in the last four weeks, select <b>""available and no stockout in last 4 weeks""</b>. If the item is available today, but there has been a stock out at any point in the last four weeks, select <b>""available today, but stockout in last 4 weeks""</b>.</i></p>",,,,,,,,,,,,,
lab_nup_hed_3,hfa_neonatal_unit_medicines,,descriptive,"<div style=""background-color:#82cdbf;padding:10px""></i></div>",,,,,,,,,,,,,
lab_nup_rp_num,hfa_neonatal_unit_medicines,,radio,Number of Respondents Interviewed:,"1, 1 respondent|2, 2 respondents|3, 3 respondents|4, 4 respondents|5, 5 respondents",,,,,,,y,,,,,
lab_nup_rp_hed_1,hfa_neonatal_unit_medicines,,descriptive,"<div style=""background-color:#82cdbf; padding:5px"">Respondent #1</div>",,,,,,,[lab_nup_rp_num] >= 1,,,,,,
lab_nup_rp_nam_1,hfa_neonatal_unit_medicines,,text,Respondent Name (First and Last):,,,,,,y,[lab_nup_rp_num] >= 1,y,,,,,
lab_nup_rp_pos_1,hfa_neonatal_unit_medicines,,radio,Respondent Position:,"7, Lab Manager | 8, Lab Technician | 6, Hospital Management | 5, Biomedical Engineering Technician | 1, NEST Coordinator | 2, Nurse | 9, Nurse-in-charge | 3, Data Clerk | 4, Clinician | 99, Other <i>(specify below)</i>",,,,,,[lab_nup_rp_num] >= 1,y,,,,,
lab_nup_rp_othpos_1,hfa_neonatal_unit_medicines,,text,"If other position, please specify: ",,,,,,,[lab_nup_rp_pos_1] = '99',,,,,,
lab_nup_rp_ph_1,hfa_neonatal_unit_medicines,,text,Respondent Phone Number:,,,,,,y,[lab_nup_rp_num] >= 1,,,,,,
lab_nup_rp_hed_2,hfa_neonatal_unit_medicines,,descriptive,"<div style=""background-color:#82cdbf; padding:5px"">Respondent #2</div>",,,,,,,[lab_nup_rp_num] >= 2,,,,,,
lab_nup_rp_nam_2,hfa_neonatal_unit_medicines,,text,Respondent Name (First and Last):,,,,,,y,[lab_nup_rp_num] >= 2,,,,,,
lab_nup_rp_pos_2,hfa_neonatal_unit_medicines,,radio,Respondent Position:,"7, Lab Manager | 8, Lab Technician | 6, Hospital Management | 5, Biomedical Engineering Technician | 1, NEST Coordinator | 2, Nurse | 9, Nurse-in-charge | 3, Data Clerk | 4, Clinician | 99, Other <i>(specify below)</i>",,,,,,[lab_nup_rp_num] >= 2,,,,,,
lab_nup_rp_othpos_2,hfa_neonatal_unit_medicines,,text,"If other position, please specify: ",,,,,,,[lab_nup_rp_pos_2] = '99',,,,,,
lab_nup_rp_ph_2,hfa_neonatal_unit_medicines,,text,Respondent Phone Number:,,,,,,y,[lab_nup_rp_num] >= 2,,,,,,
lab_nup_rp_hed_3,hfa_neonatal_unit_medicines,,descriptive,"<div style=""background-color:#82cdbf; padding:5px"">Respondent #3</div>",,,,,,,[lab_nup_rp_num] >= 3,,,,,,
lab_nup_rp_nam_3,hfa_neonatal_unit_medicines,,text,Respondent Name (First and Last):,,,,,,y,[lab_nup_rp_num] >= 3,,,,,,
lab_nup_rp_pos_3,hfa_neonatal_unit_medicines,,radio,Respondent Position:,"7, Lab Manager | 8, Lab Technician | 6, Hospital Management | 5, Biomedical Engineering Technician | 1, NEST Coordinator | 2, Nurse | 9, Nurse-in-charge | 3, Data Clerk | 4, Clinician | 99, Other <i>(specify below)</i>",,,,,,[lab_nup_rp_num] >= 3,,,,,,
lab_nup_rp_othpos_3,hfa_neonatal_unit_medicines,,text,"If other position, please specify: ",,,,,,,[lab_nup_rp_pos_3] = '99',,,,,,
lab_nup_rp_ph_3,hfa_neonatal_unit_medicines,,text,Respondent Phone Number:,,,,,,y,[lab_nup_rp_num] >= 3,,,,,,
lab_nup_rp_hed_4,hfa_neonatal_unit_medicines,,descriptive,"<div style=""background-color:#82cdbf; padding:5px"">Respondent #4</div>",,,,,,,[lab_nup_rp_num] >= 4,,,,,,
lab_nup_rp_nam_4,hfa_neonatal_unit_medicines,,text,Respondent Name (First and Last):,,,,,,y,[lab_nup_rp_num] >= 4,,,,,,
lab_nup_rp_pos_4,hfa_neonatal_unit_medicines,,radio,Respondent Position:,"7, Lab Manager | 8, Lab Technician | 6, Hospital Management | 5, Biomedical Engineering Technician | 1, NEST Coordinator | 2, Nurse | 9, Nurse-in-charge | 3, Data Clerk | 4, Clinician | 99, Other <i>(specify below)</i>",,,,,,[lab_nup_rp_num] >= 4,,,,,,
lab_nup_rp_othpos_4,hfa_neonatal_unit_medicines,,text,"If other position, please specify: ",,,,,,,[lab_nup_rp_pos_4] = '99',,,,,,
lab_nup_rp_ph_4,hfa_neonatal_unit_medicines,,text,Respondent Phone Number:,,,,,,y,[lab_nup_rp_num] >= 4,,,,,,
lab_nup_rp_hed_5,hfa_neonatal_unit_medicines,,descriptive,"<div style=""background-color:#82cdbf; padding:5px"">Respondent #5</div>",,,,,,,[lab_nup_rp_num] >= 5,,,,,,
lab_nup_rp_nam_5,hfa_neonatal_unit_medicines,,text,Respondent Name (First and Last):,,,,,,y,[lab_nup_rp_num] >= 5,,,,,,
lab_nup_rp_pos_5,hfa_neonatal_unit_medicines,,radio,Respondent Position:,"7, Lab Manager | 8, Lab Technician | 6, Hospital Management | 5, Biomedical Engineering Technician | 1, NEST Coordinator | 2, Nurse | 9, Nurse-in-charge | 3, Data Clerk | 4, Clinician | 99, Other <i>(specify below)</i>",,,,,,[lab_nup_rp_num] >= 5,,,,,,
lab_nup_rp_othpos_5,hfa_neonatal_unit_medicines,,text,"If other position, please specify: ",,,,,,,[lab_nup_rp_pos_5] = '99',,,,,,
lab_nup_rp_ph_5,hfa_neonatal_unit_medicines,,text,Respondent Phone Number:,,,,,,y,[lab_nup_rp_num] >= 5,,,,,,
lab_nup_pmtct_hed,hfa_neonatal_unit_medicines,,descriptive,"<div style=""background-color:#fbd0c1; padding:5px"">Prevention of mother-to-child transmission (PMTCT)</div>",,,,,,,,,,,,,
lab_nup_pmtct_avl,hfa_neonatal_unit_medicines,,yesno,Does the neonatal unit have any antiretrovirals?,,,,,,,,y,RH,,,,
lab_nup_pmtct_1,hfa_neonatal_unit_medicines,,radio,Azidothymidine/Zidovudine (AZT) (oral),"1, Available today and no stockout in last 4 weeks | 2, Available today, but stockout in last 4 weeks | 0, Not available today",,,,,,[lab_nup_pmtct_avl] = '1',,,,lab_nup_pmtct,,
lab_nup_pmtct_2,hfa_neonatal_unit_medicines,,radio,Nevirapine (NVP) (oral),"1, Available today and no stockout in last 4 weeks | 2, Available today, but stockout in last 4 weeks | 0, Not available today",,,,,,[lab_nup_pmtct_avl] = '1',,,,lab_nup_pmtct,,
lab_nup_iv_hed,hfa_neonatal_unit_medicines,,descriptive,"<div style=""background-color:#fbd0c1; padding:5px"">Hypoglycemia and IV fluids</div>",,,,,,,,,,,,,
lab_nup_iv_avl,hfa_neonatal_unit_medicines,,yesno,Does the neonatal unit have any IV fluids?,,,,,,,,y,RH,,,,
lab_nup_iv_dext_10,hfa_neonatal_unit_medicines,,radio,Dextrose/glucose 10%,"1, Available today and no stockout in last 4 weeks | 2, Available today, but stockout in last 4 weeks | 0, Not available today",,,,,,[lab_nup_iv_avl] = '1',,,,lab_nup_iv,,
lab_nup_iv_nss,hfa_neonatal_unit_medicines,,radio,Normal saline,"1, Available today and no stockout in last 4 weeks | 2, Available today, but stockout in last 4 weeks | 0, Not available today",,,,,,[lab_nup_iv_avl] = '1',,,,lab_nup_iv,,
lab_nup_iv_nacl,hfa_neonatal_unit_medicines,,radio,Sodium chloride 0.9%,"1, Available today and no stockout in last 4 weeks | 2, Available today, but stockout in last 4 weeks | 0, Not available today",,,,,,[lab_nup_iv_avl] = '1',,,,lab_nup_iv,,
lab_nup_iv_ring,hfa_neonatal_unit_medicines,,radio,Ringer's lactate,"1, Available today and no stockout in last 4 weeks | 2, Available today, but stockout in last 4 weeks | 0, Not available today",,,,,,[lab_nup_iv_avl] = '1',,,,lab_nup_iv,,
lab_nup_iv_h2o,hfa_neonatal_unit_medicines,,radio,Water for injection,"1, Available today and no stockout in last 4 weeks | 2, Available today, but stockout in last 4 weeks | 0, Not available today",,,,,,[lab_nup_iv_avl] = '1',,,,lab_nup_iv,,
lab_nup_abx_hed,hfa_neonatal_unit_medicines,,descriptive,"<div style=""background-color:#fbd0c1; padding:5px"">Infection</div>",,,,,,,,,,,,,
lab_nup_abx_avl,hfa_neonatal_unit_medicines,,yesno,Does the neonatal unit have any antibiotics?,,,,,,,,y,RH,,,,
lab_nup_abx_amox,hfa_neonatal_unit_medicines,,radio,Amoxicillin (oral suspension),"1, Available today and no stockout in last 4 weeks | 2, Available today, but stockout in last 4 weeks | 0, Not available today",,,,,,[lab_nup_abx_avl] = '1',,,,lab_nup_abx,,
lab_nup_abx_amox_im,hfa_neonatal_unit_medicines,,radio,Amoxicillin (injection),"1, Available today and no stockout in last 4 weeks | 2, Available today, but stockout in last 4 weeks | 0, Not available today",,,,,,[lab_nup_abx_avl] = '1',,,,lab_nup_abx,,
lab_nup_abx_amk,hfa_neonatal_unit_medicines,,radio,Amikacin (injection),"1, Available today and no stockout in last 4 weeks | 2, Available today, but stockout in last 4 weeks | 0, Not available today",,,,,,[lab_nup_abx_avl] = '1',,,,lab_nup_abx,,
lab_nup_abx_amp_im,hfa_neonatal_unit_medicines,,radio,Ampicillin (IV or IM),"1, Available today and no stockout in last 4 weeks | 2, Available today, but stockout in last 4 weeks | 0, Not available today",,,,,,[lab_nup_abx_avl] = '1',,,,lab_nup_abx,,
lab_nup_abx_bp_im,hfa_neonatal_unit_medicines,,radio,Benzathine benzylpenicillin (IM),"1, Available today and no stockout in last 4 weeks | 2, Available today, but stockout in last 4 weeks | 0, Not available today",,,,,,[lab_nup_abx_avl] = '1',,,,lab_nup_abx,,
lab_nup_abx_crpn,hfa_neonatal_unit_medicines,,radio,Benzylpenicillin (Penicillin G) (IV or IM),"1, Available today and no stockout in last 4 weeks | 2, Available today, but stockout in last 4 weeks | 0, Not available today",,,,,,[lab_nup_abx_avl] = '1',,,,lab_nup_abx,,
lab_nup_abx_cefo,hfa_neonatal_unit_medicines,,radio,Cefotaxime (IV or IM),"1, Available today and no stockout in last 4 weeks | 2, Available today, but stockout in last 4 weeks | 0, Not available today",,,,,,[lab_nup_abx_avl] = '1',,,,lab_nup_abx,,
lab_nup_abx_cefx,hfa_neonatal_unit_medicines,,radio,Ceftriaxone (IV or IM),"1, Available today and no stockout in last 4 weeks | 2, Available today, but stockout in last 4 weeks | 0, Not available today",,,,,,[lab_nup_abx_avl] = '1',,,,lab_nup_abx,,
lab_nup_abx_fluc_im,hfa_neonatal_unit_medicines,,radio,Flucloxacillin/cloxacillin (IV or IM),"1, Available today and no stockout in last 4 weeks | 2, Available today, but stockout in last 4 weeks | 0, Not available today",,,,,,[lab_nup_abx_avl] = '1',,,,lab_nup_abx,,
lab_nup_abx_gent,hfa_neonatal_unit_medicines,,radio,Gentamicin (IV or IM),"1, Available today and no stockout in last 4 weeks | 2, Available today, but stockout in last 4 weeks | 0, Not available today",,,,,,[lab_nup_abx_avl] = '1',,,,lab_nup_abx,,
lab_nup_abx_mpem,hfa_neonatal_unit_medicines,,radio,Meropenem,"1, Available today and no stockout in last 4 weeks | 2, Available today, but stockout in last 4 weeks | 0, Not available today",,,,,,[lab_nup_abx_avl] = '1',,,,lab_nup_abx,,
lab_nup_abx_tetra,hfa_neonatal_unit_medicines,,radio,Tetracycline 1% eye ointment,"1, Available today and no stockout in last 4 weeks | 2, Available today, but stockout in last 4 weeks | 0, Not available today",,,,,,[lab_nup_abx_avl] = '1',,,,lab_nup_abx,,
lab_nup_aed_hed,hfa_neonatal_unit_medicines,,descriptive,"<div style=""background-color:#fbd0c1; padding:5px"">Seizure Management</div>",,,,,,,,,,,,,
lab_nup_aed_avl,hfa_neonatal_unit_medicines,,yesno,Does the neonatal unit have any anticonvulsants?,,,,,,,,y,RH,,,,
lab_nup_aed_para,hfa_neonatal_unit_medicines,,radio,Paraldehyde (rectal),"1, Available today and no stockout in last 4 weeks | 2, Available today, but stockout in last 4 weeks | 0, Not available today",,,,,,[lab_nup_aed_avl] = '1',,,,lab_nup_aed,,
lab_nup_aed_phnob_im,hfa_neonatal_unit_medicines,,radio,Phenobarbital (IV or IM),"1, Available today and no stockout in last 4 weeks | 2, Available today, but stockout in last 4 weeks | 0, Not available today",,,,,,[lab_nup_aed_avl] = '1',,,,lab_nup_aed,,
lab_nup_anlg_hed,hfa_neonatal_unit_medicines,,descriptive,"<div style=""background-color:#fbd0c1; padding:5px"">Analgesics</div>",,,,,,,,,,,,,
lab_nup_anlg_avl,hfa_neonatal_unit_medicines,,yesno,Does the neonatal unit have any analgesics?,,,,,,,,y,RH,,,,
lab_nup_anlg_parac_orl,hfa_neonatal_unit_medicines,,radio,Paracetamol (oral),"1, Available today and no stockout in last 4 weeks | 2, Available today, but stockout in last 4 weeks | 0, Not available today",,,,,,[lab_nup_anlg_avl] = '1',,,,lab_nup_anlg,,
lab_nup_anlg_parac_im,hfa_neonatal_unit_medicines,,radio,Paracetamol (injection),"1, Available today and no stockout in last 4 weeks | 2, Available today, but stockout in last 4 weeks | 0, Not available today",,,,,,[lab_nup_anlg_avl] = '1',,,,lab_nup_anlg,,
lab_nup_emrg_hed,hfa_neonatal_unit_medicines,,descriptive,"<div style=""background-color:#fbd0c1; padding:5px"">Emergency Drugs</div>",,,,,,,,,,,,,
lab_nup_emrg_avl,hfa_neonatal_unit_medicines,,yesno,Does the neonatal unit have any emergency drugs?,,,,,,,,y,RH,,,,
lab_nup_emrg_epin,hfa_neonatal_unit_medicines,,radio,Adrenaline/epinephrine (IV),"1, Available today and no stockout in last 4 weeks | 2, Available today, but stockout in last 4 weeks | 0, Not available today",,,,,,[lab_nup_emrg_avl] = '1',,,,lab_nup_emrg,,
lab_nup_emrg_glu,hfa_neonatal_unit_medicines,,radio,Calcium gluconate 10% (injection),"1, Available today and no stockout in last 4 weeks | 2, Available today, but stockout in last 4 weeks | 0, Not available today",,,,,,[lab_nup_emrg_avl] = '1',,,,lab_nup_emrg,,
lab_nup_emrg_hydr,hfa_neonatal_unit_medicines,,radio,Hydrocortisone (injection),"1, Available today and no stockout in last 4 weeks | 2, Available today, but stockout in last 4 weeks | 0, Not available today",,,,,,[lab_nup_emrg_avl] = '1',,,,lab_nup_emrg,,
lab_nup_emrg_nalo,hfa_neonatal_unit_medicines,,radio,Naloxone (IV),"1, Available today and no stockout in last 4 weeks | 2, Available today, but stockout in last 4 weeks | 0, Not available today",,,,,,[lab_nup_emrg_avl] = '1',,,,lab_nup_emrg,,
lab_nup_oth_hed,hfa_neonatal_unit_medicines,,descriptive,"<div style=""background-color:#fbd0c1; padding:5px"">Other Drugs</div>",,,,,,,,,,,,,
lab_nup_oth_acyl,hfa_neonatal_unit_medicines,,radio,Acyclovir (IV),"1, Available today and no stockout in last 4 weeks | 2, Available today, but stockout in last 4 weeks | 0, Not available today",,,,,,,y,,,lab_nup_oth,,
lab_nup_oth_amino,hfa_neonatal_unit_medicines,,radio,Aminophylline,"1, Available today and no stockout in last 4 weeks | 2, Available today, but stockout in last 4 weeks | 0, Not available today",,,,,,,y,,,lab_nup_oth,,
lab_nup_oth_caff_orl,hfa_neonatal_unit_medicines,,radio,Caffeine citrate (oral),"1, Available today and no stockout in last 4 weeks | 2, Available today, but stockout in last 4 weeks | 0, Not available today",,,,,,,y,,,lab_nup_oth,,
lab_nup_oth_chloro,hfa_neonatal_unit_medicines,,radio,Chlorhexidine digluconate 7.1% gel (delivering 4% chlorhexidine),"1, Available today and no stockout in last 4 weeks | 2, Available today, but stockout in last 4 weeks | 0, Not available today",,,,,,,y,,,lab_nup_oth,,
lab_nup_oth_furos,hfa_neonatal_unit_medicines,,radio,Furosemide (IV),"1, Available today and no stockout in last 4 weeks | 2, Available today, but stockout in last 4 weeks | 0, Not available today",,,,,,,y,,,lab_nup_oth,,
lab_nup_oth_mico,hfa_neonatal_unit_medicines,,radio,Miconazole cream (or equivalent e.g. gentian violet),"1, Available today and no stockout in last 4 weeks | 2, Available today, but stockout in last 4 weeks | 0, Not available today",,,,,,,y,,,lab_nup_oth,,
lab_nup_oth_vit,hfa_neonatal_unit_medicines,,radio,Multivitamin,"1, Available today and no stockout in last 4 weeks | 2, Available today, but stockout in last 4 weeks | 0, Not available today",,,,,,,y,,,lab_nup_oth,,
lab_nup_oth_nyst_orl,hfa_neonatal_unit_medicines,,radio,Nystatin (oral solution),"1, Available today and no stockout in last 4 weeks | 2, Available today, but stockout in last 4 weeks | 0, Not available today",,,,,,,y,,,lab_nup_oth,,
lab_nup_oth_vitk,hfa_neonatal_unit_medicines,,radio,Vitamin K1 (Phytomenadione) (IV or IM),"1, Available today and no stockout in last 4 weeks | 2, Available today, but stockout in last 4 weeks | 0, Not available today",,,,,,,y,,,lab_nup_oth,,
lab_nup_oth_h2o,hfa_neonatal_unit_medicines,,radio,Water based lubricant,"1, Available today and no stockout in last 4 weeks | 2, Available today, but stockout in last 4 weeks | 0, Not available today",,,,,,,y,,,lab_nup_oth,,
lab_nup_hed_4,hfa_neonatal_unit_medicines,,descriptive,"<div style=""background-color:#82cdbf; padding:5px""></div>",,,,,,,,,,,,,
lab_nup_com,hfa_neonatal_unit_medicines,,notes,Comments:,,,,,,,,,,,,,