Variable / Field Name,Form Name,Section Header,Field Type,Field Label,"Choices, Calculations, OR Slider Labels",Field Note,Text Validation Type OR Show Slider Number,Text Validation Min,Text Validation Max,Identifier?,Branching Logic (Show field only if...),Required Field?,Custom Alignment,Question Number (surveys only),Matrix Group Name,Matrix Ranking?,Field Annotation
md_id_recid,hfa_identification,,text,Record ID,,,,,,,,,,,,,
md_id_hed_1,hfa_identification,,descriptive,"<div style=""background-color:#82cdbf; padding:5px""></div>",,,,,,,,,,,,,
md_id_ban_1,hfa_identification,,descriptive,,,,,,,,,,,,,,
md_id_hed_2,hfa_identification,,descriptive,"<div class=""h4"" style=""background-color:#82cdbf;padding:10px"">Medical Devices and Supplies</div>",,,,,,,,,,,,,
md_id_ins_1,hfa_identification,,descriptive,"<p style=""font-weight:normal""><i><b>INSTRUCTIONS:</b> This module includes five sections:<br><br>Section 1: Infection prevention supplies (direct questions to nurse in charge) <br>
Section 2: Inventory and forecasting of consumables (direct questions to nurse in charge)<br>
Section 3: Neonatal care devices and supplies - general (direct questions to the engineer/technician in conjunction with the nurse in charge)<br>
Section 4: Neonatal care devices and supplies - clinical competencies (direct questions to the engineer/technician in conjunction with the nurse in charge)<br>
Section 5: Maintenance and repair (direct questions to nurse in charge) </p>",,,,,,,,,,,,,
md_id_hed_3,hfa_identification,,descriptive,"<div style=""background-color:#82cdbf; padding:5px""></div>",,,,,,,,,,,,,
md_id_ctry,hfa_identification,,radio,Country:,"1, Malawi | 2, Kenya | 3, Tanzania | 4, Nigeria",,,,,,,y,,,,,
md_id_facid_mw,hfa_identification,,dropdown,Facility Name:,"1, Fill in Facility IDs",,,,,,[md_id_ctry] = '1',y,,,,,
md_id_facid_ke,hfa_identification,,dropdown,Facility Name:,"1, Fill in Facility IDs",,,,,,[md_id_ctry] = '2',y,,,,,
md_id_facid_tz,hfa_identification,,dropdown,Facility Name:,"1, Fill in Facility IDs",,,,,,[md_id_ctry] = '3',y,,,,,
md_id_facid_nga,hfa_identification,,dropdown,Facility Name:,"1, Fill in Facility IDs",,,,,,[md_id_ctry] = '4',y,,,,,
md_id_dtfrm,hfa_identification,,text,Data Collection Date:,,,date_ymd,,,,,y,,,,,
md_id_hed_4,hfa_identification,,descriptive,"<div style=""background-color:#82cdbf; padding:5px"">Data Collectors</div>",,,,,,,,,,,,,
md_id_iw_num,hfa_identification,,radio,How many data collectors collected this data?,"1, 1 data collector | 2, 2 data collectors",,,,,,,y,,,,,
md_id_hed_5,hfa_identification,,descriptive,"<div style=""background-color:#82cdbf; padding:5px"">Data Collector #1</div>",,,,,,,[md_id_iw_num] = '1' or [md_id_iw_num] = '2',,,,,,
md_id_iw_nam_1,hfa_identification,,text,Data Collector First and Last Name:,,,,,,y,[md_id_iw_num] = '1' or [md_id_iw_num] = '2',y,,,,,
md_id_hed_6,hfa_identification,,descriptive,"<div style=""background-color:#82cdbf; padding:5px"">Data Collector #2</div>",,,,,,,[md_id_iw_num] = '2',,,,,,
md_id_iw_nam_2,hfa_identification,,text,Data Collector First and Last Name:,,,,,,y,[md_id_iw_num] = '2',,,,,,
md_id_hed_7,hfa_identification,,descriptive,"<div style=""background-color:#82cdbf; padding:5px""></div>",,,,,,,,,,,,,
md_id_com,hfa_identification,,notes,Comments:,,,,,,,,,,,,,
md_if_hed_1,hfa_infection_prevention,,descriptive,"<div style=""background-color:#82cdbf; padding:5px""></div>",,,,,,,,,,,,,
md_if_ban_1,hfa_infection_prevention,,descriptive,,,,,,,,,,,,,,
md_if_hed_2,hfa_infection_prevention,,descriptive,"<div class=""h4"" style=""background-color:#82cdbf;padding:10px"">Infection Prevention Supplies</div>",,,,,,,,,,,,,
md_if_ins_1,hfa_infection_prevention,,descriptive,"<p style=""font-weight:normal""><i><b>INSTRUCTIONS:</b> Direct these questions to the nurse in charge. All items should be observed. The following questions will ask about the availability of various items for infection prevention. For the following questions you should first assess if the item is available today. If no item is available, select <b>""not available today""</b>. If the item is available today and has not been out of stock in the last four weeks, select <b>""available today and no stockout in last 4 weeks""</b>. If the item is available today, but there has been a stock out at any point in the last four weeks, select <b>""available today, but stockout in last 4 weeks"".</b> </p>",,,,,,,,,,,,,
md_if_hed_3,hfa_infection_prevention,,descriptive,"<div style=""background-color:#82cdbf; padding:10px""></div>",,,,,,,,,,,,,
md_if_rp_num,hfa_infection_prevention,,radio,Number of Respondents Interviewed:,"1, 1 respondent|2, 2 respondents|3, 3 respondents|4, 4 respondents|5, 5 respondents",,,,,,,y,,,,,
md_if_rp_hed_1,hfa_infection_prevention,,descriptive,"<div style=""background-color:#82cdbf; padding:5px"">Respondent #1</div>",,,,,,,[md_if_rp_num] >= 1,,,,,,
md_if_rp_nam_1,hfa_infection_prevention,,text,Respondent Name (First and Last):,,,,,,y,[md_if_rp_num] >= 1,y,,,,,
md_if_rp_pos_1,hfa_infection_prevention,,radio,Respondent Position:,"6, Hospital Management | 5, Biomedical Engineering Technician | 1, NEST Coordinator | 2, Nurse | 7, Nurse-in-charge | 3, Data Clerk | 4, Clinician | 99, Other <i>(specify below)</i>",,,,,,[md_if_rp_num] >= 1,y,,,,,
md_if_rp_othpos_1,hfa_infection_prevention,,text,"If other position, please specify: ",,,,,,,[md_if_rp_pos_1] = '99',,,,,,
md_if_rp_ph_1,hfa_infection_prevention,,text,Respondent Phone Number:,,,,,,y,[md_if_rp_num] >= 1,,,,,,
md_if_rp_hed_2,hfa_infection_prevention,,descriptive,"<div style=""background-color:#82cdbf; padding:5px"">Respondent #2</div>",,,,,,,[md_if_rp_num] >= 2,,,,,,
md_if_rp_nam_2,hfa_infection_prevention,,text,Respondent Name (First and Last):,,,,,,y,[md_if_rp_num] >= 2,,,,,,
md_if_rp_pos_2,hfa_infection_prevention,,radio,Respondent Position:,"6, Hospital Management | 5, Biomedical Engineering Technician | 1, NEST Coordinator | 2, Nurse | 7, Nurse-in-charge | 3, Data Clerk | 4, Clinician | 99, Other <i>(specify below)</i>",,,,,,[md_if_rp_num] >= 2,,,,,,
md_if_rp_othpos_2,hfa_infection_prevention,,text,"If other position, please specify: ",,,,,,,[md_if_rp_pos_2] = '99',,,,,,
md_if_rp_ph_2,hfa_infection_prevention,,text,Respondent Phone Number:,,,,,,y,[md_if_rp_num] >= 2,,,,,,
md_if_rp_hed_3,hfa_infection_prevention,,descriptive,"<div style=""background-color:#82cdbf; padding:5px"">Respondent #3</div>",,,,,,,[md_if_rp_num] >= 3,,,,,,
md_if_rp_nam_3,hfa_infection_prevention,,text,Respondent Name (First and Last):,,,,,,y,[md_if_rp_num] >= 3,,,,,,
md_if_rp_pos_3,hfa_infection_prevention,,radio,Respondent Position:,"6, Hospital Management | 5, Biomedical Engineering Technician | 1, NEST Coordinator | 2, Nurse | 7, Nurse-in-charge | 3, Data Clerk | 4, Clinician | 99, Other <i>(specify below)</i>",,,,,,[md_if_rp_num] >= 3,,,,,,
md_if_rp_othpos_3,hfa_infection_prevention,,text,"If other position, please specify: ",,,,,,,[md_if_rp_pos_3] = '99',,,,,,
md_if_rp_ph_3,hfa_infection_prevention,,text,Respondent Phone Number:,,,,,,y,[md_if_rp_num] >= 3,,,,,,
md_if_rp_hed_4,hfa_infection_prevention,,descriptive,"<div style=""background-color:#82cdbf; padding:5px"">Respondent #4</div>",,,,,,,[md_if_rp_num] >= 4,,,,,,
md_if_rp_nam_4,hfa_infection_prevention,,text,Respondent Name (First and Last):,,,,,,y,[md_if_rp_num] >= 4,,,,,,
md_if_rp_pos_4,hfa_infection_prevention,,radio,Respondent Position:,"6, Hospital Management | 5, Biomedical Engineering Technician | 1, NEST Coordinator | 2, Nurse | 7, Nurse-in-charge | 3, Data Clerk | 4, Clinician | 99, Other <i>(specify below)</i>",,,,,,[md_if_rp_num] >= 4,,,,,,
md_if_rp_othpos_4,hfa_infection_prevention,,text,"If other position, please specify: ",,,,,,,[md_if_rp_pos_4] = '99',,,,,,
md_if_rp_ph_4,hfa_infection_prevention,,text,Respondent Phone Number:,,,,,,y,[md_if_rp_num] >= 4,,,,,,
md_if_rp_hed_5,hfa_infection_prevention,,descriptive,"<div style=""background-color:#82cdbf; padding:5px"">Respondent #5</div>",,,,,,,[md_if_rp_num] >= 5,,,,,,
md_if_rp_nam_5,hfa_infection_prevention,,text,Respondent Name (First and Last):,,,,,,y,[md_if_rp_num] >= 5,,,,,,
md_if_rp_pos_5,hfa_infection_prevention,,radio,Respondent Position:,"6, Hospital Management | 5, Biomedical Engineering Technician | 1, NEST Coordinator | 2, Nurse | 7, Nurse-in-charge | 3, Data Clerk | 4, Clinician | 99, Other <i>(specify below)</i>",,,,,,[md_if_rp_num] >= 5,,,,,,
md_if_rp_othpos_5,hfa_infection_prevention,,text,"If other position, please specify: ",,,,,,,[md_if_rp_pos_5] = '99',,,,,,
md_if_rp_ph_5,hfa_infection_prevention,,text,Respondent Phone Number:,,,,,,y,[md_if_rp_num] >= 5,,,,,,
md_if_itm_hed,hfa_infection_prevention,,descriptive,"<div style=""background-color:#fbd0c1; padding:10px"">Infection Prevention Basic Items: Does this neonatal unit have ...?</div>",,,,,,,,,,,,,
md_if_itm_sp,hfa_infection_prevention,,radio,Soap,"1, Available today and no stockout in last 4 weeks | 3, Available today, but stockout in last 4 weeks | 0, Not available today",,,,,,,y,,,md_if_itm,,
md_if_itm_disnf,hfa_infection_prevention,,radio,Antiseptics,"1, Available today and no stockout in last 4 weeks | 3, Available today, but stockout in last 4 weeks | 0, Not available today",,,,,,,y,,,md_if_itm,,
md_if_itm_glv_cons,hfa_infection_prevention,,radio,Disposable latex examination gloves,"1, Available today and no stockout in last 4 weeks | 3, Available today, but stockout in last 4 weeks | 0, Not available today",,,,,,,y,,,md_if_itm,,
md_if_itm_glv_hiwt,hfa_infection_prevention,,radio,Heavy duty gloves,"1, Available today and no stockout in last 4 weeks | 3, Available today, but stockout in last 4 weeks | 0, Not available today",,,,,,,y,,,md_if_itm,,
md_if_itm_uni,hfa_infection_prevention,,radio,Non-sterile protective clothing,"1, Available today and no stockout in last 4 weeks | 3, Available today, but stockout in last 4 weeks | 0, Not available today",,,,,,,y,,,md_if_itm,,
md_if_itm_chlr,hfa_infection_prevention,,radio,Bleach or bleaching powder (e.g. chlorine),"1, Available today and no stockout in last 4 weeks | 3, Available today, but stockout in last 4 weeks | 0, Not available today",,,,,,,y,,,md_if_itm,,
md_if_itm_disnf_prep,hfa_infection_prevention,,radio,Prepared disinfection solution,"1, Available today and no stockout in last 4 weeks | 3, Available today, but stockout in last 4 weeks | 0, Not available today",,,,,,,y,,,md_if_itm,,
md_if_itm_mayo,hfa_infection_prevention,,radio,Mayo stand (or equivalent to establish sterile field),"1, Available today and no stockout in last 4 weeks | 3, Available today, but stockout in last 4 weeks | 0, Not available today",,,,,,,y,,,md_if_itm,,
md_if_itm_brus,hfa_infection_prevention,,radio,Surgeon's handbrush with nylon bristles,"1, Available today and no stockout in last 4 weeks | 3, Available today, but stockout in last 4 weeks | 0, Not available today",,,,,,,y,,,md_if_itm,,
md_if_itm_mop,hfa_infection_prevention,,radio,Mop,"1, Available today and no stockout in last 4 weeks | 3, Available today, but stockout in last 4 weeks | 0, Not available today",,,,,,,y,,,md_if_itm,,
md_if_disnf_hed,hfa_infection_prevention,,descriptive,"<div style=""background-color:#fbd0c1; padding:10px"">Disinfectants and antiseptics: Does this neonatal unit have ...? <i></div>",,,,,,,,,,,,,
md_if_disnf_chloro,hfa_infection_prevention,,radio,Chlorhexidine (7%) gel,"1, Available today and no stockout in last 4 weeks | 3, Available today, but stockout in last 4 weeks | 0, Not available today",,,,,,,y,,,md_if_disnf,,
md_if_disnf_ethn,hfa_infection_prevention,,radio,Ethanol (e.g. 70%),"1, Available today and no stockout in last 4 weeks | 3, Available today, but stockout in last 4 weeks | 0, Not available today",,,,,,,y,,,md_if_disnf,,
md_if_disnf_iod,hfa_infection_prevention,,radio,Povidone iodine,"1, Available today and no stockout in last 4 weeks | 3, Available today, but stockout in last 4 weeks | 0, Not available today",,,,,,,y,,,md_if_disnf,,
md_if_disnf_abhs,hfa_infection_prevention,,radio,Alcohol-based rub,"1, Available today and no stockout in last 4 weeks | 3, Available today, but stockout in last 4 weeks | 0, Not available today",,,,,,,y,,,md_if_disnf,,
md_if_disnf_clo,hfa_infection_prevention,,radio,Hypochlorite,"1, Available today and no stockout in last 4 weeks | 3, Available today, but stockout in last 4 weeks | 0, Not available today",,,,,,,y,,,md_if_disnf,,
md_if_ppe_hed,hfa_infection_prevention,,descriptive,"<div style=""background-color:#fbd0c1; padding:10px"">Personal protective equipment (PPE): Does this neonatal unit have ...? </div>",,,,,,,,,,,,,
md_if_ppe_glv_cons,hfa_infection_prevention,,radio,Gloves (disposable),"1, Available today and no stockout in last 4 weeks | 3, Available today, but stockout in last 4 weeks | 0, Not available today",,,,,,,y,,,md_if_ppe,,
md_if_ppe_glv_reus,hfa_infection_prevention,,radio,Gloves (reusable),"1, Available today and no stockout in last 4 weeks | 3, Available today, but stockout in last 4 weeks | 0, Not available today",,,,,,,y,,,md_if_ppe,,
md_if_ppe_msk,hfa_infection_prevention,,radio,Face mask (dust/debris),"1, Available today and no stockout in last 4 weeks | 3, Available today, but stockout in last 4 weeks | 0, Not available today",,,,,,,y,,,md_if_ppe,,
md_if_ppe_msk_surg,hfa_infection_prevention,,radio,Face mask (surgical),"1, Available today and no stockout in last 4 weeks | 3, Available today, but stockout in last 4 weeks | 0, Not available today",,,,,,,y,,,md_if_ppe,,
md_if_ppe_msk_n95,hfa_infection_prevention,,radio,Face mask (N95),"1, Available today and no stockout in last 4 weeks | 3, Available today, but stockout in last 4 weeks | 0, Not available today",,,,,,,y,,,md_if_ppe,,
md_if_ppe_shld,hfa_infection_prevention,,radio,Face shield,"1, Available today and no stockout in last 4 weeks | 3, Available today, but stockout in last 4 weeks | 0, Not available today",,,,,,,y,,,md_if_ppe,,
md_if_hed_4,hfa_infection_prevention,,descriptive,"<div style=""background-color:#82cdbf; padding:5px""></div>",,,,,,,,,,,,,
md_if_com,hfa_infection_prevention,,notes,Comments:,,,,,,,,,,,,,
md_inv_hed_1,hfa_neonatal_supplies_inventory,,descriptive,"<div style=""background-color:#82cdbf; padding:5px""></div>",,,,,,,,,,,,,
md_inv_ban_1,hfa_neonatal_supplies_inventory,,descriptive,,,,,,,,,,,,,,
md_inv_hed_2,hfa_neonatal_supplies_inventory,,descriptive,"<div class=""h4"" style=""background-color:#82cdbf;padding:10px"">Inventory and Forecasting of Consumables</div>",,,,,,,,,,,,,
md_inv_ins_1,hfa_neonatal_supplies_inventory,,descriptive,"<p style=""font-weight:normal""><i><b>INSTRUCTIONS:</b> Direct these questions to the nurse in charge. All items should be observed. Do not leave any variable blank. </i></p>",,,,,,,,,,,,,
md_inv_hed_3,hfa_neonatal_supplies_inventory,,descriptive,"<div style=""background-color:#82cdbf;padding:10px""></div>",,,,,,,,,,,,,
md_inv_avl,hfa_neonatal_supplies_inventory,,radio,Is there an inventory register/system for consumables used on the neonatal unit? ,"1, Yes | 0, No",,,,,,,y,RV,,,,
md_inv_frq,hfa_neonatal_supplies_inventory,,radio,How often do you carry out inventory of consumables used on the neonatal unit?," 1, Daily | 2, Weekly | 3, Monthly | 4, Quarterly | 6, Annually | 5, Irregularly | 7, Other <i>(specify below)</i>",Observe most recent report.,,,,,[md_inv_avl] = '1',,RV,,,,
md_inv_frq_oth,hfa_neonatal_supplies_inventory,,text,Other time inventory of consumables is carried out:,,,,,,,[md_inv_frq] = '7',,,,,,
md_inv_ord,hfa_neonatal_supplies_inventory,,radio,When are consumables used on the neonatal unit ordered?,"1, When we run out of stock | 2, 1 week before running out of stock | 3, 2 weeks before running out of stock | 4, 1 month before running out of stock | 99, Other <i>(specify below)</i>",,,,,,,,RV,,,,
md_inv_ord_oth,hfa_neonatal_supplies_inventory,,text,Please specify other frequency of procurement:,,,,,,,[md_inv_ord] = '99',,,,,,
md_inv_hed_4,hfa_neonatal_supplies_inventory,,descriptive,"<div style=""background-color:#82cdbf; padding:5px""></div>",,,,,,,,,,,,,
md_inv_com,hfa_neonatal_supplies_inventory,,notes,Comments:,,,,,,,,,,,,,
md_eqt_gn_hed_1,hfa_neonatal_equipment_and_supplies_general,,descriptive,"<div style=""background-color:#82cdbf; padding:5px""></div>",,,,,,,,,,,,,
md_eqt_gn_ban_1,hfa_neonatal_equipment_and_supplies_general,,descriptive,,,,,,,,,,,,,,
md_eqt_gn_hed_2,hfa_neonatal_equipment_and_supplies_general,,descriptive,"<div class=""h4"" style=""background-color:#82cdbf;padding:10px"">Neonatal Equipment and Supplies (General)</div>",,,,,,,,,,,,,
md_eqt_gn_ins_1,hfa_neonatal_equipment_and_supplies_general,,descriptive,"<p style=""font-weight:normal""><i><b>INSTRUCTIONS:</b> For the following questions you should first assess if the item is available today. If no item is available, select <b>“not available today”</b>. If the item is available today and has not been out of stock in the last four weeks, select <b>“available today and no stockout in last 4 weeks”</b>. If the item is available today, but there has been a stock out at any point in the last four weeks, select <b>“available today, but stockout in last 4 weeks”</b>.<br><br>For items with an asterisk (*) next to them, if the item is available and functional, selelct <b>""available and no stockout in last 4 weeks""</b>. If the items is available, but not functional, select <b>""available today, but stockout in last 4 weeks""</b>. For these items, also write the total number of items available, followed by the number of functional items and the manufacturer/model name <b>(not serial number)</b>. If there are more than 10 items, please write the most common manufacturer and model names. Determining functionality will vary by item. An item is not functional if it is in need of repair. Do not leave any variable blank. If a date is unknown, enter 1999/01/01. If a free text variable is unknown and an answer is required, write ""-1"" for numeric fields and ""unknown"" for text fields. If a multiple-choice variable is unknown, select ""unknown"". <br><br> </i></p>",,,,,,,,,,,,,
md_eqt_gn_hed_7,hfa_neonatal_equipment_and_supplies_general,,descriptive,"<div style=""background-color:#82cdbf; padding:10px""></div>",,,,,,,,,,,,,
md_eqt_gn_rp_num,hfa_neonatal_equipment_and_supplies_general,,radio,Number of Respondents Interviewed:,"1, 1 respondent|2, 2 respondents|3, 3 respondents|4, 4 respondents|5, 5 respondents",,,,,,,y,,,,,
md_eqt_gn_rp_hed_1,hfa_neonatal_equipment_and_supplies_general,,descriptive,"<div style=""background-color:#82cdbf; padding:5px"">Respondent #1</div>",,,,,,,[md_eqt_gn_rp_num] >= 1,,,,,,
md_eqt_gn_rp_nam_1,hfa_neonatal_equipment_and_supplies_general,,text,Respondent Name (First and Last):,,,,,,y,[md_eqt_gn_rp_num] >= 1,y,,,,,
md_eqt_gn_rp_pos_1,hfa_neonatal_equipment_and_supplies_general,,radio,Respondent Position:,"6, Hospital Management | 5, Biomedical Engineering Technician | 1, NEST Coordinator | 2, Nurse | 7, Nurse-in-charge | 3, Data Clerk | 4, Clinician | 99, Other <i>(specify below)</i>",,,,,,[md_eqt_gn_rp_num] >= 1,y,,,,,
md_eqt_gn_rp_othpos_1,hfa_neonatal_equipment_and_supplies_general,,text,"If other position, please specify: ",,,,,,,[md_eqt_gn_rp_pos_1] = '99',,,,,,
md_eqt_gn_rp_ph_1,hfa_neonatal_equipment_and_supplies_general,,text,Respondent Phone Number:,,,,,,y,[md_eqt_gn_rp_num] >= 1,,,,,,
md_eqt_gn_rp_hed_2,hfa_neonatal_equipment_and_supplies_general,,descriptive,"<div style=""background-color:#82cdbf; padding:5px"">Respondent #2</div>",,,,,,,[md_eqt_gn_rp_num] >= 2,,,,,,
md_eqt_gn_rp_nam_2,hfa_neonatal_equipment_and_supplies_general,,text,Respondent Name (First and Last):,,,,,,y,[md_eqt_gn_rp_num] >= 2,,,,,,
md_eqt_gn_rp_pos_2,hfa_neonatal_equipment_and_supplies_general,,radio,Respondent Position:,"6, Hospital Management | 5, Biomedical Engineering Technician | 1, NEST Coordinator | 2, Nurse | 7, Nurse-in-charge | 3, Data Clerk | 4, Clinician | 99, Other <i>(specify below)</i>",,,,,,[md_eqt_gn_rp_num] >= 2,,,,,,
md_eqt_gn_rp_othpos_2,hfa_neonatal_equipment_and_supplies_general,,text,"If other position, please specify: ",,,,,,,[md_eqt_gn_rp_pos_2] = '99',,,,,,
md_eqt_gn_rp_ph_2,hfa_neonatal_equipment_and_supplies_general,,text,Respondent Phone Number:,,,,,,y,[md_eqt_gn_rp_num] >= 2,,,,,,
md_eqt_gn_rp_hed_3,hfa_neonatal_equipment_and_supplies_general,,descriptive,"<div style=""background-color:#82cdbf; padding:5px"">Respondent #3</div>",,,,,,,[md_eqt_gn_rp_num] >= 3,,,,,,
md_eqt_gn_rp_nam_3,hfa_neonatal_equipment_and_supplies_general,,text,Respondent Name (First and Last):,,,,,,y,[md_eqt_gn_rp_num] >= 3,,,,,,
md_eqt_gn_rp_pos_3,hfa_neonatal_equipment_and_supplies_general,,radio,Respondent Position:,"6, Hospital Management | 5, Biomedical Engineering Technician | 1, NEST Coordinator | 2, Nurse | 7, Nurse-in-charge | 3, Data Clerk | 4, Clinician | 99, Other <i>(specify below)</i>",,,,,,[md_eqt_gn_rp_num] >= 3,,,,,,
md_eqt_gn_rp_othpos_3,hfa_neonatal_equipment_and_supplies_general,,text,"If other position, please specify: ",,,,,,,[md_eqt_gn_rp_pos_3] = '99',,,,,,
md_eqt_gn_rp_ph_3,hfa_neonatal_equipment_and_supplies_general,,text,Respondent Phone Number:,,,,,,y,[md_eqt_gn_rp_num] >= 3,,,,,,
md_eqt_gn_rp_hed_4,hfa_neonatal_equipment_and_supplies_general,,descriptive,"<div style=""background-color:#82cdbf; padding:5px"">Respondent #4</div>",,,,,,,[md_eqt_gn_rp_num] >= 4,,,,,,
md_eqt_gn_rp_nam_4,hfa_neonatal_equipment_and_supplies_general,,text,Respondent Name (First and Last):,,,,,,y,[md_eqt_gn_rp_num] >= 4,,,,,,
md_eqt_gn_rp_pos_4,hfa_neonatal_equipment_and_supplies_general,,radio,Respondent Position:,"6, Hospital Management | 5, Biomedical Engineering Technician | 1, NEST Coordinator | 2, Nurse | 7, Nurse-in-charge | 3, Data Clerk | 4, Clinician | 99, Other <i>(specify below)</i>",,,,,,[md_eqt_gn_rp_num] >= 4,,,,,,
md_eqt_gn_rp_othpos_4,hfa_neonatal_equipment_and_supplies_general,,text,"If other position, please specify: ",,,,,,,[md_eqt_gn_rp_pos_4] = '99',,,,,,
md_eqt_gn_rp_ph_4,hfa_neonatal_equipment_and_supplies_general,,text,Respondent Phone Number:,,,,,,y,[md_eqt_gn_rp_num] >= 4,,,,,,
md_eqt_gn_rp_hed_5,hfa_neonatal_equipment_and_supplies_general,,descriptive,"<div style=""background-color:#82cdbf; padding:5px"">Respondent #5</div>",,,,,,,[md_eqt_gn_rp_num] >= 5,,,,,,
md_eqt_gn_rp_nam_5,hfa_neonatal_equipment_and_supplies_general,,text,Respondent Name (First and Last):,,,,,,y,[md_eqt_gn_rp_num] >= 5,,,,,,
md_eqt_gn_rp_pos_5,hfa_neonatal_equipment_and_supplies_general,,radio,Respondent Position:,"6, Hospital Management | 5, Biomedical Engineering Technician | 1, NEST Coordinator | 2, Nurse | 7, Nurse-in-charge | 3, Data Clerk | 4, Clinician | 99, Other <i>(specify below)</i>",,,,,,[md_eqt_gn_rp_num] >= 5,,,,,,
md_eqt_gn_rp_othpos_5,hfa_neonatal_equipment_and_supplies_general,,text,"If other position, please specify: ",,,,,,,[md_eqt_gn_rp_pos_5] = '99',,,,,,
md_eqt_gn_rp_ph_5,hfa_neonatal_equipment_and_supplies_general,,text,Respondent Phone Number:,,,,,,y,[md_eqt_gn_rp_num] >= 5,,,,,,
md_eqt_gn_hed_3,hfa_neonatal_equipment_and_supplies_general,,descriptive,"<div style=""background-color:#82cdbf;padding:10px"">General Newborn Care Equipment and Supplies (A - H)</div>",,,,,,,,,,,,,
md_eqt_gn_nap_reus,hfa_neonatal_equipment_and_supplies_general,,radio,Baby nappies/diapers (cloth),"1, Available today and no stockout in last 4 weeks | 3, Available today, but stockout in last 4 weeks | 0, Not available today",,,,,,,y,,,md_eqt_gn_a_h,,
md_eqt_gn_nap_cons,hfa_neonatal_equipment_and_supplies_general,,radio,Baby nappies/diapers (disposable) ,"1, Available today and no stockout in last 4 weeks | 3, Available today, but stockout in last 4 weeks | 0, Not available today",,,,,,,y,,,md_eqt_gn_a_h,,
md_eqt_gn_bldhld,hfa_neonatal_equipment_and_supplies_general,,radio,Blood collection tube holders,"1, Available today and no stockout in last 4 weeks | 3, Available today, but stockout in last 4 weeks | 0, Not available today",,,,,,,y,,,md_eqt_gn_a_h,,
md_eqt_gn_bldtub,hfa_neonatal_equipment_and_supplies_general,,radio,Blood collection tubes (appropriate small size) e.g. vacuum tubes serum and EDTA 3ml and/or 6ml,"1, Available today and no stockout in last 4 weeks | 3, Available today, but stockout in last 4 weeks | 0, Not available today",,,,,,,y,,,md_eqt_gn_a_h,,
md_eqt_gn_bldndl,hfa_neonatal_equipment_and_supplies_general,,radio,Blood collection vacuum tube needles 22G,"1, Available today and no stockout in last 4 weeks | 3, Available today, but stockout in last 4 weeks | 0, Not available today",,,,,,,y,,,md_eqt_gn_a_h,,
md_eqt_gn_dbpap,hfa_neonatal_equipment_and_supplies_general,,radio,Blood pressure apparatus (digital) including neonatal sized blood pressure cuff*,"1, Available today and no stockout in last 4 weeks | 3, Available today, but stockout in last 4 weeks | 0, Not available today",,,,,,,y,,,md_eqt_gn_a_h,,
md_eqt_gn_mbpap,hfa_neonatal_equipment_and_supplies_general,,radio,Blood pressure apparatus (manual/analog) including neonatal sized blood pressure cuff*,"1, Available today and no stockout in last 4 weeks | 3, Available today, but stockout in last 4 weeks | 0, Not available today",,,,,,,,,,md_eqt_gn_a_h,,
md_eqt_gn_bpt,hfa_neonatal_equipment_and_supplies_general,,radio,Blood pressure transducer (for central arterial lines),"1, Available today and no stockout in last 4 weeks | 3, Available today, but stockout in last 4 weeks | 0, Not available today",,,,,,,y,,,md_eqt_gn_a_h,,
md_eqt_gn_capl,hfa_neonatal_equipment_and_supplies_general,,radio,Capillary sample tubes (glass collection tubes),"1, Available today and no stockout in last 4 weeks | 3, Available today, but stockout in last 4 weeks | 0, Not available today",,,,,,,y,,,md_eqt_gn_a_h,,
md_eqt_gn_blk,hfa_neonatal_equipment_and_supplies_general,,radio,"Clean blankets, towels, or linen (for drying baby)","1, Available today and no stockout in last 4 weeks | 3, Available today, but stockout in last 4 weeks | 0, Not available today",,,,,,,y,,,md_eqt_gn_a_h,,
md_eqt_gn_ct,hfa_neonatal_equipment_and_supplies_general,,radio,CT scanner (may be shared with other units)*,"1, Available today and no stockout in last 4 weeks | 3, Available today, but stockout in last 4 weeks | 0, Not available today",,,,,,,y,,,md_eqt_gn_a_h,,
md_eqt_gn_try,hfa_neonatal_equipment_and_supplies_general,,radio,Dressing trays/procedure trays (or equivalent) (sterile),"1, Available today and no stockout in last 4 weeks | 3, Available today, but stockout in last 4 weeks | 0, Not available today",,,,,,,y,,,md_eqt_gn_a_h,,
md_eqt_gn_trol,hfa_neonatal_equipment_and_supplies_general,,radio,Dressing trolley (or equivalent),"1, Available today and no stockout in last 4 weeks | 3, Available today, but stockout in last 4 weeks | 0, Not available today",,,,,,,y,,,md_eqt_gn_a_h,,
md_eqt_gn_echo,hfa_neonatal_equipment_and_supplies_general,,radio,Echocardiography*,"1, Available today and no stockout in last 4 weeks | 3, Available today, but stockout in last 4 weeks | 0, Not available today",,,,,,,y,,,md_eqt_gn_a_h,,
md_eqt_gn_ecg,hfa_neonatal_equipment_and_supplies_general,,radio,Electrocardiogram (ECG) recorder (may be shared with other units)*,"1, Available today and no stockout in last 4 weeks | 3, Available today, but stockout in last 4 weeks | 0, Not available today",,,,,,,y,,,md_eqt_gn_a_h,,
md_eqt_gn_ecg_led,hfa_neonatal_equipment_and_supplies_general,,radio,ECG leads (reusable),"1, Available today and no stockout in last 4 weeks | 3, Available today, but stockout in last 4 weeks | 0, Not available today",,,,,,,y,,,md_eqt_gn_a_h,,
md_eqt_gn_ecg_cons,hfa_neonatal_equipment_and_supplies_general,,radio,ECG electrodes/stickers (consumable),"1, Available today and no stockout in last 4 weeks | 3, Available today, but stockout in last 4 weeks | 0, Not available today",,,,,,,y,,,md_eqt_gn_a_h,,
md_eqt_gn_ecg_reus,hfa_neonatal_equipment_and_supplies_general,,radio,ECG electrodes (reusable),"1, Available today and no stockout in last 4 weeks | 3, Available today, but stockout in last 4 weeks | 0, Not available today",,,,,,,,,,md_eqt_gn_a_h,,
md_eqt_gn_ew,hfa_neonatal_equipment_and_supplies_general,,radio,Embrace warmer*,"1, Available today and no stockout in last 4 weeks | 3, Available today, but stockout in last 4 weeks | 0, Not available today",,,,,,,y,,,md_eqt_gn_a_h,,
md_eqt_gn_endtr_2,hfa_neonatal_equipment_and_supplies_general,,radio,Endotracheal tubes size 2,"1, Available today and no stockout in last 4 weeks | 3, Available today, but stockout in last 4 weeks | 0, Not available today",,,,,,,y,,,md_eqt_gn_a_h,,
md_eqt_gn_endtr_25,hfa_neonatal_equipment_and_supplies_general,,radio,Endotracheal tubes size 2.5,"1, Available today and no stockout in last 4 weeks | 3, Available today, but stockout in last 4 weeks | 0, Not available today",,,,,,,y,,,md_eqt_gn_a_h,,
md_eqt_gn_endtr_3,hfa_neonatal_equipment_and_supplies_general,,radio,Endotracheal tubes size 3,"1, Available today and no stockout in last 4 weeks | 3, Available today, but stockout in last 4 weeks | 0, Not available today",,,,,,,y,,,md_eqt_gn_a_h,,
md_eqt_gn_endtr_35,hfa_neonatal_equipment_and_supplies_general,,radio,Endotracheal tubes size 3.5,"1, Available today and no stockout in last 4 weeks | 3, Available today, but stockout in last 4 weeks | 0, Not available today",,,,,,,y,,,md_eqt_gn_a_h,,
md_eqt_gn_endtr,hfa_neonatal_equipment_and_supplies_general,,radio,Endotracheal tubes (any size),"1, Available today and no stockout in last 4 weeks | 3, Available today, but stockout in last 4 weeks | 0, Not available today",,,,,,,y,,,md_eqt_gn_a_h,,
md_eqt_gn_lght,hfa_neonatal_equipment_and_supplies_general,,radio,Flashlight/torch*,"1, Available today and no stockout in last 4 weeks | 3, Available today, but stockout in last 4 weeks | 0, Not available today",,,,,,,y,,,md_eqt_gn_a_h,,
md_eqt_gn_gz,hfa_neonatal_equipment_and_supplies_general,,radio,Gauze (any),"1, Available today and no stockout in last 4 weeks | 3, Available today, but stockout in last 4 weeks | 0, Not available today",,,,,,,y,,,md_eqt_gn_a_h,,
md_eqt_gn_gz_strl,hfa_neonatal_equipment_and_supplies_general,,radio,Sterile gauze,"1, Available today and no stockout in last 4 weeks | 3, Available today, but stockout in last 4 weeks | 0, Not available today",,,,,,,y,,,md_eqt_gn_a_h,,
md_eqt_gn_glc,hfa_neonatal_equipment_and_supplies_general,,radio,Glucometer*,"1, Available today and no stockout in last 4 weeks | 3, Available today, but stockout in last 4 weeks | 0, Not available today",,,,,,,y,,,md_eqt_gn_a_h,,
md_eqt_gn_glc_cons,hfa_neonatal_equipment_and_supplies_general,,radio,Glucometer test strips,"1, Available today and no stockout in last 4 weeks | 3, Available today, but stockout in last 4 weeks | 0, Not available today",,,,,,,y,,,md_eqt_gn_a_h,,
md_eqt_gn_htcot,hfa_neonatal_equipment_and_supplies_general,,radio,Heated mattresses (e.g. for hot cots)*,"1, Available today and no stockout in last 4 weeks | 3, Available today, but stockout in last 4 weeks | 0, Not available today",,,,,,,y,,,md_eqt_gn_a_h,,
md_eqt_gn_hbm,hfa_neonatal_equipment_and_supplies_general,,radio,Hemoglobinometer*,"1, Available today and no stockout in last 4 weeks | 3, Available today, but stockout in last 4 weeks | 0, Not available today",,,,,,,y,,,md_eqt_gn_a_h,,
md_eqt_gn_dbpap_hed,hfa_neonatal_equipment_and_supplies_general,,descriptive,"<div style=""background-color:#fbd0c1;padding:10px"">Blood pressure apparatus (digital)</div>",,,,,,,[md_eqt_gn_dbpap] >= 1,,,,,,
md_eqt_gn_dbpap_avl,hfa_neonatal_equipment_and_supplies_general,,text,How many blood pressure apparatuses (digital) are there?,,,integer,-1,50,,[md_eqt_gn_dbpap] >= 1,,,,,,
md_eqt_gn_dbpap_fc,hfa_neonatal_equipment_and_supplies_general,,text,How many blood pressure apparatuses (digital) are functional?,,,integer,-1,50,,[md_eqt_gn_dbpap_avl] >= 1,,,,,,
md_eqt_gn_mbpap_hed,hfa_neonatal_equipment_and_supplies_general,,descriptive,"<div style=""background-color:#fbd0c1;padding:10px"">Blood pressure apparatus (manual/analog)</div>",,,,,,,[md_eqt_gn_mbpap] >= 1,,,,,,
md_eqt_gn_mbpap_avl,hfa_neonatal_equipment_and_supplies_general,,text,How many blood pressure apparatuses (manual/analog) are there?,,,integer,-1,50,,[md_eqt_gn_mbpap] >= 1,,,,,,
md_eqt_gn_mbpap_fc,hfa_neonatal_equipment_and_supplies_general,,text,How many blood pressure apparatuses (manual/analog) are functional?,,,integer,-1,50,,[md_eqt_gn_mbpap_avl] >= 1,,,,,,
md_eqt_gn_ct_hed,hfa_neonatal_equipment_and_supplies_general,,descriptive,"<div style=""background-color:#fbd0c1;padding:10px"">CT Scanner (may be shared with other units)</div>",,,,,,,[md_eqt_gn_ct] >= 1,,,,,,
md_eqt_gn_ct_avl,hfa_neonatal_equipment_and_supplies_general,,text,How many CT scanners are there?,,,integer,-1,10,,[md_eqt_gn_ct] >= 1,,,,,,
md_eqt_gn_ct_fc,hfa_neonatal_equipment_and_supplies_general,,text,How many CT scanners are functional?,,,integer,-1,10,,[md_eqt_gn_ct_avl] >= 1,,,,,,
md_eqt_gn_echo_hed,hfa_neonatal_equipment_and_supplies_general,,descriptive,"<div style=""background-color:#fbd0c1;padding:10px"">Echocardiography</div>",,,,,,,[md_eqt_gn_echo] >= 1,,,,,,
md_eqt_gn_echo_avl,hfa_neonatal_equipment_and_supplies_general,,text,How many echocardiography devices are there?,,,integer,-1,50,,[md_eqt_gn_echo] >= 1,,,,,,
md_eqt_gn_echo_fc,hfa_neonatal_equipment_and_supplies_general,,text,How many echocardiography devices are functional?,,,integer,-1,50,,[md_eqt_gn_echo_avl] >= 1,,,,,,
md_eqt_gn_ecg_hed,hfa_neonatal_equipment_and_supplies_general,,descriptive,"<div style=""background-color:#fbd0c1;padding:10px"">Electrocardiogram (ECG) recorder (may be shared with other units)</div>",,,,,,,[md_eqt_gn_ecg] >= 1,,,,,,
md_eqt_gn_ecg_avl,hfa_neonatal_equipment_and_supplies_general,,text,How many electrocardiogram (ECG) recorders are there?,,,integer,-1,50,,[md_eqt_gn_ecg] >= 1,,,,,,
md_eqt_gn_ecg_fc,hfa_neonatal_equipment_and_supplies_general,,text,How many electrocardiogram (ECG) recorders are functional?,,,integer,-1,50,,[md_eqt_gn_ecg_avl] >= 1,,,,,,
md_eqt_gn_ew_hed,hfa_neonatal_equipment_and_supplies_general,,descriptive,"<div style=""background-color:#fbd0c1;padding:10px"">Embrace warmer</div>",,,,,,,[md_eqt_gn_ew] >= 1,,,,,,
md_eqt_gn_ew_avl,hfa_neonatal_equipment_and_supplies_general,,text,How many embrace warmers are there?,,,integer,-1,50,,[md_eqt_gn_ew] >= 1,,,,,,
md_eqt_gn_ew_fc,hfa_neonatal_equipment_and_supplies_general,,text,How many embrace warmers are functional?,,,integer,-1,50,,[md_eqt_gn_ew_avl] >= 1,,,,,,
md_eqt_gn_lght_hed,hfa_neonatal_equipment_and_supplies_general,,descriptive,"<div style=""background-color:#fbd0c1;padding:10px"">Flashlight/torch</div>",,,,,,,[md_eqt_gn_lght] >= 1,,,,,,
md_eqt_gn_lght_avl,hfa_neonatal_equipment_and_supplies_general,,text,How many flashlights/torches are there?,,,integer,-1,50,,[md_eqt_gn_lght] >= 1,,,,,,
md_eqt_gn_lght_fc,hfa_neonatal_equipment_and_supplies_general,,text,How many flashlights/torches are functional?,,,integer,-1,50,,[md_eqt_gn_lght_avl] >= 1,,,,,,
md_eqt_gn_glc_hed,hfa_neonatal_equipment_and_supplies_general,,descriptive,"<div style=""background-color:#fbd0c1;padding:10px"">Glucometer</div>",,,,,,,[md_eqt_gn_glc] >= 1,,,,,,
md_eqt_gn_glc_avl,hfa_neonatal_equipment_and_supplies_general,,text,How many glucometers are there?,,,integer,-1,50,,[md_eqt_gn_glc] >= 1,,,,,,
md_eqt_gn_glc_fc,hfa_neonatal_equipment_and_supplies_general,,text,How many glucometers  are functional?,,,integer,-1,50,,[md_eqt_gn_glc_avl] >= 1,,,,,,
md_eqt_gn_glc_man_1,hfa_neonatal_equipment_and_supplies_general,,text,Who is the manufacturer of glucometer 1?,,,,,,,[md_eqt_gn_glc_avl] >= 1,,,,,,
md_eqt_gn_glc_mod_1,hfa_neonatal_equipment_and_supplies_general,,text,What is the model name of glucometer 1?,,,,,,,[md_eqt_gn_glc_avl] >= 1,,,,,,
md_eqt_gn_glc_man_2,hfa_neonatal_equipment_and_supplies_general,,text,Who is the manufacturer of glucometer 2?,,,,,,,[md_eqt_gn_glc_avl] >= 2,,,,,,
md_eqt_gn_glc_mod_2,hfa_neonatal_equipment_and_supplies_general,,text,What is the model name of glucometer 2?,,,,,,,[md_eqt_gn_glc_avl] >= 2,,,,,,
md_eqt_gn_glc_man_3,hfa_neonatal_equipment_and_supplies_general,,text,Who is the manufacturer of glucometer 3?,,,,,,,[md_eqt_gn_glc_avl] >= 3,,,,,,
md_eqt_gn_glc_mod_3,hfa_neonatal_equipment_and_supplies_general,,text,What is the model name of glucometer 3?,,,,,,,[md_eqt_gn_glc_avl] >= 3,,,,,,
md_eqt_gn_glc_man_4,hfa_neonatal_equipment_and_supplies_general,,text,Who is the manufacturer of glucometer 4?,,,,,,,[md_eqt_gn_glc_avl] >= 4,,,,,,
md_eqt_gn_glc_mod_4,hfa_neonatal_equipment_and_supplies_general,,text,What is the model name of glucometer 4?,,,,,,,[md_eqt_gn_glc_avl] >= 4,,,,,,
md_eqt_gn_glc_man_5,hfa_neonatal_equipment_and_supplies_general,,text,Who is the manufacturer of glucometer 5?,,,,,,,[md_eqt_gn_glc_avl] >= 5,,,,,,
md_eqt_gn_glc_mod_5,hfa_neonatal_equipment_and_supplies_general,,text,What is the model name of glucometer 5?,,,,,,,[md_eqt_gn_glc_avl] >= 5,,,,,,
md_eqt_gn_glc_man_6,hfa_neonatal_equipment_and_supplies_general,,text,Wh0 is the manufacturer of glucometer 6?,,,,,,,[md_eqt_gn_glc_avl] >= 6,,,,,,
md_eqt_gn_glc_mod_6,hfa_neonatal_equipment_and_supplies_general,,text,What is the model name of glucometer 6?,,,,,,,[md_eqt_gn_glc_avl] >= 6,,,,,,
md_eqt_gn_glc_man_7,hfa_neonatal_equipment_and_supplies_general,,text,Who is the manufacturer of glucometer 7?,,,,,,,[md_eqt_gn_glc_avl] >= 7,,,,,,
md_eqt_gn_glc_mod_7,hfa_neonatal_equipment_and_supplies_general,,text,What is the model name of glucometer 7?,,,,,,,[md_eqt_gn_glc_avl] >= 7,,,,,,
md_eqt_gn_glc_man_8,hfa_neonatal_equipment_and_supplies_general,,text,Who is the manufacturer of glucometer 8?,,,,,,,[md_eqt_gn_glc_avl] >= 8,,,,,,
md_eqt_gn_glc_mod_8,hfa_neonatal_equipment_and_supplies_general,,text,What is the model name of glucometer 8?,,,,,,,[md_eqt_gn_glc_avl] >= 8,,,,,,
md_eqt_gn_glc_man_9,hfa_neonatal_equipment_and_supplies_general,,text,Who is the manufacturer of glucometer 9?,,,,,,,[md_eqt_gn_glc_avl] >= 9,,,,,,
md_eqt_gn_glc_mod_9,hfa_neonatal_equipment_and_supplies_general,,text,What is the model name of glucometer 9?,,,,,,,[md_eqt_gn_glc_avl] >= 9,,,,,,
md_eqt_gn_glc_man_10,hfa_neonatal_equipment_and_supplies_general,,text,Who is the manufacturer of glucometer 10?,,,,,,,[md_eqt_gn_glc_avl] >= 10,,,,,,
md_eqt_gn_glc_mod_10,hfa_neonatal_equipment_and_supplies_general,,text,What is the model name of glucometer 10?,,,,,,,[md_eqt_gn_glc_avl] >= 10,,,,,,
md_eqt_gn_htcot_hed,hfa_neonatal_equipment_and_supplies_general,,descriptive,"<div style=""background-color:#fbd0c1;padding:10px"">Heated Mattresses</div>",,,,,,,[md_eqt_gn_htcot] >= 1,,,,,,
md_eqt_gn_htcot_avl,hfa_neonatal_equipment_and_supplies_general,,text,How many heated mattresses are there?,,,integer,-1,250,,[md_eqt_gn_htcot] >= 1,,,,,,
md_eqt_gn_htcot_fc,hfa_neonatal_equipment_and_supplies_general,,text,How many heated mattresses  are functional?,,,integer,-1,250,,[md_eqt_gn_htcot_avl] >= 1,,,,,,
md_eqt_gn_hbm_hed,hfa_neonatal_equipment_and_supplies_general,,descriptive,"<div style=""background-color:#fbd0c1;padding:10px"">Hemoglobinometer</div>",,,,,,,[md_eqt_gn_hbm] >= 1,,,,,,
md_eqt_gn_hbm_avl,hfa_neonatal_equipment_and_supplies_general,,text,How many hemoglobinometers are there?,,,integer,-1,50,,[md_eqt_gn_hbm] >= 1,,,,,,
md_eqt_gn_hbm_fc,hfa_neonatal_equipment_and_supplies_general,,text,How many hemoglobinometers  are functional?,,,integer,-1,50,,[md_eqt_gn_hbm_avl] >= 1,,,,,,
md_eqt_gn_hed_4,hfa_neonatal_equipment_and_supplies_general,,descriptive,"<div style=""background-color:#82cdbf;padding:10px"">General Newborn Care Equipment and Supplies (I - Q)</div>",,,,,,,,,,,,,
md_eqt_gn_id,hfa_neonatal_equipment_and_supplies_general,,radio,Identification bands,"1, Available today and no stockout in last 4 weeks | 3, Available today, but stockout in last 4 weeks | 0, Not available today",,,,,,,y,,,md_eqt_gn_i_q,,
md_eqt_gn_imtr,hfa_neonatal_equipment_and_supplies_general,,radio,Infantometer (height board or mat)*,"1, Available today and no stockout in last 4 weeks | 3, Available today, but stockout in last 4 weeks | 0, Not available today",,,,,,,y,,,md_eqt_gn_i_q,,
md_eqt_gn_ndl,hfa_neonatal_equipment_and_supplies_general,,radio,Intra-osseous needle (or 22G needles),"1, Available today and no stockout in last 4 weeks | 3, Available today, but stockout in last 4 weeks | 0, Not available today",,,,,,,y,,,md_eqt_gn_i_q,,
md_eqt_gn_iv,hfa_neonatal_equipment_and_supplies_general,,radio,IV cannula (18G or 22G or 24G or 26G),"1, Available today and no stockout in last 4 weeks | 3, Available today, but stockout in last 4 weeks | 0, Not available today",,,,,,,y,,,md_eqt_gn_i_q,,
md_eqt_gn_kdn,hfa_neonatal_equipment_and_supplies_general,,radio,Kidney bowls (polypropylene or stainless steel),"1, Available today and no stockout in last 4 weeks | 3, Available today, but stockout in last 4 weeks | 0, Not available today",,,,,,,y,,,md_eqt_gn_i_q,,
md_eqt_gn_lpndl,hfa_neonatal_equipment_and_supplies_general,,radio,Lumbar puncture needles (or 23G needles),"1, Available today and no stockout in last 4 weeks | 3, Available today, but stockout in last 4 weeks | 0, Not available today",,,,,,,y,,,md_eqt_gn_i_q,,
md_eqt_gn_frcp,hfa_neonatal_equipment_and_supplies_general,,radio,Magill's forceps,"1, Available today and no stockout in last 4 weeks | 3, Available today, but stockout in last 4 weeks | 0, Not available today",,,,,,,y,,,md_eqt_gn_i_q,,
md_eqt_gn_tap,hfa_neonatal_equipment_and_supplies_general,,radio,Measuring tape,"1, Available today and no stockout in last 4 weeks | 3, Available today, but stockout in last 4 weeks | 0, Not available today",,,,,,,y,,,md_eqt_gn_i_q,,
md_eqt_gn_mri,hfa_neonatal_equipment_and_supplies_general,,radio,MRI (may be shared with other units)*,"1, Available today and no stockout in last 4 weeks | 3, Available today, but stockout in last 4 weeks | 0, Not available today",,,,,,,y,,,md_eqt_gn_i_q,,
md_eqt_gn_ng_35,hfa_neonatal_equipment_and_supplies_general,,radio,Nasogastric (NG) tubes size 3.5 with caps,"1, Available today and no stockout in last 4 weeks | 3, Available today, but stockout in last 4 weeks | 0, Not available today",,,,,,,y,,,md_eqt_gn_i_q,,
md_eqt_gn_ng_4,hfa_neonatal_equipment_and_supplies_general,,radio,Nasogastric (NG) tubes size 4 with caps,"1, Available today and no stockout in last 4 weeks | 3, Available today, but stockout in last 4 weeks | 0, Not available today",,,,,,,y,,,md_eqt_gn_i_q,,
md_eqt_gn_ng_5,hfa_neonatal_equipment_and_supplies_general,,radio,Nasogastric (NG) tubes size 5 with caps,"1, Available today and no stockout in last 4 weeks | 3, Available today, but stockout in last 4 weeks | 0, Not available today",,,,,,,y,,,md_eqt_gn_i_q,,
md_eqt_gn_ng_6,hfa_neonatal_equipment_and_supplies_general,,radio,Nasogastric (NG) tubes size 6 with caps,"1, Available today and no stockout in last 4 weeks | 3, Available today, but stockout in last 4 weeks | 0, Not available today",,,,,,,y,,,md_eqt_gn_i_q,,
md_eqt_gn_ng_8,hfa_neonatal_equipment_and_supplies_general,,radio,Nasogastric (NG) tubes size 8 with caps,"1, Available today and no stockout in last 4 weeks | 3, Available today, but stockout in last 4 weeks | 0, Not available today",,,,,,,y,,,md_eqt_gn_i_q,,
md_eqt_gn_ng_10,hfa_neonatal_equipment_and_supplies_general,,radio,Nasogastric (NG) tubes size 10 with caps,"1, Available today and no stockout in last 4 weeks | 3, Available today, but stockout in last 4 weeks | 0, Not available today",,,,,,,y,,,md_eqt_gn_i_q,,
md_eqt_gn_byglv,hfa_neonatal_equipment_and_supplies_general,,radio,Newborn mittens,"1, Available today and no stockout in last 4 weeks | 3, Available today, but stockout in last 4 weeks | 0, Not available today",,,,,,,y,,,md_eqt_gn_i_q,,
md_eqt_gn_bysock,hfa_neonatal_equipment_and_supplies_general,,radio,Newborn socks,"1, Available today and no stockout in last 4 weeks | 3, Available today, but stockout in last 4 weeks | 0, Not available today",,,,,,,y,,,md_eqt_gn_i_q,,
md_eqt_gn_o2tub,hfa_neonatal_equipment_and_supplies_general,,radio,Oxygen tubing,"1, Available today and no stockout in last 4 weeks | 3, Available today, but stockout in last 4 weeks | 0, Not available today",,,,,,,y,,,md_eqt_gn_i_q,,
md_eqt_gn_splnt,hfa_neonatal_equipment_and_supplies_general,,radio,Padded boards and/or splints for neonates,"1, Available today and no stockout in last 4 weeks | 3, Available today, but stockout in last 4 weeks | 0, Not available today",,,,,,,y,,,md_eqt_gn_i_q,,
md_eqt_gn_phm,hfa_neonatal_equipment_and_supplies_general,,radio,pH monitors*,"1, Available today and no stockout in last 4 weeks | 3, Available today, but stockout in last 4 weeks | 0, Not available today",,,,,,,y,,,md_eqt_gn_i_q,,
md_eqt_gn_po2,hfa_neonatal_equipment_and_supplies_general,,radio,Pulse oximeter*,"1, Available today and no stockout in last 4 weeks | 3, Available today, but stockout in last 4 weeks | 0, Not available today",,,,,,,y,,,md_eqt_gn_i_q,,
md_eqt_gn_po2_reus,hfa_neonatal_equipment_and_supplies_general,,radio,"Neonatal sized pulse oximetry probes/sensors (reusable, match pulse oximeter)*","1, Available today and no stockout in last 4 weeks | 3, Available today, but stockout in last 4 weeks | 0, Not available today",,,,,,,y,,,md_eqt_gn_i_q,,
md_eqt_gn_po2_cons,hfa_neonatal_equipment_and_supplies_general,,radio,"Neonatal sized pulse oximetry probes/sensors (consumable, match pulse oximeter)","1, Available today and no stockout in last 4 weeks | 3, Available today, but stockout in last 4 weeks | 0, Not available today",,,,,,,y,,,md_eqt_gn_i_q,,
md_eqt_gn_imtr_hed,hfa_neonatal_equipment_and_supplies_general,,descriptive,"<div style=""background-color:#fbd0c1;padding:10px"">Infantometer (height board or mat)</div>",,,,,,,[md_eqt_gn_imtr] >= 1,,,,,,
md_eqt_gn_imtr_avl,hfa_neonatal_equipment_and_supplies_general,,text,How many infantometers are there?,,,integer,-1,20,,[md_eqt_gn_imtr] >= 1,,,,,,
md_eqt_gn_imtr_fc,hfa_neonatal_equipment_and_supplies_general,,text,How many infantometers are functional?,,,integer,-1,20,,[md_eqt_gn_imtr_avl] >= 1,,,,,,
md_eqt_gn_mri_hed,hfa_neonatal_equipment_and_supplies_general,,descriptive,"<div style=""background-color:#fbd0c1;padding:10px"">MRI (may be shared with other units)</div>",,,,,,,[md_eqt_gn_mri] >= 1,,,,,,
md_eqt_gn_mri_avl,hfa_neonatal_equipment_and_supplies_general,,text,How many MRIs are there?,,,integer,-1,5,,[md_eqt_gn_mri] >= 1,,,,,,
md_eqt_gn_mri_fc,hfa_neonatal_equipment_and_supplies_general,,text,How many MRIs are functional?,,,integer,-1,5,,[md_eqt_gn_mri_avl] >= 1,,,,,,
md_eqt_gn_phm_hed,hfa_neonatal_equipment_and_supplies_general,,descriptive,"<div style=""background-color:#fbd0c1;padding:10px"">pH monitors</div>",,,,,,,[md_eqt_gn_phm] >= 1,,,,,,
md_eqt_gn_phm_avl,hfa_neonatal_equipment_and_supplies_general,,text,How many pH monitors are there?,,,integer,-1,50,,[md_eqt_gn_phm] >= 1,,,,,,
md_eqt_gn_phm_fc,hfa_neonatal_equipment_and_supplies_general,,text,How many pH monitors are functional?,,,integer,-1,50,,[md_eqt_gn_phm_avl] >= 1,,,,,,
md_eqt_gn_po2_hed,hfa_neonatal_equipment_and_supplies_general,,descriptive,"<div style=""background-color:#fbd0c1;padding:10px"">Pulse Oximeter</div>",,,,,,,[md_eqt_gn_po2] >= 1,,,,,,
md_eqt_gn_po2_avl,hfa_neonatal_equipment_and_supplies_general,,text,How many pulse oximeters are there?,,,integer,-1,250,,[md_eqt_gn_po2] >= 1,,,,,,
md_eqt_gn_po2_fc,hfa_neonatal_equipment_and_supplies_general,,text,How many pulse oximeters  are functional?,,,integer,-1,250,,[md_eqt_gn_po2_avl] >= 1,,,,,,
md_eqt_gn_po2_man_1,hfa_neonatal_equipment_and_supplies_general,,text,Who is the manufacturer of pulse oximeter 1?,,,,,,,[md_eqt_gn_po2_avl] >= 1,,,,,,
md_eqt_gn_po2_mod_1,hfa_neonatal_equipment_and_supplies_general,,text,What is the model name of pulse oximeter 1?,,,,,,,[md_eqt_gn_po2_avl] >= 1,,,,,,
md_eqt_gn_po2_man_2,hfa_neonatal_equipment_and_supplies_general,,text,Who is the manufacturer of pulse oximeter 2?,,,,,,,[md_eqt_gn_po2_avl] >= 2,,,,,,
md_eqt_gn_po2_mod_2,hfa_neonatal_equipment_and_supplies_general,,text,What is the model name of pulse oximeter 2?,,,,,,,[md_eqt_gn_po2_avl] >= 2,,,,,,
md_eqt_gn_po2_man_3,hfa_neonatal_equipment_and_supplies_general,,text,Who is the manufacturer of pulse oximeter 3?,,,,,,,[md_eqt_gn_po2_avl] >= 3,,,,,,
md_eqt_gn_po2_mod_3,hfa_neonatal_equipment_and_supplies_general,,text,What is the model name of pulse oximeter 3?,,,,,,,[md_eqt_gn_po2_avl] >= 3,,,,,,
md_eqt_gn_po2_man_4,hfa_neonatal_equipment_and_supplies_general,,text,Who is the manufacturer of pulse oximeter 4?,,,,,,,[md_eqt_gn_po2_avl] >= 4,,,,,,
md_eqt_gn_po2_mod_4,hfa_neonatal_equipment_and_supplies_general,,text,What is the model name of pulse oximeter 4?,,,,,,,[md_eqt_gn_po2_avl] >= 4,,,,,,
md_eqt_gn_po2_man_5,hfa_neonatal_equipment_and_supplies_general,,text,Who is the manufacturer of pulse oximeter 5?,,,,,,,[md_eqt_gn_po2_avl] >= 5,,,,,,
md_eqt_gn_po2_mod_5,hfa_neonatal_equipment_and_supplies_general,,text,What is the model name of pulse oximeter 5?,,,,,,,[md_eqt_gn_po2_avl] >= 5,,,,,,
md_eqt_gn_po2_man_6,hfa_neonatal_equipment_and_supplies_general,,text,Who is the manufacturer of pulse oximeter 6?,,,,,,,[md_eqt_gn_po2_avl] >= 6,,,,,,
md_eqt_gn_po2_mod_6,hfa_neonatal_equipment_and_supplies_general,,text,What is the model name of pulse oximeter 6?,,,,,,,[md_eqt_gn_po2_avl] >= 6,,,,,,
md_eqt_gn_po2_man_7,hfa_neonatal_equipment_and_supplies_general,,text,Who is the manufacturer of pulse oximeter 7?,,,,,,,[md_eqt_gn_po2_avl] >= 7,,,,,,
md_eqt_gn_po2_mod_7,hfa_neonatal_equipment_and_supplies_general,,text,What is the model name of pulse oximeter 7?,,,,,,,[md_eqt_gn_po2_avl] >= 7,,,,,,
md_eqt_gn_po2_man_8,hfa_neonatal_equipment_and_supplies_general,,text,Who is the manufacturer of pulse oximeter 8?,,,,,,,[md_eqt_gn_po2_avl] >= 8,,,,,,
md_eqt_gn_po2_mod_8,hfa_neonatal_equipment_and_supplies_general,,text,What is the model name of pulse oximeter 8?,,,,,,,[md_eqt_gn_po2_avl] >= 8,,,,,,
md_eqt_gn_po2_man_9,hfa_neonatal_equipment_and_supplies_general,,text,Who is the manufacturer of pulse oximeter 9?,,,,,,,[md_eqt_gn_po2_avl] >= 9,,,,,,
md_eqt_gn_po2_mod_9,hfa_neonatal_equipment_and_supplies_general,,text,What is the model name of pulse oximeter 9?,,,,,,,[md_eqt_gn_po2_avl] >= 9,,,,,,
md_eqt_gn_po2_man_10,hfa_neonatal_equipment_and_supplies_general,,text,Who is the manufacturer of pulse oximeter 10?,,,,,,,[md_eqt_gn_po2_avl] >= 10,,,,,,
md_eqt_gn_po2_mod_10,hfa_neonatal_equipment_and_supplies_general,,text,What is the model name of pulse oximeter 10?,,,,,,,[md_eqt_gn_po2_avl] >= 10,,,,,,
md_eqt_gn_po2_reus_hed,hfa_neonatal_equipment_and_supplies_general,,descriptive,"<div style=""background-color:#fbd0c1;padding:10px"">Neonatal Pulse Oximetry Sensors (Reusable)</div>",,,,,,,[md_eqt_gn_po2_reus] >= 1,,,,,,
md_eqt_gn_po2_reus_avl,hfa_neonatal_equipment_and_supplies_general,,text,How many neonatal pulse oximetry sensors are there?,,,integer,-1,250,,[md_eqt_gn_po2_reus] >= 1,,,,,,
md_eqt_gn_po2_reus_fc,hfa_neonatal_equipment_and_supplies_general,,text,How many neonatal pulse oximetry sensors are functional?,,,integer,-1,250,,[md_eqt_gn_po2_reus_avl] >= 1,,,,,,
md_eqt_gn_po2_reus_man_1,hfa_neonatal_equipment_and_supplies_general,,text,Who is the manufacturer of pulse oximetry sensor 1?,,,,,,,[md_eqt_gn_po2_reus_avl] >= 1,,,,,,
md_eqt_gn_po2_reus_mod_1,hfa_neonatal_equipment_and_supplies_general,,text,What is the model name of pulse oximetry sensor 1?,,,,,,,[md_eqt_gn_po2_reus_avl] >= 1,,,,,,
md_eqt_gn_po2_reus_man_2,hfa_neonatal_equipment_and_supplies_general,,text,Who is the manufacturer of pulse oximetry sensor 2?,,,,,,,[md_eqt_gn_po2_reus_avl] >= 2,,,,,,
md_eqt_gn_po2_reus_mod_2,hfa_neonatal_equipment_and_supplies_general,,text,What is the model name of pulse oximetry sensor 2?,,,,,,,[md_eqt_gn_po2_reus_avl] >= 2,,,,,,
md_eqt_gn_po2_reus_man_3,hfa_neonatal_equipment_and_supplies_general,,text,Who is the manufacturer of pulse oximetry sensor 3?,,,,,,,[md_eqt_gn_po2_reus_avl] >= 3,,,,,,
md_eqt_gn_po2_reus_mod_3,hfa_neonatal_equipment_and_supplies_general,,text,What is the model name of pulse oximetry sensor 3?,,,,,,,[md_eqt_gn_po2_reus_avl] >= 3,,,,,,
md_eqt_gn_po2_reus_man_4,hfa_neonatal_equipment_and_supplies_general,,text,Who is the manufacturer of pulse oximetry sensor 4?,,,,,,,[md_eqt_gn_po2_reus_avl] >= 4,,,,,,
md_eqt_gn_po2_reus_mod_4,hfa_neonatal_equipment_and_supplies_general,,text,What is the model name of pulse oximetry sensor 4?,,,,,,,[md_eqt_gn_po2_reus_avl] >= 4,,,,,,
md_eqt_gn_po2_reus_man_5,hfa_neonatal_equipment_and_supplies_general,,text,Who is the manufacturer of pulse oximetry sensor 5?,,,,,,,[md_eqt_gn_po2_reus_avl] >= 5,,,,,,
md_eqt_gn_po2_reus_mod_5,hfa_neonatal_equipment_and_supplies_general,,text,What is the model name of pulse oximetry sensor 5?,,,,,,,[md_eqt_gn_po2_reus_avl] >= 5,,,,,,
md_eqt_gn_po2_reus_man_6,hfa_neonatal_equipment_and_supplies_general,,text,Who is the manufacturer of pulse oximetry sensor 6?,,,,,,,[md_eqt_gn_po2_reus_avl] >= 6,,,,,,
md_eqt_gn_po2_reus_mod_6,hfa_neonatal_equipment_and_supplies_general,,text,What is the model name of pulse oximetry sensor 6?,,,,,,,[md_eqt_gn_po2_reus_avl] >= 6,,,,,,
md_eqt_gn_po2_reus_man_7,hfa_neonatal_equipment_and_supplies_general,,text,Who is the manufacturer of pulse oximetry sensor 7?,,,,,,,[md_eqt_gn_po2_reus_avl] >= 7,,,,,,
md_eqt_gn_po2_reus_mod_7,hfa_neonatal_equipment_and_supplies_general,,text,What is the model name of pulse oximetry sensor 7?,,,,,,,[md_eqt_gn_po2_reus_avl] >= 7,,,,,,
md_eqt_gn_po2_reus_man_8,hfa_neonatal_equipment_and_supplies_general,,text,Who is the manufacturer of pulse oximetry sensor 8?,,,,,,,[md_eqt_gn_po2_reus_avl] >= 8,,,,,,
md_eqt_gn_po2_reus_mod_8,hfa_neonatal_equipment_and_supplies_general,,text,What is the model name of pulse oximetry sensor 8?,,,,,,,[md_eqt_gn_po2_reus_avl] >= 8,,,,,,
md_eqt_gn_po2_reus_man_9,hfa_neonatal_equipment_and_supplies_general,,text,Who is the manufacturer of pulse oximetry sensor 9?,,,,,,,[md_eqt_gn_po2_reus_avl] >= 9,,,,,,
md_eqt_gn_po2_reus_mod_9,hfa_neonatal_equipment_and_supplies_general,,text,What is the model name of pulse oximetry sensor 9?,,,,,,,[md_eqt_gn_po2_reus_avl] >= 9,,,,,,
md_eqt_gn_po2_reus_man_10,hfa_neonatal_equipment_and_supplies_general,,text,Who is the manufacturer of pulse oximetry sensor 10?,,,,,,,[md_eqt_gn_po2_reus_avl] >= 10,,,,,,
md_eqt_gn_po2_reus_mod_10,hfa_neonatal_equipment_and_supplies_general,,text,What is the model name of pulse oximetry sensor 10?,,,,,,,[md_eqt_gn_po2_reus_avl] >= 10,,,,,,
md_eqt_gn_hed_5,hfa_neonatal_equipment_and_supplies_general,,descriptive,"<div style=""background-color:#82cdbf;padding:10px"">General Newborn Care Equipment and Supplies (R - Z)</div>",,,,,,,,,,,,,
md_eqt_gn_bat,hfa_neonatal_equipment_and_supplies_general,,radio,"Recharger for batteries (for pulse oximeter, match pulse oximeter batteries)*","1, Available today and no stockout in last 4 weeks | 3, Available today, but stockout in last 4 weeks | 0, Not available today",,,,,,,y,,,md_eqt_gn_r_z,,
md_eqt_gn_csftub,hfa_neonatal_equipment_and_supplies_general,,radio,"Sample collection tubes (pus, cerebrospinal fluid)","1, Available today and no stockout in last 4 weeks | 3, Available today, but stockout in last 4 weeks | 0, Not available today",,,,,,,y,,,md_eqt_gn_r_z,,
md_eqt_gn_scsr,hfa_neonatal_equipment_and_supplies_general,,radio,Scissors,"1, Available today and no stockout in last 4 weeks | 3, Available today, but stockout in last 4 weeks | 0, Not available today",,,,,,,y,,,md_eqt_gn_r_z,,
md_eqt_gn_spsd,hfa_neonatal_equipment_and_supplies_general,,radio,Sepsis diagnostics (bedside only)*,"1, Available today and no stockout in last 4 weeks | 3, Available today, but stockout in last 4 weeks | 0, Not available today",,,,,,,y,,,md_eqt_gn_r_z,,
md_eqt_gn_spcr,hfa_neonatal_equipment_and_supplies_general,,radio,Spacer,"1, Available today and no stockout in last 4 weeks | 3, Available today, but stockout in last 4 weeks | 0, Not available today",,,,,,,y,,,md_eqt_gn_r_z,,
md_eqt_gn_lanct,hfa_neonatal_equipment_and_supplies_general,,radio,Sterile (low flow) lancet for heel pricks,"1, Available today and no stockout in last 4 weeks | 3, Available today, but stockout in last 4 weeks | 0, Not available today",,,,,,,y,,,md_eqt_gn_r_z,,
md_eqt_gn_blad,hfa_neonatal_equipment_and_supplies_general,,radio,Sterile surgical blades ,"1, Available today and no stockout in last 4 weeks | 3, Available today, but stockout in last 4 weeks | 0, Not available today",,,,,,,y,,,md_eqt_gn_r_z,,
md_eqt_gn_sth,hfa_neonatal_equipment_and_supplies_general,,radio,Stethoscope (neonatal)*,"1, Available today and no stockout in last 4 weeks | 3, Available today, but stockout in last 4 weeks | 0, Not available today",,,,,,,y,,,md_eqt_gn_r_z,,
md_eqt_gn_sucth_5,hfa_neonatal_equipment_and_supplies_general,,radio,Suction catheters (size 5),"1, Available today and no stockout in last 4 weeks | 3, Available today, but stockout in last 4 weeks | 0, Not available today",,,,,,,y,,,md_eqt_gn_r_z,,
md_eqt_gn_sucth_6,hfa_neonatal_equipment_and_supplies_general,,radio,Suction catheters (size 6),"1, Available today and no stockout in last 4 weeks | 3, Available today, but stockout in last 4 weeks | 0, Not available today",,,,,,,y,,,md_eqt_gn_r_z,,
md_eqt_gn_sucth_8,hfa_neonatal_equipment_and_supplies_general,,radio,Suction catheters (size 8),"1, Available today and no stockout in last 4 weeks | 3, Available today, but stockout in last 4 weeks | 0, Not available today",,,,,,,y,,,md_eqt_gn_r_z,,
md_eqt_gn_sucth_10,hfa_neonatal_equipment_and_supplies_general,,radio,Suction catheters (size 10),"1, Available today and no stockout in last 4 weeks | 3, Available today, but stockout in last 4 weeks | 0, Not available today",,,,,,,y,,,md_eqt_gn_r_z,,
md_eqt_gn_sutur,hfa_neonatal_equipment_and_supplies_general,,radio,Suture set,"1, Available today and no stockout in last 4 weeks | 3, Available today, but stockout in last 4 weeks | 0, Not available today",,,,,,,y,,,md_eqt_gn_r_z,,
md_eqt_gn_cotn,hfa_neonatal_equipment_and_supplies_general,,radio,Swabs and/or cotton wool balls,"1, Available today and no stockout in last 4 weeks | 3, Available today, but stockout in last 4 weeks | 0, Not available today",,,,,,,y,,,md_eqt_gn_r_z,,
md_eqt_gn_anthm,hfa_neonatal_equipment_and_supplies_general,,radio,Thermometers (analog for newborns that measure 32°C-43°C; must measure below 35.5°C)*,"1, Available today and no stockout in last 4 weeks | 3, Available today, but stockout in last 4 weeks | 0, Not available today",,,,,,,y,,,md_eqt_gn_r_z,,
md_eqt_gn_dthm,hfa_neonatal_equipment_and_supplies_general,,radio,Thermometers (digital for newborns that measure 32°C-43°C; must measure below 35.5°C)*,"1, Available today and no stockout in last 4 weeks | 3, Available today, but stockout in last 4 weeks | 0, Not available today",,,,,,,y,,,md_eqt_gn_r_z,,
md_eqt_gn_uss,hfa_neonatal_equipment_and_supplies_general,,radio,Ultrasound scanner (portable) with appropriate probes (may be shared with other units)*,"1, Available today and no stockout in last 4 weeks | 3, Available today, but stockout in last 4 weeks | 0, Not available today",,,,,,,y,,,md_eqt_gn_r_z,,
md_eqt_gn_clamp,hfa_neonatal_equipment_and_supplies_general,,radio,Umbilical cord clamp (cord ties/sterile thread or sterile ligatures or clamp of Barr),"1, Available today and no stockout in last 4 weeks | 3, Available today, but stockout in last 4 weeks | 0, Not available today",,,,,,,y,,,md_eqt_gn_r_z,,
md_eqt_gn_uvcth_35,hfa_neonatal_equipment_and_supplies_general,,radio,Umbilical vein catheters size 3.5,"1, Available today and no stockout in last 4 weeks | 3, Available today, but stockout in last 4 weeks | 0, Not available today",,,,,,,y,,,md_eqt_gn_r_z,,
md_eqt_gn_uvcth_5,hfa_neonatal_equipment_and_supplies_general,,radio,Umbilical vein catheters size 5,"1, Available today and no stockout in last 4 weeks | 3, Available today, but stockout in last 4 weeks | 0, Not available today",,,,,,,y,,,md_eqt_gn_r_z,,
md_eqt_gn_urcth,hfa_neonatal_equipment_and_supplies_general,,radio,Urinary catheter sizes 3 or 4 or 5,"1, Available today and no stockout in last 4 weeks | 3, Available today, but stockout in last 4 weeks | 0, Not available today",,,,,,,y,,,md_eqt_gn_r_z,,
md_eqt_gn_urbg,hfa_neonatal_equipment_and_supplies_general,,radio,Urine bags (pediatric),"1, Available today and no stockout in last 4 weeks | 3, Available today, but stockout in last 4 weeks | 0, Not available today",,,,,,,y,,,md_eqt_gn_r_z,,
md_eqt_gn_ur_cons,hfa_neonatal_equipment_and_supplies_general,,radio,Urine dipsticks (e.g. Multistix),"1, Available today and no stockout in last 4 weeks | 3, Available today, but stockout in last 4 weeks | 0, Not available today",,,,,,,y,,,md_eqt_gn_r_z,,
md_eqt_gn_bym,hfa_neonatal_equipment_and_supplies_general,,radio,"Patient monitors (at least 3 of: NIBP, HR, SpO2, ECG, RR, Temp) with accessories*","1, Available today and no stockout in last 4 weeks | 3, Available today, but stockout in last 4 weeks | 0, Not available today",,,,,,,y,,,md_eqt_gn_r_z,,
md_eqt_gn_tm,hfa_neonatal_equipment_and_supplies_general,,radio,Wall clock/timer with second hand*,"1, Available today and no stockout in last 4 weeks | 3, Available today, but stockout in last 4 weeks | 0, Not available today",,,,,,,y,,,md_eqt_gn_r_z,,
md_eqt_gn_mscl,hfa_neonatal_equipment_and_supplies_general,,radio,Weighing scales for newborns (manual)*,"1, Available today and no stockout in last 4 weeks | 3, Available today, but stockout in last 4 weeks | 0, Not available today",,,,,,,y,,,md_eqt_gn_r_z,,
md_eqt_gn_dscl,hfa_neonatal_equipment_and_supplies_general,,radio,Weighing scales for newborns (digital)*,"1, Available today and no stockout in last 4 weeks | 3, Available today, but stockout in last 4 weeks | 0, Not available today",,,,,,,y,,,md_eqt_gn_r_z,,
md_eqt_gn_xray,hfa_neonatal_equipment_and_supplies_general,,radio,X-ray viewer (negatoscope) (may be shared with other units)*,"1, Available today and no stockout in last 4 weeks | 3, Available today, but stockout in last 4 weeks | 0, Not available today",,,,,,,y,,,md_eqt_gn_r_z,,
md_eqt_gn_bat_hed,hfa_neonatal_equipment_and_supplies_general,,descriptive,"<div style=""background-color:#fbd0c1;padding:10px"">Recharger for batteries (for pulse oximeter, match pulse oximeter batteries)*</div>",,,,,,,[md_eqt_gn_bat] >= 1,,,,,,
md_eqt_gn_bat_avl,hfa_neonatal_equipment_and_supplies_general,,text,How many rechargers for batteries are there?,,,integer,-1,50,,[md_eqt_gn_bat] >= 1,,,,,,
md_eqt_gn_bat_fc,hfa_neonatal_equipment_and_supplies_general,,text,How many rechargers for batteries are functional?,,,integer,-1,50,,[md_eqt_gn_bat_avl] >= 1,,,,,,
md_eqt_gn_spsd_hed,hfa_neonatal_equipment_and_supplies_general,,descriptive,"<div style=""background-color:#fbd0c1;padding:10px"">Sepsis diagnostics (bedside only)</div>",,,,,,,[md_eqt_gn_spsd] >= 1,,,,,,
md_eqt_gn_spsd_avl,hfa_neonatal_equipment_and_supplies_general,,text,How many sepsis diagnostics (bedside only) are there?,,,integer,-1,50,,[md_eqt_gn_spsd] >= 1,,,,,,
md_eqt_gn_spsd_fc,hfa_neonatal_equipment_and_supplies_general,,text,How many sepsis diagnostics (bedside only) are functional?,,,integer,-1,50,,[md_eqt_gn_spsd_avl] >= 1,,,,,,
md_eqt_gn_sth_hed,hfa_neonatal_equipment_and_supplies_general,,descriptive,"<div style=""background-color:#fbd0c1;padding:10px"">Stethoscope (neonatal)</div>",,,,,,,[md_eqt_gn_sth] >= 1,,,,,,
md_eqt_gn_sth_avl,hfa_neonatal_equipment_and_supplies_general,,text,How many neonatal stethoscopes are there?,,,integer,-1,50,,[md_eqt_gn_sth] >= 1,,,,,,
md_eqt_gn_sth_fc,hfa_neonatal_equipment_and_supplies_general,,text,How many neonatal stethoscopes are functional?,,,integer,-1,50,,[md_eqt_gn_sth_avl] >= 1,,,,,,
md_eqt_gn_anthm_hed,hfa_neonatal_equipment_and_supplies_general,,descriptive,"<div style=""background-color:#fbd0c1;padding:10px"">Analog Thermometers for Newborns</div>",,,,,,,[md_eqt_gn_anthm] >= 1,,,,,,
md_eqt_gn_anthm_avl,hfa_neonatal_equipment_and_supplies_general,,text,How many analog thermometers are there?,,,integer,-1,100,,[md_eqt_gn_anthm] >= 1,,,,,,
md_eqt_gn_anthm_fc,hfa_neonatal_equipment_and_supplies_general,,text,How many analog thermometers are functional?,,,integer,-1,100,,[md_eqt_gn_anthm_avl] >= 1,,,,,,
md_eqt_gn_dthm_hed,hfa_neonatal_equipment_and_supplies_general,,descriptive,"<div style=""background-color:#fbd0c1;padding:10px"">Digital Thermometers for Newborns</div>",,,,,,,[md_eqt_gn_dthm] >= 1,,,,,,
md_eqt_gn_dthm_avl,hfa_neonatal_equipment_and_supplies_general,,text,How many digital thermometers for newborns are there?,,,integer,-1,100,,[md_eqt_gn_dthm] >= 1,,,,,,
md_eqt_gn_dthm_fc,hfa_neonatal_equipment_and_supplies_general,,text,How many digital thermometers for newborns are functional?,,,integer,-1,100,,[md_eqt_gn_dthm_avl] >= 1,,,,,,
md_eqt_gn_dthm_man_1,hfa_neonatal_equipment_and_supplies_general,,text,Who is the manufacturer of digital thermometer 1 for newborns?,,,,,,,[md_eqt_gn_dthm_avl] >= 1,,,,,,
md_eqt_gn_dthm_mod_1,hfa_neonatal_equipment_and_supplies_general,,text,What is the model name of digital thermometer 1 for newborns?,,,,,,,[md_eqt_gn_dthm_avl] >= 1,,,,,,
md_eqt_gn_dthm_man_2,hfa_neonatal_equipment_and_supplies_general,,text,Who is the manufacturer of digital thermometer 2 for newborns?,,,,,,,[md_eqt_gn_dthm_avl] >= 2,,,,,,
md_eqt_gn_dthm_mod_2,hfa_neonatal_equipment_and_supplies_general,,text,What is the model name of digital thermometer 2 for newborns?,,,,,,,[md_eqt_gn_dthm_avl] >= 2,,,,,,
md_eqt_gn_dthm_man_3,hfa_neonatal_equipment_and_supplies_general,,text,Who is the manufacturer of digital thermometer 3 for newborns?,,,,,,,[md_eqt_gn_dthm_avl] >= 3,,,,,,
md_eqt_gn_dthm_mod_3,hfa_neonatal_equipment_and_supplies_general,,text,What is the model name of digital thermometer 3 for newborns?,,,,,,,[md_eqt_gn_dthm_avl] >= 3,,,,,,
md_eqt_gn_dthm_man_4,hfa_neonatal_equipment_and_supplies_general,,text,Who is the manufacturer of digital thermometer 4 for newborns?,,,,,,,[md_eqt_gn_dthm_avl] >= 4,,,,,,
md_eqt_gn_dthm_mod_4,hfa_neonatal_equipment_and_supplies_general,,text,What is the model name of digital thermometer 4 for newborns?,,,,,,,[md_eqt_gn_dthm_avl] >= 4,,,,,,
md_eqt_gn_dthm_man_5,hfa_neonatal_equipment_and_supplies_general,,text,Who is the manufacturer of digital thermometer 5 for newborns?,,,,,,,[md_eqt_gn_dthm_avl] >= 5,,,,,,
md_eqt_gn_dthm_mod_5,hfa_neonatal_equipment_and_supplies_general,,text,What is the model name of digital thermometer 5 for newborns?,,,,,,,[md_eqt_gn_dthm_avl] >= 5,,,,,,
md_eqt_gn_dthm_man_6,hfa_neonatal_equipment_and_supplies_general,,text,Who is the manufacturer of digital thermometer 6 for newborns?,,,,,,,[md_eqt_gn_dthm_avl] >= 6,,,,,,
md_eqt_gn_dthm_mod_6,hfa_neonatal_equipment_and_supplies_general,,text,What is the model name of digital thermometer 6 for newborns?,,,,,,,[md_eqt_gn_dthm_avl] >= 6,,,,,,
md_eqt_gn_dthm_man_7,hfa_neonatal_equipment_and_supplies_general,,text,Who is the manufacturer of digital thermometer 7 for newborns?,,,,,,,[md_eqt_gn_dthm_avl] >= 7,,,,,,
md_eqt_gn_dthm_mod_7,hfa_neonatal_equipment_and_supplies_general,,text,What is the model name of digital thermometer 7 for newborns?,,,,,,,[md_eqt_gn_dthm_avl] >= 7,,,,,,
md_eqt_gn_dthm_man_8,hfa_neonatal_equipment_and_supplies_general,,text,Who is the manufacturer of digital thermometer 8 for newborns?,,,,,,,[md_eqt_gn_dthm_avl] >= 8,,,,,,
md_eqt_gn_dthm_mod_8,hfa_neonatal_equipment_and_supplies_general,,text,What is the model name of digital thermometer 8 for newborns?,,,,,,,[md_eqt_gn_dthm_avl] >= 8,,,,,,
md_eqt_gn_dthm_man_9,hfa_neonatal_equipment_and_supplies_general,,text,Who is the manufacturer of digital thermometer 9 for newborns?,,,,,,,[md_eqt_gn_dthm_avl] >= 9,,,,,,
md_eqt_gn_dthm_mod_9,hfa_neonatal_equipment_and_supplies_general,,text,What is the model name of digital thermometer 9 for newborns?,,,,,,,[md_eqt_gn_dthm_avl] >= 9,,,,,,
md_eqt_gn_dthm_man_10,hfa_neonatal_equipment_and_supplies_general,,text,Who is the manufacturer of digital thermometer 10 for newborns?,,,,,,,[md_eqt_gn_dthm_avl] >= 10,,,,,,
md_eqt_gn_dthm_mod_10,hfa_neonatal_equipment_and_supplies_general,,text,What is the model name of digital thermometer 10 for newborns?,,,,,,,[md_eqt_gn_dthm_avl] >= 10,,,,,,
md_eqt_gn_uss_hed,hfa_neonatal_equipment_and_supplies_general,,descriptive,"<div style=""background-color:#fbd0c1;padding:10px"">Ultrasound scanner (portable) with appropriate probes</div>",,,,,,,[md_eqt_gn_uss] >= 1,,,,,,
md_eqt_gn_uss_avl,hfa_neonatal_equipment_and_supplies_general,,text,How many portable ultrasound scanners are there?,,,integer,-1,50,,[md_eqt_gn_uss] >= 1,,,,,,
md_eqt_gn_uss_fc,hfa_neonatal_equipment_and_supplies_general,,text,How many portable ultrasound scanners are functional?,,,integer,-1,50,,[md_eqt_gn_uss_avl] >= 1,,,,,,
md_eqt_gn_bym_hed,hfa_neonatal_equipment_and_supplies_general,,descriptive,"<div style=""background-color:#fbd0c1;padding:10px"">Patient Monitors</div>",,,,,,,[md_eqt_gn_bym] >= 1,,,,,,
md_eqt_gn_bym_avl,hfa_neonatal_equipment_and_supplies_general,,text,How many patient monitors are there?,,,integer,-1,250,,[md_eqt_gn_bym] >= 1,,,,,,
md_eqt_gn_bym_fc,hfa_neonatal_equipment_and_supplies_general,,text,How many patient monitors are functional?,,,integer,-1,250,,[md_eqt_gn_bym_avl] >= 1,,,,,,
md_eqt_gn_bym_man_1,hfa_neonatal_equipment_and_supplies_general,,text,Who is the manufacturer of patient monitor 1?,,,,,,,[md_eqt_gn_bym_avl] >= 1,,,,,,
md_eqt_gn_bym_mod_1,hfa_neonatal_equipment_and_supplies_general,,text,What is the model name of patient monitor 1?,,,,,,,[md_eqt_gn_bym_avl] >= 1,,,,,,
md_eqt_gn_bym_man_2,hfa_neonatal_equipment_and_supplies_general,,text,Who is the manufacturer of patient monitor 2?,,,,,,,[md_eqt_gn_bym_avl] >= 2,,,,,,
md_eqt_gn_bym_mod_2,hfa_neonatal_equipment_and_supplies_general,,text,What is the model name of patient monitor 2?,,,,,,,[md_eqt_gn_bym_avl] >= 2,,,,,,
md_eqt_gn_bym_man_3,hfa_neonatal_equipment_and_supplies_general,,text,Who is the manufacturer of patient monitor 3?,,,,,,,[md_eqt_gn_bym_avl] >= 3,,,,,,
md_eqt_gn_bym_mod_3,hfa_neonatal_equipment_and_supplies_general,,text,What is the model name of patient monitor 3?,,,,,,,[md_eqt_gn_bym_avl] >= 3,,,,,,
md_eqt_gn_bym_man_4,hfa_neonatal_equipment_and_supplies_general,,text,Who is the manufacturer of patient monitor 4?,,,,,,,[md_eqt_gn_bym_avl] >= 4,,,,,,
md_eqt_gn_bym_mod_4,hfa_neonatal_equipment_and_supplies_general,,text,What is the model name of patient monitor 4?,,,,,,,[md_eqt_gn_bym_avl] >= 4,,,,,,
md_eqt_gn_bym_man_5,hfa_neonatal_equipment_and_supplies_general,,text,Who is the manufacturer of patient monitor 5?,,,,,,,[md_eqt_gn_bym_avl] >= 5,,,,,,
md_eqt_gn_bym_mod_5,hfa_neonatal_equipment_and_supplies_general,,text,What is the model name of patient monitor 5?,,,,,,,[md_eqt_gn_bym_avl] >= 5,,,,,,
md_eqt_gn_bym_man_6,hfa_neonatal_equipment_and_supplies_general,,text,Who is the manufacturer of patient monitor 6?,,,,,,,[md_eqt_gn_bym_avl] >= 6,,,,,,
md_eqt_gn_bym_mod_6,hfa_neonatal_equipment_and_supplies_general,,text,What is the model name of patient monitor 6?,,,,,,,[md_eqt_gn_bym_avl] >= 6,,,,,,
md_eqt_gn_bym_man_7,hfa_neonatal_equipment_and_supplies_general,,text,Who is the manufacturer of patient monitor 7?,,,,,,,[md_eqt_gn_bym_avl] >= 7,,,,,,
md_eqt_gn_bym_mod_7,hfa_neonatal_equipment_and_supplies_general,,text,What is the model name of patient monitor 7?,,,,,,,[md_eqt_gn_bym_avl] >= 7,,,,,,
md_eqt_gn_bym_man_8,hfa_neonatal_equipment_and_supplies_general,,text,Who is the manufacturer of patient monitor 8?,,,,,,,[md_eqt_gn_bym_avl] >= 8,,,,,,
md_eqt_gn_bym_mod_8,hfa_neonatal_equipment_and_supplies_general,,text,What is the model name of patient monitor 8?,,,,,,,[md_eqt_gn_bym_avl] >= 8,,,,,,
md_eqt_gn_bym_man_9,hfa_neonatal_equipment_and_supplies_general,,text,Who is the manufacturer of patient monitor 9?,,,,,,,[md_eqt_gn_bym_avl] >= 9,,,,,,
md_eqt_gn_bym_mod_9,hfa_neonatal_equipment_and_supplies_general,,text,What is the model name of patient monitor 9?,,,,,,,[md_eqt_gn_bym_avl] >= 9,,,,,,
md_eqt_gn_bym_man_10,hfa_neonatal_equipment_and_supplies_general,,text,Who is the manufacturer of patient monitor 10?,,,,,,,[md_eqt_gn_bym_avl] >= 10,,,,,,
md_eqt_gn_bym_mod_10,hfa_neonatal_equipment_and_supplies_general,,text,What is the model name of patient monitor 10?,,,,,,,[md_eqt_gn_bym_avl] >= 10,,,,,,
md_eqt_gn_tm_hed,hfa_neonatal_equipment_and_supplies_general,,descriptive,"<div style=""background-color:#fbd0c1;padding:10px"">Wall clock/timer with second hand</div>",,,,,,,[md_eqt_gn_tm] >= 1,,,,,,
md_eqt_gn_tm_avl,hfa_neonatal_equipment_and_supplies_general,,text,How many wall clock/timers with second hand are there?,,,integer,-1,50,,[md_eqt_gn_tm] >= 1,,,,,,
md_eqt_gn_tm_fc,hfa_neonatal_equipment_and_supplies_general,,text,How many wall clock/timers with second hand are functional?,,,integer,-1,50,,[md_eqt_gn_tm_avl] >= 1,,,,,,
md_eqt_gn_mscl_hed,hfa_neonatal_equipment_and_supplies_general,,descriptive,"<div style=""background-color:#fbd0c1;padding:10px"">Manual weighing scales for newborns</div>",,,,,,,[md_eqt_gn_mscl] >= 1,,,,,,
md_eqt_gn_mscl_avl,hfa_neonatal_equipment_and_supplies_general,,text,How many manual weighing scales for newborns are there?,,,integer,-1,50,,[md_eqt_gn_mscl] >= 1,,,,,,
md_eqt_gn_mscl_fc,hfa_neonatal_equipment_and_supplies_general,,text,How many manual weighing scales for newborns are functional?,,,integer,-1,50,,[md_eqt_gn_mscl_avl] >= 1,,,,,,
md_eqt_gn_dscl_hed,hfa_neonatal_equipment_and_supplies_general,,descriptive,"<div style=""background-color:#fbd0c1;padding:10px"">Digital weighing scales for newborns</div>",,,,,,,[md_eqt_gn_dscl] >= 1,,,,,,
md_eqt_gn_dscl_avl,hfa_neonatal_equipment_and_supplies_general,,text,How many digital weighing scales for newborns are there?,,,integer,-1,50,,[md_eqt_gn_dscl] >= 1,,,,,,
md_eqt_gn_dscl_fc,hfa_neonatal_equipment_and_supplies_general,,text,How many digital weighing scales for newborns are functional?,,,integer,-1,50,,[md_eqt_gn_dscl_avl] >= 1,,,,,,
md_eqt_gn_dscl_man_1,hfa_neonatal_equipment_and_supplies_general,,text,Who is the manufacturer of digital weighing scale 1 for newborns?,,,,,,,[md_eqt_gn_dscl_avl] >= 1,,,,,,
md_eqt_gn_dscl_mod_1,hfa_neonatal_equipment_and_supplies_general,,text,What is the model name of digital weighing scale 1 for newborns?,,,,,,,[md_eqt_gn_dscl_avl] >= 1,,,,,,
md_eqt_gn_dscl_man_2,hfa_neonatal_equipment_and_supplies_general,,text,Who is the manufacturer of digital weighing scale 2 for newborns?,,,,,,,[md_eqt_gn_dscl_avl] >= 2,,,,,,
md_eqt_gn_dscl_mod_2,hfa_neonatal_equipment_and_supplies_general,,text,What is the model name of digital weighing scale 2 for newborns?,,,,,,,[md_eqt_gn_dscl_avl] >= 2,,,,,,
md_eqt_gn_dscl_man_3,hfa_neonatal_equipment_and_supplies_general,,text,Who is the manufacturer of digital weighing scale 3 for newborns?,,,,,,,[md_eqt_gn_dscl_avl] >= 3,,,,,,
md_eqt_gn_dscl_mod_3,hfa_neonatal_equipment_and_supplies_general,,text,What is the model name of digital weighing scale 3 for newborns?,,,,,,,[md_eqt_gn_dscl_avl] >= 3,,,,,,
md_eqt_gn_dscl_man_4,hfa_neonatal_equipment_and_supplies_general,,text,Who is the manufacturer of digital weighing scale 4 for newborns?,,,,,,,[md_eqt_gn_dscl_avl] >= 4,,,,,,
md_eqt_gn_dscl_mod_4,hfa_neonatal_equipment_and_supplies_general,,text,What is the model name of digital weighing scale 4 for newborns?,,,,,,,[md_eqt_gn_dscl_avl] >= 4,,,,,,
md_eqt_gn_dscl_man_5,hfa_neonatal_equipment_and_supplies_general,,text,Who is the manufacturer of digital weighing scale 5 for newborns?,,,,,,,[md_eqt_gn_dscl_avl] >= 5,,,,,,
md_eqt_gn_dscl_mod_5,hfa_neonatal_equipment_and_supplies_general,,text,What is the model name of digital weighing scale 5 for newborns?,,,,,,,[md_eqt_gn_dscl_avl] >= 5,,,,,,
md_eqt_gn_dscl_man_6,hfa_neonatal_equipment_and_supplies_general,,text,Who is the manufacturer of digital weighing scale 6 for newborns?,,,,,,,[md_eqt_gn_dscl_avl] >= 6,,,,,,
md_eqt_gn_dscl_mod_6,hfa_neonatal_equipment_and_supplies_general,,text,What is the model name of digital weighing scale 6 for newborns?,,,,,,,[md_eqt_gn_dscl_avl] >= 6,,,,,,
md_eqt_gn_dscl_man_7,hfa_neonatal_equipment_and_supplies_general,,text,Who is the manufacturer of digital weighing scale 7 for newborns?,,,,,,,[md_eqt_gn_dscl_avl] >= 7,,,,,,
md_eqt_gn_dscl_mod_7,hfa_neonatal_equipment_and_supplies_general,,text,What is the model name of digital weighing scale 7 for newborns?,,,,,,,[md_eqt_gn_dscl_avl] >= 7,,,,,,
md_eqt_gn_dscl_man_8,hfa_neonatal_equipment_and_supplies_general,,text,Who is the manufacturer of digital weighing scale 8 for newborns?,,,,,,,[md_eqt_gn_dscl_avl] >= 8,,,,,,
md_eqt_gn_dscl_mod_8,hfa_neonatal_equipment_and_supplies_general,,text,What is the model name of digital weighing scale 8 for newborns?,,,,,,,[md_eqt_gn_dscl_avl] >= 8,,,,,,
md_eqt_gn_dscl_man_9,hfa_neonatal_equipment_and_supplies_general,,text,Who is the manufacturer of digital weighing scale 9 for newborns?,,,,,,,[md_eqt_gn_dscl_avl] >= 9,,,,,,
md_eqt_gn_dscl_mod_9,hfa_neonatal_equipment_and_supplies_general,,text,What is the model name of digital weighing scale 9 for newborns?,,,,,,,[md_eqt_gn_dscl_avl] >= 9,,,,,,
md_eqt_gn_dscl_man_10,hfa_neonatal_equipment_and_supplies_general,,text,Who is the manufacturer of digital weighing scale 10 for newborns?,,,,,,,[md_eqt_gn_dscl_avl] >= 10,,,,,,
md_eqt_gn_dscl_mod_10,hfa_neonatal_equipment_and_supplies_general,,text,What is the model name of digital weighing scale 10 for newborns?,,,,,,,[md_eqt_gn_dscl_avl] >= 10,,,,,,
md_eqt_gn_xray_hed,hfa_neonatal_equipment_and_supplies_general,,descriptive,"<div style=""background-color:#fbd0c1;padding:10px"">X-ray viewer (negatoscope)</div>",,,,,,,[md_eqt_gn_xray] >= 1,,,,,,
md_eqt_gn_xray_avl,hfa_neonatal_equipment_and_supplies_general,,text,How many x-ray viewers (negatoscopes) are there?,,,integer,-1,50,,[md_eqt_gn_xray] >= 1,,,,,,
md_eqt_gn_xray_fc,hfa_neonatal_equipment_and_supplies_general,,text,How many x-ray viewers (negatoscopes) are functional?,,,integer,-1,50,,[md_eqt_gn_xray_avl] >= 1,,,,,,
md_eqt_gn_hed_6,hfa_neonatal_equipment_and_supplies_general,,descriptive,"<div style=""background-color:#82cdbf; padding:5px""></div>",,,,,,,,,,,,,
md_eqt_gn_com,hfa_neonatal_equipment_and_supplies_general,,notes,Comments:,,,,,,,,,,,,,
md_eqt_hed_1,hfa_neonatal_equipment_and_supplies_clinical_compe,,descriptive,"<div style=""background-color:#82cdbf; padding:5px""></div>",,,,,,,,,,,,,
md_eqt_ban_1,hfa_neonatal_equipment_and_supplies_clinical_compe,,descriptive,,,,,,,,,,,,,,
md_eqt_hed_2,hfa_neonatal_equipment_and_supplies_clinical_compe,,descriptive,"<div class=""h4"" style=""background-color:#82cdbf;padding:10px"">Neonatal Equipment and Supplies (Clinical Competencies)</div>",,,,,,,,,,,,,
md_eqt_ins_1,hfa_neonatal_equipment_and_supplies_clinical_compe,,descriptive,"<p style=""font-weight:normal""><i><b>INSTRUCTIONS:</b> For the following questions you should first assess if the item is available today. If no item is available, select <b>“not available today”</b>. If the item is available today and has not been out of stock in the last four weeks, select <b>“available today and no stockout in last 4 weeks”</b>. If the item is available today, but there has been a stock out at any point in the last four weeks, select <b>“available today, but stockout in last 4 weeks”</b>.<br><br>For items with an asterisk (*) next to them, if the item is available and functional, selelct <b>""available and no stockout in last 4 weeks""</b>. If the items is available, but not functional, select <b>""available today, but stockout in last 4 weeks""</b>. For these items, also write the total number of items available, followed by the number of functional items and the manufacturer/model name <b>(not serial number)</b>. If there are more than 10 items, please write the most common manufacturer and model names. Determining functionality will vary by item. For some, simply turn on the item to see if it works. For the oxygen concentrators, measure the actual oxygen output of each device. For the phototherapy lights, measure the irradiance of each unit. An item is not functional if it is in need of repair. Do not leave any variable blank. If a date is unknown, enter 1999/01/01. If a free text variable is unknown and an answer is required, write ""-1"" for numeric fields and ""unknown"" for text fields. If a multiple-choice variable is unknown, select ""unknown"".  </i></p>",,,,,,,,,,,,,
md_eqt_hed_3,hfa_neonatal_equipment_and_supplies_clinical_compe,,descriptive,"<div style=""background-color:#82cdbf; padding:10px""></div>",,,,,,,,,,,,,
md_eqt_rp_num,hfa_neonatal_equipment_and_supplies_clinical_compe,,radio,Number of Respondents Interviewed:,"1, 1 respondent|2, 2 respondents|3, 3 respondents|4, 4 respondents|5, 5 respondents",,,,,,,y,,,,,
md_eqt_rp_hed_1,hfa_neonatal_equipment_and_supplies_clinical_compe,,descriptive,"<div style=""background-color:#82cdbf; padding:5px"">Respondent #1</div>",,,,,,,[md_eqt_rp_num] >= 1,,,,,,
md_eqt_rp_nam_1,hfa_neonatal_equipment_and_supplies_clinical_compe,,text,Respondent Name (First and Last):,,,,,,y,[md_eqt_rp_num] >= 1,y,,,,,
md_eqt_rp_pos_1,hfa_neonatal_equipment_and_supplies_clinical_compe,,radio,Respondent Position:,"6, Hospital Management | 5, Biomedical Engineering Technician | 1, NEST Coordinator | 2, Nurse | 7, Nurse-in-charge | 3, Data Clerk | 4, Clinician | 99, Other <i>(specify below)</i>",,,,,,[md_eqt_rp_num] >= 1,y,,,,,
md_eqt_rp_othpos_1,hfa_neonatal_equipment_and_supplies_clinical_compe,,text,"If other position, please specify: ",,,,,,,[md_eqt_rp_pos_1] = '99',,,,,,
md_eqt_rp_ph_1,hfa_neonatal_equipment_and_supplies_clinical_compe,,text,Respondent Phone Number:,,,,,,y,[md_eqt_rp_num] >= 1,,,,,,
md_eqt_rp_hed_2,hfa_neonatal_equipment_and_supplies_clinical_compe,,descriptive,"<div style=""background-color:#82cdbf; padding:5px"">Respondent #2</div>",,,,,,,[md_eqt_rp_num] >= 2,,,,,,
md_eqt_rp_nam_2,hfa_neonatal_equipment_and_supplies_clinical_compe,,text,Respondent Name (First and Last):,,,,,,y,[md_eqt_rp_num] >= 2,,,,,,
md_eqt_rp_pos_2,hfa_neonatal_equipment_and_supplies_clinical_compe,,radio,Respondent Position:,"6, Hospital Management | 5, Biomedical Engineering Technician | 1, NEST Coordinator | 2, Nurse | 7, Nurse-in-charge | 3, Data Clerk | 4, Clinician | 99, Other <i>(specify below)</i>",,,,,,[md_eqt_rp_num] >= 2,,,,,,
md_eqt_rp_othpos_2,hfa_neonatal_equipment_and_supplies_clinical_compe,,text,"If other position, please specify: ",,,,,,,[md_eqt_rp_pos_2] = '99',,,,,,
md_eqt_rp_ph_2,hfa_neonatal_equipment_and_supplies_clinical_compe,,text,Respondent Phone Number:,,,,,,y,[md_eqt_rp_num] >= 2,,,,,,
md_eqt_rp_hed_3,hfa_neonatal_equipment_and_supplies_clinical_compe,,descriptive,"<div style=""background-color:#82cdbf; padding:5px"">Respondent #3</div>",,,,,,,[md_eqt_rp_num] >= 3,,,,,,
md_eqt_rp_nam_3,hfa_neonatal_equipment_and_supplies_clinical_compe,,text,Respondent Name (First and Last):,,,,,,y,[md_eqt_rp_num] >= 3,,,,,,
md_eqt_rp_pos_3,hfa_neonatal_equipment_and_supplies_clinical_compe,,radio,Respondent Position:,"6, Hospital Management | 5, Biomedical Engineering Technician | 1, NEST Coordinator | 2, Nurse | 7, Nurse-in-charge | 3, Data Clerk | 4, Clinician | 99, Other <i>(specify below)</i>",,,,,,[md_eqt_rp_num] >= 3,,,,,,
md_eqt_rp_othpos_3,hfa_neonatal_equipment_and_supplies_clinical_compe,,text,"If other position, please specify: ",,,,,,,[md_eqt_rp_pos_3] = '99',,,,,,
md_eqt_rp_ph_3,hfa_neonatal_equipment_and_supplies_clinical_compe,,text,Respondent Phone Number:,,,,,,y,[md_eqt_rp_num] >= 3,,,,,,
md_eqt_rp_hed_4,hfa_neonatal_equipment_and_supplies_clinical_compe,,descriptive,"<div style=""background-color:#82cdbf; padding:5px"">Respondent #4</div>",,,,,,,[md_eqt_rp_num] >= 4,,,,,,
md_eqt_rp_nam_4,hfa_neonatal_equipment_and_supplies_clinical_compe,,text,Respondent Name (First and Last):,,,,,,y,[md_eqt_rp_num] >= 4,,,,,,
md_eqt_rp_pos_4,hfa_neonatal_equipment_and_supplies_clinical_compe,,radio,Respondent Position:,"6, Hospital Management | 5, Biomedical Engineering Technician | 1, NEST Coordinator | 2, Nurse | 7, Nurse-in-charge | 3, Data Clerk | 4, Clinician | 99, Other <i>(specify below)</i>",,,,,,[md_eqt_rp_num] >= 4,,,,,,
md_eqt_rp_othpos_4,hfa_neonatal_equipment_and_supplies_clinical_compe,,text,"If other position, please specify: ",,,,,,,[md_eqt_rp_pos_4] = '99',,,,,,
md_eqt_rp_ph_4,hfa_neonatal_equipment_and_supplies_clinical_compe,,text,Respondent Phone Number:,,,,,,y,[md_eqt_rp_num] >= 4,,,,,,
md_eqt_rp_hed_5,hfa_neonatal_equipment_and_supplies_clinical_compe,,descriptive,"<div style=""background-color:#82cdbf; padding:5px"">Respondent #5</div>",,,,,,,[md_eqt_rp_num] >= 5,,,,,,
md_eqt_rp_nam_5,hfa_neonatal_equipment_and_supplies_clinical_compe,,text,Respondent Name (First and Last):,,,,,,y,[md_eqt_rp_num] >= 5,,,,,,
md_eqt_rp_pos_5,hfa_neonatal_equipment_and_supplies_clinical_compe,,radio,Respondent Position:,"6, Hospital Management | 5, Biomedical Engineering Technician | 1, NEST Coordinator | 2, Nurse | 7, Nurse-in-charge | 3, Data Clerk | 4, Clinician | 99, Other <i>(specify below)</i>",,,,,,[md_eqt_rp_num] >= 5,,,,,,
md_eqt_rp_othpos_5,hfa_neonatal_equipment_and_supplies_clinical_compe,,text,"If other position, please specify: ",,,,,,,[md_eqt_rp_pos_5] = '99',,,,,,
md_eqt_rp_ph_5,hfa_neonatal_equipment_and_supplies_clinical_compe,,text,Respondent Phone Number:,,,,,,y,[md_eqt_rp_num] >= 5,,,,,,
md_eqt_rs_hed,hfa_neonatal_equipment_and_supplies_clinical_compe,,descriptive,"<div style=""background-color:#82cdbf;padding:10px"">Resuscitation Equipment and Supplies</div>",,,,,,,,,,,,,
md_eqt_rs_bgm,hfa_neonatal_equipment_and_supplies_clinical_compe,,radio,Bag self-inflating (neonatal size)*,"1, Available today and no stockout in last 4 weeks | 3, Available today, but stockout in last 4 weeks | 0, Not available today",,,,,,,y,,,md_eqt_rs,,
md_eqt_rs_msk0,hfa_neonatal_equipment_and_supplies_clinical_compe,,radio,Neonatal sized face masks (size 0)*,"1, Available today and no stockout in last 4 weeks | 3, Available today, but stockout in last 4 weeks | 0, Not available today",,,,,,,y,,,md_eqt_rs,,
md_eqt_rs_msk1,hfa_neonatal_equipment_and_supplies_clinical_compe,,radio,Neonatal sized face masks (size 1)*,"1, Available today and no stockout in last 4 weeks | 3, Available today, but stockout in last 4 weeks | 0, Not available today",,,,,,,y,,,md_eqt_rs,,
md_eqt_rs_peng,hfa_neonatal_equipment_and_supplies_clinical_compe,,radio,Penguin sucker,"1, Available today and no stockout in last 4 weeks | 3, Available today, but stockout in last 4 weeks | 0, Not available today",,,,,,,y,,,md_eqt_rs,,
md_eqt_rs_mnq,hfa_neonatal_equipment_and_supplies_clinical_compe,,radio,Resuscitation mannequin (for practice),"1, Available today and no stockout in last 4 weeks | 3, Available today, but stockout in last 4 weeks | 0, Not available today",,,,,,,y,,,md_eqt_rs,,
md_eqt_rs_tp,hfa_neonatal_equipment_and_supplies_clinical_compe,,radio,T piece resuscitator*,"1, Available today and no stockout in last 4 weeks | 3, Available today, but stockout in last 4 weeks | 0, Not available today",,,,,,,y,,,md_eqt_rs,,
md_eqt_rs_bgm_hed,hfa_neonatal_equipment_and_supplies_clinical_compe,,descriptive,"<div style=""background-color:#fbd0c1;padding:10px"">Bag self-inflating (neonatal size)</div>",,,,,,,[md_eqt_rs_bgm] >= 1,,,,,,
md_eqt_rs_bgm_avl,hfa_neonatal_equipment_and_supplies_clinical_compe,,text,How many neonatal size self-inflating bags are there?,,,integer,-1,50,,[md_eqt_rs_bgm] >= 1,,,,,,
md_eqt_rs_bgm_fc,hfa_neonatal_equipment_and_supplies_clinical_compe,,text,How many neonatal size self-inflating bags are functional?,,,integer,-1,50,,[md_eqt_rs_bgm_avl] >= 1,,,,,,
md_eqt_rs_msk0_hed,hfa_neonatal_equipment_and_supplies_clinical_compe,,descriptive,"<div style=""background-color:#fbd0c1;padding:10px"">Neonatal sized face masks (size 0)</div>",,,,,,,[md_eqt_rs_msk0] >= 1,,,,,,
md_eqt_rs_msk0_avl,hfa_neonatal_equipment_and_supplies_clinical_compe,,text,How many neonatal sized face masks (size 0) are there?,,,integer,-1,50,,[md_eqt_rs_msk0] >= 1,,,,,,
md_eqt_rs_msk0_fc,hfa_neonatal_equipment_and_supplies_clinical_compe,,text,How many neonatal sized face masks (size 0) are functional?,,,integer,-1,50,,[md_eqt_rs_msk0_avl] >= 1,,,,,,
md_eqt_rs_msk1_hed,hfa_neonatal_equipment_and_supplies_clinical_compe,,descriptive,"<div style=""background-color:#fbd0c1;padding:10px"">Neonatal sized face masks (size 1)</div>",,,,,,,[md_eqt_rs_msk1] >= 1,,,,,,
md_eqt_rs_msk1_avl,hfa_neonatal_equipment_and_supplies_clinical_compe,,text,How many neonatal sized face masks (size 1) are there?,,,integer,-1,50,,[md_eqt_rs_msk1] >= 1,,,,,,
md_eqt_rs_msk1_fc,hfa_neonatal_equipment_and_supplies_clinical_compe,,text,How many neonatal sized face masks (size 1) are functional?,,,integer,-1,50,,[md_eqt_rs_msk1_avl] >= 1,,,,,,
md_eqt_rs_tp_hed,hfa_neonatal_equipment_and_supplies_clinical_compe,,descriptive,"<div style=""background-color:#fbd0c1;padding:10px"">T piece resuscitator</div>",,,,,,,[md_eqt_rs_tp] >= 1,,,,,,
md_eqt_rs_tp_avl,hfa_neonatal_equipment_and_supplies_clinical_compe,,text,How many T piece resuscitators are there?,,,integer,-1,50,,[md_eqt_rs_tp] >= 1,,,,,,
md_eqt_rs_tp_fc,hfa_neonatal_equipment_and_supplies_clinical_compe,,text,How many T piece resuscitators are functional?,,,integer,-1,50,,[md_eqt_rs_tp_avl] >= 1,,,,,,
md_eqt_tmp_hed,hfa_neonatal_equipment_and_supplies_clinical_compe,,descriptive,"<div style=""background-color:#82cdbf;padding:10px"">Thermal Protection Equipment and Supplies</div>",,,,,,,,,,,,,
md_eqt_tmp_ctm,hfa_neonatal_equipment_and_supplies_clinical_compe,,radio,Continuous temperature monitor* (not part of radiant warmer),"1, Available today and no stockout in last 4 weeks | 3, Available today, but stockout in last 4 weeks | 0, Not available today",,,,,,,y,,,md_eqt_tmp,,
md_eqt_tmp_rsus,hfa_neonatal_equipment_and_supplies_clinical_compe,,radio,Radiant warmer*,"1, Available today and no stockout in last 4 weeks | 3, Available today, but stockout in last 4 weeks | 0, Not available today",,,,,,,y,,,md_eqt_tmp,,
md_eqt_tmp_icb,hfa_neonatal_equipment_and_supplies_clinical_compe,,radio,Incubator*,"1, Available today and no stockout in last 4 weeks | 3, Available today, but stockout in last 4 weeks | 0, Not available today",,,,,,,y,,,md_eqt_tmp,,
md_eqt_tmp_bg,hfa_neonatal_equipment_and_supplies_clinical_compe,,radio,Plastic bags/cling film,"1, Available today and no stockout in last 4 weeks | 3, Available today, but stockout in last 4 weeks | 0, Not available today",,,,,,,y,,,md_eqt_tmp,,
md_eqt_tmp_hat,hfa_neonatal_equipment_and_supplies_clinical_compe,,radio,Newborn hats/caps (including preterm sizes),"1, Available today and no stockout in last 4 weeks | 3, Available today, but stockout in last 4 weeks | 0, Not available today",,,,,,,y,,,md_eqt_tmp,,
md_eqt_tmp_pr_rsus,hfa_neonatal_equipment_and_supplies_clinical_compe,,radio,Radiant warmer probes,"1, Available today and no stockout in last 4 weeks | 3, Available today, but stockout in last 4 weeks | 0, Not available today",,,,,,,y,,,md_eqt_tmp,,
md_eqt_tmp_pr_reus,hfa_neonatal_equipment_and_supplies_clinical_compe,,radio,Temperature probes (reusable),"1, Available today and no stockout in last 4 weeks | 3, Available today, but stockout in last 4 weeks | 0, Not available today",,,,,,,y,,,md_eqt_tmp,,
md_eqt_tmp_pr_cons,hfa_neonatal_equipment_and_supplies_clinical_compe,,radio,Temperature probes (consumable),"1, Available today and no stockout in last 4 weeks | 3, Available today, but stockout in last 4 weeks | 0, Not available today",,,,,,,y,,,md_eqt_tmp,,
md_eqt_tmp_kmc,hfa_neonatal_equipment_and_supplies_clinical_compe,,radio,KMC Wrappers,"1, Available today and no stockout in last 4 weeks | 3, Available today, but stockout in last 4 weeks | 0, Not available today",,,,,,,y,,,md_eqt_tmp,,
md_eqt_tmp_ctm_hed,hfa_neonatal_equipment_and_supplies_clinical_compe,,descriptive,"<div style=""background-color:#fbd0c1;padding:10px"">Continuous Temperature Monitor (Not Part of Radiant Warmer)</div>",,,,,,,[md_eqt_tmp_ctm] >= 1,,,,,,
md_eqt_tmp_ctm_avl,hfa_neonatal_equipment_and_supplies_clinical_compe,,text,How many continuous temperature monitors are there?,,,integer,-1,250,,[md_eqt_tmp_ctm] >= 1,,,,,,
md_eqt_tmp_ctm_fc,hfa_neonatal_equipment_and_supplies_clinical_compe,,text,How many continuous temperature monitors are functional?,,,integer,-1,250,,[md_eqt_tmp_ctm_avl] >= 1,,,,,,
md_eqt_tmp_ctm_man_1,hfa_neonatal_equipment_and_supplies_clinical_compe,,text,Who is the manufacturer of continuous temperature monitor 1?,,,,,,,[md_eqt_tmp_ctm_avl] >= 1,,,,,,
md_eqt_tmp_ctm_mod_1,hfa_neonatal_equipment_and_supplies_clinical_compe,,text,What is the model name of continuous temperature monitor 1?,,,,,,,[md_eqt_tmp_ctm_avl] >= 1,,,,,,
md_eqt_tmp_ctm_man_2,hfa_neonatal_equipment_and_supplies_clinical_compe,,text,Who is the manufacturer of continuous temperature monitor 2?,,,,,,,[md_eqt_tmp_ctm_avl] >= 2,,,,,,
md_eqt_tmp_ctm_mod_2,hfa_neonatal_equipment_and_supplies_clinical_compe,,text,What is the model name of continuous temperature monitor 2?,,,,,,,[md_eqt_tmp_ctm_avl] >= 2,,,,,,
md_eqt_tmp_ctm_man_3,hfa_neonatal_equipment_and_supplies_clinical_compe,,text,Who is the manufacturer of continuous temperature monitor 3?,,,,,,,[md_eqt_tmp_ctm_avl] >= 3,,,,,,
md_eqt_tmp_ctm_mod_3,hfa_neonatal_equipment_and_supplies_clinical_compe,,text,What is the model name of continuous temperature monitor 3?,,,,,,,[md_eqt_tmp_ctm_avl] >= 3,,,,,,
md_eqt_tmp_ctm_man_4,hfa_neonatal_equipment_and_supplies_clinical_compe,,text,Who is the manufacturer of continuous temperature monitor 4?,,,,,,,[md_eqt_tmp_ctm_avl] >= 4,,,,,,
md_eqt_tmp_ctm_mod_4,hfa_neonatal_equipment_and_supplies_clinical_compe,,text,What is the model name of continuous temperature monitor 4?,,,,,,,[md_eqt_tmp_ctm_avl] >= 4,,,,,,
md_eqt_tmp_ctm_man_5,hfa_neonatal_equipment_and_supplies_clinical_compe,,text,Who is the manufacturer of continuous temperature monitor 5?,,,,,,,[md_eqt_tmp_ctm_avl] >= 5,,,,,,
md_eqt_tmp_ctm_mod_5,hfa_neonatal_equipment_and_supplies_clinical_compe,,text,What is the model name of continuous temperature monitor 5?,,,,,,,[md_eqt_tmp_ctm_avl] >= 5,,,,,,
md_eqt_tmp_ctm_man_6,hfa_neonatal_equipment_and_supplies_clinical_compe,,text,Who is the manufacturer of continuous temperature monitor 6?,,,,,,,[md_eqt_tmp_ctm_avl] >= 6,,,,,,
md_eqt_tmp_ctm_mod_6,hfa_neonatal_equipment_and_supplies_clinical_compe,,text,What is the model name of continuous temperature monitor 6?,,,,,,,[md_eqt_tmp_ctm_avl] >= 6,,,,,,
md_eqt_tmp_ctm_man_7,hfa_neonatal_equipment_and_supplies_clinical_compe,,text,Who is the manufacturer of continuous temperature monitor 7?,,,,,,,[md_eqt_tmp_ctm_avl] >= 7,,,,,,
md_eqt_tmp_ctm_mod_7,hfa_neonatal_equipment_and_supplies_clinical_compe,,text,What is the model name of continuous temperature monitor 7?,,,,,,,[md_eqt_tmp_ctm_avl] >= 7,,,,,,
md_eqt_tmp_ctm_man_8,hfa_neonatal_equipment_and_supplies_clinical_compe,,text,Who is the manufacturer of continuous temperature monitor 8?,,,,,,,[md_eqt_tmp_ctm_avl] >= 8,,,,,,
md_eqt_tmp_ctm_mod_8,hfa_neonatal_equipment_and_supplies_clinical_compe,,text,What is the model name of continuous temperature monitor 8?,,,,,,,[md_eqt_tmp_ctm_avl] >= 8,,,,,,
md_eqt_tmp_ctm_man_9,hfa_neonatal_equipment_and_supplies_clinical_compe,,text,Who is the manufacturer of continuous temperature monitor 9?,,,,,,,[md_eqt_tmp_ctm_avl] >= 9,,,,,,
md_eqt_tmp_ctm_mod_9,hfa_neonatal_equipment_and_supplies_clinical_compe,,text,What is the model name of continuous temperature monitor 9?,,,,,,,[md_eqt_tmp_ctm_avl] >= 9,,,,,,
md_eqt_tmp_ctm_man_10,hfa_neonatal_equipment_and_supplies_clinical_compe,,text,Who is the manufacturer of continuous temperature monitor 10?,,,,,,,[md_eqt_tmp_ctm_avl] >= 10,,,,,,
md_eqt_tmp_ctm_mod_10,hfa_neonatal_equipment_and_supplies_clinical_compe,,text,What is the model name of continuous temperature monitor 10?,,,,,,,[md_eqt_tmp_ctm_avl] >= 10,,,,,,
md_eqt_tmp_rsus_hed,hfa_neonatal_equipment_and_supplies_clinical_compe,,descriptive,"<div style=""background-color:#fbd0c1;padding:10px"">Radiant Warmer</div>",,,,,,,[md_eqt_tmp_rsus] >= 1,,,,,,
md_eqt_tmp_rsus_avl,hfa_neonatal_equipment_and_supplies_clinical_compe,,text,How many radiant warmers are there?,,,integer,-1,50,,[md_eqt_tmp_rsus] >= 1,,,,,,
md_eqt_tmp_rsus_fc,hfa_neonatal_equipment_and_supplies_clinical_compe,,text,How many radiant warmers are functional?,,,integer,-1,50,,[md_eqt_tmp_rsus_avl] >= 1,,,,,,
md_eqt_tmp_rsus_man_1,hfa_neonatal_equipment_and_supplies_clinical_compe,,text,Who is the manufacturer of radiant warmer 1?,,,,,,,[md_eqt_tmp_rsus_avl] >= 1,,,,,,
md_eqt_tmp_rsus_mod_1,hfa_neonatal_equipment_and_supplies_clinical_compe,,text,What is the model name of radiant warmer 1?,,,,,,,[md_eqt_tmp_rsus_avl] >= 1,,,,,,
md_eqt_tmp_rsus_man_2,hfa_neonatal_equipment_and_supplies_clinical_compe,,text,Who is the manufacturer of radiant warmer 2?,,,,,,,[md_eqt_tmp_rsus_avl] >= 2,,,,,,
md_eqt_tmp_rsus_mod_2,hfa_neonatal_equipment_and_supplies_clinical_compe,,text,What is the model name of radiant warmer 2?,,,,,,,[md_eqt_tmp_rsus_avl] >= 2,,,,,,
md_eqt_tmp_rsus_man_3,hfa_neonatal_equipment_and_supplies_clinical_compe,,text,Who is the manufacturer of radiant warmer 3?,,,,,,,[md_eqt_tmp_rsus_avl] >= 3,,,,,,
md_eqt_tmp_rsus_mod_3,hfa_neonatal_equipment_and_supplies_clinical_compe,,text,What is the model name of radiant warmer 3?,,,,,,,[md_eqt_tmp_rsus_avl] >= 3,,,,,,
md_eqt_tmp_rsus_man_4,hfa_neonatal_equipment_and_supplies_clinical_compe,,text,Who is the manufacturer of radiant warmer 4?,,,,,,,[md_eqt_tmp_rsus_avl] >= 4,,,,,,
md_eqt_tmp_rsus_mod_4,hfa_neonatal_equipment_and_supplies_clinical_compe,,text,What is the model name of radiant warmer 4?,,,,,,,[md_eqt_tmp_rsus_avl] >= 4,,,,,,
md_eqt_tmp_rsus_man_5,hfa_neonatal_equipment_and_supplies_clinical_compe,,text,Who is the manufacturer of radiant warmer 5?,,,,,,,[md_eqt_tmp_rsus_avl] >= 5,,,,,,
md_eqt_tmp_rsus_mod_5,hfa_neonatal_equipment_and_supplies_clinical_compe,,text,What is the model name of radiant warmer 5?,,,,,,,[md_eqt_tmp_rsus_avl] >= 5,,,,,,
md_eqt_tmp_rsus_man_6,hfa_neonatal_equipment_and_supplies_clinical_compe,,text,Who is the manufacturer of radiant warmer 6?,,,,,,,[md_eqt_tmp_rsus_avl] >= 6,,,,,,
md_eqt_tmp_rsus_mod_6,hfa_neonatal_equipment_and_supplies_clinical_compe,,text,What is the model name of radiant warmer 6?,,,,,,,[md_eqt_tmp_rsus_avl] >= 6,,,,,,
md_eqt_tmp_rsus_man_7,hfa_neonatal_equipment_and_supplies_clinical_compe,,text,Who is the manufacturer of radiant warmer 7?,,,,,,,[md_eqt_tmp_rsus_avl] >= 7,,,,,,
md_eqt_tmp_rsus_mod_7,hfa_neonatal_equipment_and_supplies_clinical_compe,,text,What is the model name of radiant warmer 7?,,,,,,,[md_eqt_tmp_rsus_avl] >= 7,,,,,,
md_eqt_tmp_rsus_man_8,hfa_neonatal_equipment_and_supplies_clinical_compe,,text,Who is the manufacturer of radiant warmer 8?,,,,,,,[md_eqt_tmp_rsus_avl] >= 8,,,,,,
md_eqt_tmp_rsus_mod_8,hfa_neonatal_equipment_and_supplies_clinical_compe,,text,What is the model name of radiant warmer 8?,,,,,,,[md_eqt_tmp_rsus_avl] >= 8,,,,,,
md_eqt_tmp_rsus_man_9,hfa_neonatal_equipment_and_supplies_clinical_compe,,text,Who is the manufacturer of radiant warmer 9?,,,,,,,[md_eqt_tmp_rsus_avl] >= 9,,,,,,
md_eqt_tmp_rsus_mod_9,hfa_neonatal_equipment_and_supplies_clinical_compe,,text,What is the model name of radiant warmer 9?,,,,,,,[md_eqt_tmp_rsus_avl] >= 9,,,,,,
md_eqt_tmp_rsus_man_10,hfa_neonatal_equipment_and_supplies_clinical_compe,,text,Who is the manufacturer of radiant warmer 10?,,,,,,,[md_eqt_tmp_rsus_avl] >= 10,,,,,,
md_eqt_tmp_rsus_mod_10,hfa_neonatal_equipment_and_supplies_clinical_compe,,text,What is the model name of radiant warmer 10?,,,,,,,[md_eqt_tmp_rsus_avl] >= 10,,,,,,
md_eqt_tmp_icb_hed,hfa_neonatal_equipment_and_supplies_clinical_compe,,descriptive,"<div style=""background-color:#fbd0c1;padding:10px"">Incubator</div>",,,,,,,[md_eqt_tmp_icb] >= 1,,,,,,
md_eqt_tmp_icb_avl,hfa_neonatal_equipment_and_supplies_clinical_compe,,text,How many incubators are there?,,,integer,-1,50,,[md_eqt_tmp_icb] >= 1,,,,,,
md_eqt_tmp_icb_fc,hfa_neonatal_equipment_and_supplies_clinical_compe,,text,How many incubators are functional?,,,integer,-1,50,,[md_eqt_tmp_icb_avl] >= 1,,,,,,
md_eqt_tmp_icb_man_1,hfa_neonatal_equipment_and_supplies_clinical_compe,,text,Who is the manufacturer of incubator 1?,,,,,,,[md_eqt_tmp_icb_avl] >= 1,,,,,,
md_eqt_tmp_icb_mod_1,hfa_neonatal_equipment_and_supplies_clinical_compe,,text,What is the model name of incubator 1?,,,,,,,[md_eqt_tmp_icb_avl] >= 1,,,,,,
md_eqt_tmp_icb_man_2,hfa_neonatal_equipment_and_supplies_clinical_compe,,text,Who is the manufacturer of incubator 2?,,,,,,,[md_eqt_tmp_icb_avl] >= 2,,,,,,
md_eqt_tmp_icb_mod_2,hfa_neonatal_equipment_and_supplies_clinical_compe,,text,What is the model name of incubator 2?,,,,,,,[md_eqt_tmp_icb_avl] >= 2,,,,,,
md_eqt_tmp_icb_man_3,hfa_neonatal_equipment_and_supplies_clinical_compe,,text,Who is the manufacturer of incubator 3?,,,,,,,[md_eqt_tmp_icb_avl] >= 3,,,,,,
md_eqt_tmp_icb_mod_3,hfa_neonatal_equipment_and_supplies_clinical_compe,,text,What is the model name of incubator 3?,,,,,,,[md_eqt_tmp_icb_avl] >= 3,,,,,,
md_eqt_tmp_icb_man_4,hfa_neonatal_equipment_and_supplies_clinical_compe,,text,Who is the manufacturer of incubator 4?,,,,,,,[md_eqt_tmp_icb_avl] >= 4,,,,,,
md_eqt_tmp_icb_mod_4,hfa_neonatal_equipment_and_supplies_clinical_compe,,text,What is the model name of incubator 4?,,,,,,,[md_eqt_tmp_icb_avl] >= 4,,,,,,
md_eqt_tmp_icb_man_5,hfa_neonatal_equipment_and_supplies_clinical_compe,,text,Who is the manufacturer of incubator 5?,,,,,,,[md_eqt_tmp_icb_avl] >= 5,,,,,,
md_eqt_tmp_icb_mod_5,hfa_neonatal_equipment_and_supplies_clinical_compe,,text,What is the model name of incubator 5?,,,,,,,[md_eqt_tmp_icb_avl] >= 5,,,,,,
md_eqt_tmp_icb_man_6,hfa_neonatal_equipment_and_supplies_clinical_compe,,text,Who is the manufacturer of incubator 6?,,,,,,,[md_eqt_tmp_icb_avl] >= 6,,,,,,
md_eqt_tmp_icb_mod_6,hfa_neonatal_equipment_and_supplies_clinical_compe,,text,What is the model name of incubator 6?,,,,,,,[md_eqt_tmp_icb_avl] >= 6,,,,,,
md_eqt_tmp_icb_man_7,hfa_neonatal_equipment_and_supplies_clinical_compe,,text,Who is the manufacturer of incubator 7?,,,,,,,[md_eqt_tmp_icb_avl] >= 7,,,,,,
md_eqt_tmp_icb_mod_7,hfa_neonatal_equipment_and_supplies_clinical_compe,,text,What is the model name of incubator 7?,,,,,,,[md_eqt_tmp_icb_avl] >= 7,,,,,,
md_eqt_tmp_icb_man_8,hfa_neonatal_equipment_and_supplies_clinical_compe,,text,Who is the manufacturer of incubator 8?,,,,,,,[md_eqt_tmp_icb_avl] >= 8,,,,,,
md_eqt_tmp_icb_mod_8,hfa_neonatal_equipment_and_supplies_clinical_compe,,text,What is the model name of incubator 8?,,,,,,,[md_eqt_tmp_icb_avl] >= 8,,,,,,
md_eqt_tmp_icb_man_9,hfa_neonatal_equipment_and_supplies_clinical_compe,,text,Who is the manufacturer of incubator 9?,,,,,,,[md_eqt_tmp_icb_avl] >= 9,,,,,,
md_eqt_tmp_icb_mod_9,hfa_neonatal_equipment_and_supplies_clinical_compe,,text,What is the model name of incubator 9?,,,,,,,[md_eqt_tmp_icb_avl] >= 9,,,,,,
md_eqt_tmp_icb_man_10,hfa_neonatal_equipment_and_supplies_clinical_compe,,text,Who is the manufacturer of incubator 10?,,,,,,,[md_eqt_tmp_icb_avl] >= 10,,,,,,
md_eqt_tmp_icb_mod_10,hfa_neonatal_equipment_and_supplies_clinical_compe,,text,What is the model name of incubator 10?,,,,,,,[md_eqt_tmp_icb_avl] >= 10,,,,,,
md_eqt_iv_hed,hfa_neonatal_equipment_and_supplies_clinical_compe,,descriptive,"<div style=""background-color:#82cdbf;padding:10px"">Hypoglycemia and IV Fluids Equipment and Supplies</div>",,,,,,,,,,,,,
md_eqt_iv_tap,hfa_neonatal_equipment_and_supplies_clinical_compe,,radio,Adhesive tape,"1, Available today and no stockout in last 4 weeks | 3, Available today, but stockout in last 4 weeks | 0, Not available today",,,,,,,y,,,md_eqt_iv,,
md_eqt_iv_ivp,hfa_neonatal_equipment_and_supplies_clinical_compe,,radio,Infusion pump (delivers larger doses than syringe pump)*,"1, Available today and no stockout in last 4 weeks | 3, Available today, but stockout in last 4 weeks | 0, Not available today",,,,,,,y,,,md_eqt_iv,,
md_eqt_iv_syp,hfa_neonatal_equipment_and_supplies_clinical_compe,,radio,"Syringe pumps (single phase, delivers microdoses)*","1, Available today and no stockout in last 4 weeks | 3, Available today, but stockout in last 4 weeks | 0, Not available today",,,,,,,y,,,md_eqt_iv,,
md_eqt_iv_syp_sy,hfa_neonatal_equipment_and_supplies_clinical_compe,,radio,Syringes that match syringe pump,"1, Available today and no stockout in last 4 weeks | 3, Available today, but stockout in last 4 weeks | 0, Not available today",,,,,,,,,,md_eqt_iv,,
md_eqt_iv_tub,hfa_neonatal_equipment_and_supplies_clinical_compe,,radio,"Neonatal/Pediatric IV tubing/infusion set with burette 100-150ml, sterile, single use","1, Available today and no stockout in last 4 weeks | 3, Available today, but stockout in last 4 weeks | 0, Not available today",,,,,,,y,,,md_eqt_iv,,
md_eqt_iv_ivst,hfa_neonatal_equipment_and_supplies_clinical_compe,,radio,IV infusion stands (with or without castors),"1, Available today and no stockout in last 4 weeks | 3, Available today, but stockout in last 4 weeks | 0, Not available today",,,,,,,y,,,md_eqt_iv,,
md_eqt_iv_strlndl,hfa_neonatal_equipment_and_supplies_clinical_compe,,radio,Sterile needles (19-26 gauge) or butterfly set (23-25 gauge),"1, Available today and no stockout in last 4 weeks | 3, Available today, but stockout in last 4 weeks | 0, Not available today",,,,,,,y,,,md_eqt_iv,,
md_eqt_iv_sy_1,hfa_neonatal_equipment_and_supplies_clinical_compe,,radio,Sterile syringes (size 1; 1cc),"1, Available today and no stockout in last 4 weeks | 3, Available today, but stockout in last 4 weeks | 0, Not available today",,,,,,,y,,,md_eqt_iv,,
md_eqt_iv_sy_2,hfa_neonatal_equipment_and_supplies_clinical_compe,,radio,Sterile syringes (size 2; 2cc),"1, Available today and no stockout in last 4 weeks | 3, Available today, but stockout in last 4 weeks | 0, Not available today",,,,,,,y,,,md_eqt_iv,,
md_eqt_iv_sy_5,hfa_neonatal_equipment_and_supplies_clinical_compe,,radio,Sterile syringes (size 5; 5cc),"1, Available today and no stockout in last 4 weeks | 3, Available today, but stockout in last 4 weeks | 0, Not available today",,,,,,,y,,,md_eqt_iv,,
md_eqt_iv_sy_10,hfa_neonatal_equipment_and_supplies_clinical_compe,,radio,Sterile syringes (size 10; 10cc),"1, Available today and no stockout in last 4 weeks | 3, Available today, but stockout in last 4 weeks | 0, Not available today",,,,,,,y,,,md_eqt_iv,,
md_eqt_iv_sy_20,hfa_neonatal_equipment_and_supplies_clinical_compe,,radio,Sterile syringes (size 20; 20cc),"1, Available today and no stockout in last 4 weeks | 3, Available today, but stockout in last 4 weeks | 0, Not available today",,,,,,,,,,md_eqt_iv,,
md_eqt_iv_stpc,hfa_neonatal_equipment_and_supplies_clinical_compe,,radio,Stopcocks 2 or 3 way,"1, Available today and no stockout in last 4 weeks | 3, Available today, but stockout in last 4 weeks | 0, Not available today",,,,,,,y,,,md_eqt_iv,,
md_eqt_iv_glu,hfa_neonatal_equipment_and_supplies_clinical_compe,,radio,Rapid blood sugar testing strips/paper reagent strips or equivalent,"1, Available today and no stockout in last 4 weeks | 3, Available today, but stockout in last 4 weeks | 0, Not available today",,,,,,,y,,,md_eqt_iv,,
md_eqt_iv_ivp_hed,hfa_neonatal_equipment_and_supplies_clinical_compe,,descriptive,"<div style=""background-color:#fbd0c1;padding:10px"">Infusion Pumps (deliver larger doses than syringe pumps)</div>",,,,,,,[md_eqt_iv_ivp] >= 1,,,,,,
md_eqt_iv_ivp_avl,hfa_neonatal_equipment_and_supplies_clinical_compe,,text,How many infusion pumps are there?,,,integer,-1,50,,[md_eqt_iv_ivp] >= 1,,,,,,
md_eqt_iv_ivp_fc,hfa_neonatal_equipment_and_supplies_clinical_compe,,text,How many infusion pumps are functional?,,,integer,-1,50,,[md_eqt_iv_ivp_avl] >= 1,,,,,,
md_eqt_iv_ivp_man_1,hfa_neonatal_equipment_and_supplies_clinical_compe,,text,Who is the manufacturer of infusion pump 1?,,,,,,,[md_eqt_iv_ivp_avl] >= 1,,,,,,
md_eqt_iv_ivp_mod_1,hfa_neonatal_equipment_and_supplies_clinical_compe,,text,What is the model name of infusion pump 1?,,,,,,,[md_eqt_iv_ivp_avl] >= 1,,,,,,
md_eqt_iv_ivp_man_2,hfa_neonatal_equipment_and_supplies_clinical_compe,,text,Who is the manufacturer of infusion pump 2?,,,,,,,[md_eqt_iv_ivp_avl] >= 2,,,,,,
md_eqt_iv_ivp_mod_2,hfa_neonatal_equipment_and_supplies_clinical_compe,,text,What is the model name of infusion pump 2?,,,,,,,[md_eqt_iv_ivp_avl] >= 2,,,,,,
md_eqt_iv_ivp_man_3,hfa_neonatal_equipment_and_supplies_clinical_compe,,text,Who is the manufacturer of infusion pump 3?,,,,,,,[md_eqt_iv_ivp_avl] >= 3,,,,,,
md_eqt_iv_ivp_mod_3,hfa_neonatal_equipment_and_supplies_clinical_compe,,text,What is the model name of infusion pump 3?,,,,,,,[md_eqt_iv_ivp_avl] >= 3,,,,,,
md_eqt_iv_ivp_man_4,hfa_neonatal_equipment_and_supplies_clinical_compe,,text,Who is the manufacturer of infusion pump 4?,,,,,,,[md_eqt_iv_ivp_avl] >= 4,,,,,,
md_eqt_iv_ivp_mod_4,hfa_neonatal_equipment_and_supplies_clinical_compe,,text,What is the model name of infusion pump 4?,,,,,,,[md_eqt_iv_ivp_avl] >= 4,,,,,,
md_eqt_iv_ivp_man_5,hfa_neonatal_equipment_and_supplies_clinical_compe,,text,Who is the manufacturer of infusion pump 5?,,,,,,,[md_eqt_iv_ivp_avl] >= 5,,,,,,
md_eqt_iv_ivp_mod_5,hfa_neonatal_equipment_and_supplies_clinical_compe,,text,What is the model name of infusion pump 5?,,,,,,,[md_eqt_iv_ivp_avl] >= 5,,,,,,
md_eqt_iv_ivp_man_6,hfa_neonatal_equipment_and_supplies_clinical_compe,,text,Who is the manufacturer of infusion pump 6?,,,,,,,[md_eqt_iv_ivp_avl] >= 6,,,,,,
md_eqt_iv_ivp_mod_6,hfa_neonatal_equipment_and_supplies_clinical_compe,,text,What is the model name of infusion pump 6?,,,,,,,[md_eqt_iv_ivp_avl] >= 6,,,,,,
md_eqt_iv_ivp_man_7,hfa_neonatal_equipment_and_supplies_clinical_compe,,text,Who is the manufacturer of infusion pump 7?,,,,,,,[md_eqt_iv_ivp_avl] >= 7,,,,,,
md_eqt_iv_ivp_mod_7,hfa_neonatal_equipment_and_supplies_clinical_compe,,text,What is the model name of infusion pump 7?,,,,,,,[md_eqt_iv_ivp_avl] >= 7,,,,,,
md_eqt_iv_ivp_man_8,hfa_neonatal_equipment_and_supplies_clinical_compe,,text,Who is the manufacturer of infusion pump 8?,,,,,,,[md_eqt_iv_ivp_avl] >= 8,,,,,,
md_eqt_iv_ivp_mod_8,hfa_neonatal_equipment_and_supplies_clinical_compe,,text,What is the model name of infusion pump 8?,,,,,,,[md_eqt_iv_ivp_avl] >= 8,,,,,,
md_eqt_iv_ivp_man_9,hfa_neonatal_equipment_and_supplies_clinical_compe,,text,Who is the manufacturer of infusion pump 9?,,,,,,,[md_eqt_iv_ivp_avl] >= 9,,,,,,
md_eqt_iv_ivp_mod_9,hfa_neonatal_equipment_and_supplies_clinical_compe,,text,What is the model name of infusion pump 9?,,,,,,,[md_eqt_iv_ivp_avl] >= 9,,,,,,
md_eqt_iv_ivp_man_10,hfa_neonatal_equipment_and_supplies_clinical_compe,,text,Who is the manufacturer of infusion pump 10?,,,,,,,[md_eqt_iv_ivp_avl] >= 10,,,,,,
md_eqt_iv_ivp_mod_10,hfa_neonatal_equipment_and_supplies_clinical_compe,,text,What is the model name of infusion pump 10?,,,,,,,[md_eqt_iv_ivp_avl] >= 10,,,,,,
md_eqt_iv_syp_hed,hfa_neonatal_equipment_and_supplies_clinical_compe,,descriptive,"<div style=""background-color:#fbd0c1;padding:10px"">Syringe Pumps (Single Phase)</div>",,,,,,,[md_eqt_iv_syp] >= 1,,,,,,
md_eqt_iv_syp_avl,hfa_neonatal_equipment_and_supplies_clinical_compe,,text,How many syringe pumps are there?,,,integer,-1,50,,[md_eqt_iv_syp] >= 1,,,,,,
md_eqt_iv_syp_fc,hfa_neonatal_equipment_and_supplies_clinical_compe,,text,How many syringe pumps are functional?,,,integer,-1,50,,[md_eqt_iv_syp_avl] >= 1,,,,,,
md_eqt_iv_syp_man_1,hfa_neonatal_equipment_and_supplies_clinical_compe,,text,Who is the manufacturer of syringe pump 1?,,,,,,,[md_eqt_iv_syp_avl] >= 1,,,,,,
md_eqt_iv_syp_mod_1,hfa_neonatal_equipment_and_supplies_clinical_compe,,text,What is the model name of syringe pump 1?,,,,,,,[md_eqt_iv_syp_avl] >= 1,,,,,,
md_eqt_iv_syp_man_2,hfa_neonatal_equipment_and_supplies_clinical_compe,,text,Who is the manufacturer of syringe pump 2?,,,,,,,[md_eqt_iv_syp_avl] >= 2,,,,,,
md_eqt_iv_syp_mod_2,hfa_neonatal_equipment_and_supplies_clinical_compe,,text,What is the model name of syringe pump 2?,,,,,,,[md_eqt_iv_syp_avl] >= 2,,,,,,
md_eqt_iv_syp_man_3,hfa_neonatal_equipment_and_supplies_clinical_compe,,text,Who is the manufacturer of syringe pump 3?,,,,,,,[md_eqt_iv_syp_avl] >= 3,,,,,,
md_eqt_iv_syp_mod_3,hfa_neonatal_equipment_and_supplies_clinical_compe,,text,What is the model name of syringe pump 3?,,,,,,,[md_eqt_iv_syp_avl] >= 3,,,,,,
md_eqt_iv_syp_man_4,hfa_neonatal_equipment_and_supplies_clinical_compe,,text,Who is the manufacturer of syringe pump 4?,,,,,,,[md_eqt_iv_syp_avl] >= 4,,,,,,
md_eqt_iv_syp_mod_4,hfa_neonatal_equipment_and_supplies_clinical_compe,,text,What is the model name of syringe pump 4?,,,,,,,[md_eqt_iv_syp_avl] >= 4,,,,,,
md_eqt_iv_syp_man_5,hfa_neonatal_equipment_and_supplies_clinical_compe,,text,Who is the manufacturer of syringe pump 5?,,,,,,,[md_eqt_iv_syp_avl] >= 5,,,,,,
md_eqt_iv_syp_mod_5,hfa_neonatal_equipment_and_supplies_clinical_compe,,text,What is the model name of syringe pump 5?,,,,,,,[md_eqt_iv_syp_avl] >= 5,,,,,,
md_eqt_iv_syp_man_6,hfa_neonatal_equipment_and_supplies_clinical_compe,,text,Who is the manufacturer of syringe pump 6?,,,,,,,[md_eqt_iv_syp_avl] >= 6,,,,,,
md_eqt_iv_syp_mod_6,hfa_neonatal_equipment_and_supplies_clinical_compe,,text,What is the model name of syringe pump 6?,,,,,,,[md_eqt_iv_syp_avl] >= 6,,,,,,
md_eqt_iv_syp_man_7,hfa_neonatal_equipment_and_supplies_clinical_compe,,text,Who is the manufacturer of syringe pump 7?,,,,,,,[md_eqt_iv_syp_avl] >= 7,,,,,,
md_eqt_iv_syp_mod_7,hfa_neonatal_equipment_and_supplies_clinical_compe,,text,What is the model name of syringe pump 7?,,,,,,,[md_eqt_iv_syp_avl] >= 7,,,,,,
md_eqt_iv_syp_man_8,hfa_neonatal_equipment_and_supplies_clinical_compe,,text,Who is the manufacturer of syringe pump 8?,,,,,,,[md_eqt_iv_syp_avl] >= 8,,,,,,
md_eqt_iv_syp_mod_8,hfa_neonatal_equipment_and_supplies_clinical_compe,,text,What is the model name of syringe pump 8?,,,,,,,[md_eqt_iv_syp_avl] >= 8,,,,,,
md_eqt_iv_syp_man_9,hfa_neonatal_equipment_and_supplies_clinical_compe,,text,Who is the manufacturer of syringe pump 9?,,,,,,,[md_eqt_iv_syp_avl] >= 9,,,,,,
md_eqt_iv_syp_mod_9,hfa_neonatal_equipment_and_supplies_clinical_compe,,text,What is the model name of syringe pump 9?,,,,,,,[md_eqt_iv_syp_avl] >= 9,,,,,,
md_eqt_iv_syp_man_10,hfa_neonatal_equipment_and_supplies_clinical_compe,,text,Who is the manufacturer of syringe pump 10?,,,,,,,[md_eqt_iv_syp_avl] >= 10,,,,,,
md_eqt_iv_syp_mod_10,hfa_neonatal_equipment_and_supplies_clinical_compe,,text,What is the model name of syringe pump 10?,,,,,,,[md_eqt_iv_syp_avl] >= 10,,,,,,
md_eqt_o2_hed,hfa_neonatal_equipment_and_supplies_clinical_compe,,descriptive,"<div style=""background-color:#82cdbf;padding:10px"">Oxygen Delivery Equipment and Supplies</div>",,,,,,,,,,,,,
md_eqt_o2_apnm,hfa_neonatal_equipment_and_supplies_clinical_compe,,radio,Apnea monitor*,"1, Available today and no stockout in last 4 weeks | 3, Available today, but stockout in last 4 weeks | 0, Not available today",,,,,,,y,,,md_eqt_o2,,
md_eqt_o2_rspm,hfa_neonatal_equipment_and_supplies_clinical_compe,,radio,Respiratory rate monitor*,"1, Available today and no stockout in last 4 weeks | 3, Available today, but stockout in last 4 weeks | 0, Not available today",,,,,,,y,,,md_eqt_o2,,
md_eqt_o2_pg_1,hfa_neonatal_equipment_and_supplies_clinical_compe,,radio,Nasal prongs (1 mm),"1, Available today and no stockout in last 4 weeks | 3, Available today, but stockout in last 4 weeks | 0, Not available today",,,,,,,y,,,md_eqt_o2,,
md_eqt_o2_pg_2,hfa_neonatal_equipment_and_supplies_clinical_compe,,radio,Nasal prongs (2 mm),"1, Available today and no stockout in last 4 weeks | 3, Available today, but stockout in last 4 weeks | 0, Not available today",,,,,,,y,,,md_eqt_o2,,
md_eqt_o2_blen,hfa_neonatal_equipment_and_supplies_clinical_compe,,radio,Oxygen blenders*,"1, Available today and no stockout in last 4 weeks | 3, Available today, but stockout in last 4 weeks | 0, Not available today",,,,,,,y,,,md_eqt_o2,,
md_eqt_o2_o2cy,hfa_neonatal_equipment_and_supplies_clinical_compe,,radio,"Oxygen, bottled/cylinder*","1, Available today and no stockout in last 4 weeks | 3, Available today, but stockout in last 4 weeks | 0, Not available today",,,,,,,y,,,md_eqt_o2,,
md_eqt_o2_o2cr,hfa_neonatal_equipment_and_supplies_clinical_compe,,radio,Oxygen concentrator*,"1, Available today and no stockout in last 4 weeks | 3, Available today, but stockout in last 4 weeks | 0, Not available today",,,,,,,y,,,md_eqt_o2,,
md_eqt_o2_filt,hfa_neonatal_equipment_and_supplies_clinical_compe,,radio,"Oxygen concentrator filters (spare, each type needed for concentrator)","1, Available today and no stockout in last 4 weeks | 3, Available today, but stockout in last 4 weeks | 0, Not available today",,,,,,,y,,,md_eqt_o2,,
md_eqt_o2_o2hu,hfa_neonatal_equipment_and_supplies_clinical_compe,,radio,Oxygen humidifiers*,"1, Available today and no stockout in last 4 weeks | 3, Available today, but stockout in last 4 weeks | 0, Not available today",,,,,,,y,,,md_eqt_o2,,
md_eqt_o2_o2fs,hfa_neonatal_equipment_and_supplies_clinical_compe,,radio,Oxygen flow splitter for newborn*,"1, Available today and no stockout in last 4 weeks | 3, Available today, but stockout in last 4 weeks | 0, Not available today",,,,,,,y,,,md_eqt_o2,,
md_eqt_o2_can,hfa_neonatal_equipment_and_supplies_clinical_compe,,radio,Oxygen cannula,"1, Available today and no stockout in last 4 weeks | 3, Available today, but stockout in last 4 weeks | 0, Not available today",,,,,,,y,,,md_eqt_o2,,
md_eqt_o2_psucm,hfa_neonatal_equipment_and_supplies_clinical_compe,,radio,"Suction pump (portable, electrical with accessories)*","1, Available today and no stockout in last 4 weeks | 3, Available today, but stockout in last 4 weeks | 0, Not available today",,,,,,,y,,,md_eqt_o2,,
md_eqt_o2_msucm,hfa_neonatal_equipment_and_supplies_clinical_compe,,radio,"Suction pump (manual, non-electric power dependent)*","1, Available today and no stockout in last 4 weeks | 3, Available today, but stockout in last 4 weeks | 0, Not available today",,,,,,,y,,,md_eqt_o2,,
md_eqt_o2_apnm_hed,hfa_neonatal_equipment_and_supplies_clinical_compe,,descriptive,"<div style=""background-color:#fbd0c1;padding:10px"">Apnea Monitor</div>",,,,,,,[md_eqt_o2_apnm] >= 1,,,,,,
md_eqt_o2_apnm_avl,hfa_neonatal_equipment_and_supplies_clinical_compe,,text,How many apnea monitors are there?,,,integer,-1,50,,[md_eqt_o2_apnm] >= 1,,,,,,
md_eqt_o2_apnm_fc,hfa_neonatal_equipment_and_supplies_clinical_compe,,text,How many apnea monitors are functional?,,,integer,-1,50,,[md_eqt_o2_apnm_avl] >= 1,,,,,,
md_eqt_o2_apnm_man_1,hfa_neonatal_equipment_and_supplies_clinical_compe,,text,Who is the manufacturer of apnea monitor 1?,,,,,,,[md_eqt_o2_apnm_avl] >= 1,,,,,,
md_eqt_o2_apnm_mod_1,hfa_neonatal_equipment_and_supplies_clinical_compe,,text,What is the model name of apnea monitor 1?,,,,,,,[md_eqt_o2_apnm_avl] >= 1,,,,,,
md_eqt_o2_apnm_man_2,hfa_neonatal_equipment_and_supplies_clinical_compe,,text,Who is the manufacturer of apnea monitor 2?,,,,,,,[md_eqt_o2_apnm_avl] >= 2,,,,,,
md_eqt_o2_apnm_mod_2,hfa_neonatal_equipment_and_supplies_clinical_compe,,text,What is the model name of apnea monitor 2?,,,,,,,[md_eqt_o2_apnm_avl] >= 2,,,,,,
md_eqt_o2_apnm_man_3,hfa_neonatal_equipment_and_supplies_clinical_compe,,text,Who is the manufacturer of apnea monitor 3?,,,,,,,[md_eqt_o2_apnm_avl] >= 3,,,,,,
md_eqt_o2_apnm_mod_3,hfa_neonatal_equipment_and_supplies_clinical_compe,,text,What is the model name of apnea monitor 3?,,,,,,,[md_eqt_o2_apnm_avl] >= 3,,,,,,
md_eqt_o2_apnm_man_4,hfa_neonatal_equipment_and_supplies_clinical_compe,,text,Who is the manufacturer of apnea monitor 4?,,,,,,,[md_eqt_o2_apnm_avl] >= 4,,,,,,
md_eqt_o2_apnm_mod_4,hfa_neonatal_equipment_and_supplies_clinical_compe,,text,What is the model name of apnea monitor 4?,,,,,,,[md_eqt_o2_apnm_avl] >= 4,,,,,,
md_eqt_o2_apnm_man_5,hfa_neonatal_equipment_and_supplies_clinical_compe,,text,Who is the manufacturer of apnea monitor 5?,,,,,,,[md_eqt_o2_apnm_avl] >= 5,,,,,,
md_eqt_o2_apnm_mod_5,hfa_neonatal_equipment_and_supplies_clinical_compe,,text,What is the model name of apnea monitor 5?,,,,,,,[md_eqt_o2_apnm_avl] >= 5,,,,,,
md_eqt_o2_apnm_man_6,hfa_neonatal_equipment_and_supplies_clinical_compe,,text,Who is the manufacturer of apnea monitor 6?,,,,,,,[md_eqt_o2_apnm_avl] >= 6,,,,,,
md_eqt_o2_apnm_mod_6,hfa_neonatal_equipment_and_supplies_clinical_compe,,text,What is the model name of apnea monitor 6?,,,,,,,[md_eqt_o2_apnm_avl] >= 6,,,,,,
md_eqt_o2_apnm_man_7,hfa_neonatal_equipment_and_supplies_clinical_compe,,text,Who is the manufacturer of apnea monitor 7?,,,,,,,[md_eqt_o2_apnm_avl] >= 7,,,,,,
md_eqt_o2_apnm_mod_7,hfa_neonatal_equipment_and_supplies_clinical_compe,,text,What is the model name of apnea monitor 7?,,,,,,,[md_eqt_o2_apnm_avl] >= 7,,,,,,
md_eqt_o2_apnm_man_8,hfa_neonatal_equipment_and_supplies_clinical_compe,,text,Who is the manufacturer of apnea monitor 8?,,,,,,,[md_eqt_o2_apnm_avl] >= 8,,,,,,
md_eqt_o2_apnm_mod_8,hfa_neonatal_equipment_and_supplies_clinical_compe,,text,What is the model name of apnea monitor 8?,,,,,,,[md_eqt_o2_apnm_avl] >= 8,,,,,,
md_eqt_o2_apnm_man_9,hfa_neonatal_equipment_and_supplies_clinical_compe,,text,Who is the manufacturer of apnea monitor 9?,,,,,,,[md_eqt_o2_apnm_avl] >= 9,,,,,,
md_eqt_o2_apnm_mod_9,hfa_neonatal_equipment_and_supplies_clinical_compe,,text,What is the model name of apnea monitor 9?,,,,,,,[md_eqt_o2_apnm_avl] >= 9,,,,,,
md_eqt_o2_apnm_man_10,hfa_neonatal_equipment_and_supplies_clinical_compe,,text,Who is the manufacturer of apnea monitor 10?,,,,,,,[md_eqt_o2_apnm_avl] >= 10,,,,,,
md_eqt_o2_apnm_mod_10,hfa_neonatal_equipment_and_supplies_clinical_compe,,text,What is the model name of apnea monitor 10?,,,,,,,[md_eqt_o2_apnm_avl] >= 10,,,,,,
md_eqt_o2_rspm_hed,hfa_neonatal_equipment_and_supplies_clinical_compe,,descriptive,"<div style=""background-color:#fbd0c1;padding:10px"">Respiratory Rate Monitor</div>",,,,,,,[md_eqt_o2_rspm] >= 1,,,,,,
md_eqt_o2_rspm_avl,hfa_neonatal_equipment_and_supplies_clinical_compe,,text,How many respiratory rate monitors are there?,,,integer,-1,50,,[md_eqt_o2_rspm] >= 1,,,,,,
md_eqt_o2_rspm_fc,hfa_neonatal_equipment_and_supplies_clinical_compe,,text,How many respiratory rate monitors are functional?,,,integer,-1,50,,[md_eqt_o2_rspm_avl] >= 1,,,,,,
md_eqt_o2_rspm_man_1,hfa_neonatal_equipment_and_supplies_clinical_compe,,text,Who is the manufacturer of respiratory rate monitor 1?,,,,,,,[md_eqt_o2_rspm_avl] >= 1,,,,,,
md_eqt_o2_rspm_mod_1,hfa_neonatal_equipment_and_supplies_clinical_compe,,text,What is the model name of respiratory rate monitor 1?,,,,,,,[md_eqt_o2_rspm_avl] >= 1,,,,,,
md_eqt_o2_rspm_man_2,hfa_neonatal_equipment_and_supplies_clinical_compe,,text,Who is the manufacturer of respiratory rate monitor 2?,,,,,,,[md_eqt_o2_rspm_avl] >= 2,,,,,,
md_eqt_o2_rspm_mod_2,hfa_neonatal_equipment_and_supplies_clinical_compe,,text,What is the model name of respiratory rate monitor 2?,,,,,,,[md_eqt_o2_rspm_avl] >= 2,,,,,,
md_eqt_o2_rspm_man_3,hfa_neonatal_equipment_and_supplies_clinical_compe,,text,Who is the manufacturer of respiratory rate monitor 3?,,,,,,,[md_eqt_o2_rspm_avl] >= 3,,,,,,
md_eqt_o2_rspm_mod_3,hfa_neonatal_equipment_and_supplies_clinical_compe,,text,What is the model name of respiratory rate monitor 3?,,,,,,,[md_eqt_o2_rspm_avl] >= 3,,,,,,
md_eqt_o2_rspm_man_4,hfa_neonatal_equipment_and_supplies_clinical_compe,,text,Who is the manufacturer of respiratory rate monitor 4?,,,,,,,[md_eqt_o2_rspm_avl] >= 4,,,,,,
md_eqt_o2_rspm_mod_4,hfa_neonatal_equipment_and_supplies_clinical_compe,,text,What is the model name of respiratory rate monitor 4?,,,,,,,[md_eqt_o2_rspm_avl] >= 4,,,,,,
md_eqt_o2_rspm_man_5,hfa_neonatal_equipment_and_supplies_clinical_compe,,text,Who is the manufacturer of respiratory rate monitor 5?,,,,,,,[md_eqt_o2_rspm_avl] >= 5,,,,,,
md_eqt_o2_rspm_mod_5,hfa_neonatal_equipment_and_supplies_clinical_compe,,text,What is the model name of respiratory rate monitor 5?,,,,,,,[md_eqt_o2_rspm_avl] >= 5,,,,,,
md_eqt_o2_rspm_man_6,hfa_neonatal_equipment_and_supplies_clinical_compe,,text,Who is the manufacturer of respiratory rate monitor 6?,,,,,,,[md_eqt_o2_rspm_avl] >= 6,,,,,,
md_eqt_o2_rspm_mod_6,hfa_neonatal_equipment_and_supplies_clinical_compe,,text,What is the model name of respiratory rate monitor 6?,,,,,,,[md_eqt_o2_rspm_avl] >= 6,,,,,,
md_eqt_o2_rspm_man_7,hfa_neonatal_equipment_and_supplies_clinical_compe,,text,Who is the manufacturer of respiratory rate monitor 7?,,,,,,,[md_eqt_o2_rspm_avl] >= 7,,,,,,
md_eqt_o2_rspm_mod_7,hfa_neonatal_equipment_and_supplies_clinical_compe,,text,What is the model name of respiratory rate monitor 7?,,,,,,,[md_eqt_o2_rspm_avl] >= 7,,,,,,
md_eqt_o2_rspm_man_8,hfa_neonatal_equipment_and_supplies_clinical_compe,,text,Who is the manufacturer of respiratory rate monitor 8?,,,,,,,[md_eqt_o2_rspm_avl] >= 8,,,,,,
md_eqt_o2_rspm_mod_8,hfa_neonatal_equipment_and_supplies_clinical_compe,,text,What is the model name of respiratory rate monitor 8?,,,,,,,[md_eqt_o2_rspm_avl] >= 8,,,,,,
md_eqt_o2_rspm_man_9,hfa_neonatal_equipment_and_supplies_clinical_compe,,text,Who is the manufacturer of respiratory rate monitor 9?,,,,,,,[md_eqt_o2_rspm_avl] >= 9,,,,,,
md_eqt_o2_rspm_mod_9,hfa_neonatal_equipment_and_supplies_clinical_compe,,text,What is the model name of respiratory rate monitor 9?,,,,,,,[md_eqt_o2_rspm_avl] >= 9,,,,,,
md_eqt_o2_rspm_man_10,hfa_neonatal_equipment_and_supplies_clinical_compe,,text,Who is the manufacturer of respiratory rate monitor 10?,,,,,,,[md_eqt_o2_rspm_avl] >= 10,,,,,,
md_eqt_o2_rspm_mod_10,hfa_neonatal_equipment_and_supplies_clinical_compe,,text,What is the model name of respiratory rate monitor 10?,,,,,,,[md_eqt_o2_rspm_avl] >= 10,,,,,,
md_eqt_o2_blen_hed,hfa_neonatal_equipment_and_supplies_clinical_compe,,descriptive,"<div style=""background-color:#fbd0c1;padding:10px"">Oxygen blenders</div>",,,,,,,[md_eqt_o2_blen] >= 1,,,,,,
md_eqt_o2_blen_avl,hfa_neonatal_equipment_and_supplies_clinical_compe,,text,How many oxygen blenders are there?,,,integer,-1,50,,[md_eqt_o2_blen] >= 1,,,,,,
md_eqt_o2_blen_fc,hfa_neonatal_equipment_and_supplies_clinical_compe,,text,How many oxygen blenders are functional?,,,integer,-1,50,,[md_eqt_o2_blen_avl] >= 1,,,,,,
md_eqt_o2_o2cy_hed,hfa_neonatal_equipment_and_supplies_clinical_compe,,descriptive,"<div style=""background-color:#fbd0c1;padding:10px"">Bottled/Cylinder Oxygen</div>",,,,,,,[md_eqt_o2_o2cy] >= 1,,,,,,
md_eqt_o2_o2cy_avl,hfa_neonatal_equipment_and_supplies_clinical_compe,,text,How many bottles/cylinders of oxygen are there?,,,integer,-1,50,,[md_eqt_o2_o2cy] >= 1,,,,,,
md_eqt_o2_o2cy_fc,hfa_neonatal_equipment_and_supplies_clinical_compe,,text,How many bottles/cylinders of oxygen are functional?,,,integer,-1,50,,[md_eqt_o2_o2cy_avl] >= 1,,,,,,
md_eqt_o2_o2cy_mod_1,hfa_neonatal_equipment_and_supplies_clinical_compe,,text,Who is the supplier of oxygen bottles/cylinders?,,,,,,,[md_eqt_o2_o2cy_avl] >= 1,,,,,,
md_eqt_o2_o2cr_hed,hfa_neonatal_equipment_and_supplies_clinical_compe,,descriptive,"<div style=""background-color:#fbd0c1;padding:10px"">Oxygen Concentrators</div>",,,,,,,[md_eqt_o2_o2cr] >= 1,,,,,,
md_eqt_o2_o2cr_avl,hfa_neonatal_equipment_and_supplies_clinical_compe,,text,How many oxygen concentrators are there?,,,integer,-1,50,,[md_eqt_o2_o2cr] >= 1,,,,,,
md_eqt_o2_o2cr_fc,hfa_neonatal_equipment_and_supplies_clinical_compe,,text,How many oxygen concentrators are functional?,,,integer,-1,50,,[md_eqt_o2_o2cr_avl] >= 1,,,,,,
md_eqt_o2_o2cr_man_1,hfa_neonatal_equipment_and_supplies_clinical_compe,,text,Who is the manufacturer of oxygen concentrator #1?,,,,,,,[md_eqt_o2_o2cr_avl] >= 1,,,,,,
md_eqt_o2_o2cr_mod_1,hfa_neonatal_equipment_and_supplies_clinical_compe,,text,What is the model name of oxygen concentrator #1?,,,,,,,[md_eqt_o2_o2cr_avl] >= 1,,,,,,
md_eqt_o2_o2cr_otp_1,hfa_neonatal_equipment_and_supplies_clinical_compe,,text,Measure oxygen output of concentrator #1:,,Enter oxygen output percentage from 0 to 100.,number,-1,100,,[md_eqt_o2_o2cr_avl] >= 1,,,,,,
md_eqt_o2_o2cr_man_2,hfa_neonatal_equipment_and_supplies_clinical_compe,,text,Who is the manufacturer of oxygen concentrator #2?,,,,,,,[md_eqt_o2_o2cr_avl] >= 2,,,,,,
md_eqt_o2_o2cr_mod_2,hfa_neonatal_equipment_and_supplies_clinical_compe,,text,What is the model name of oxygen concentrator #2?,,,,,,,[md_eqt_o2_o2cr_avl] >= 2,,,,,,
md_eqt_o2_o2cr_otp_2,hfa_neonatal_equipment_and_supplies_clinical_compe,,text,Measure oxygen output of concentrator #2:,,Enter oxygen output percentage from 0 to 100.,number,-1,100,,[md_eqt_o2_o2cr_avl] >= 2,,,,,,
md_eqt_o2_o2cr_man_3,hfa_neonatal_equipment_and_supplies_clinical_compe,,text,Who is the manufacturer of oxygen concentrator #3?,,,,,,,[md_eqt_o2_o2cr_avl] >= 3,,,,,,
md_eqt_o2_o2cr_mod_3,hfa_neonatal_equipment_and_supplies_clinical_compe,,text,What is the model name of oxygen concentrator #3?,,,,,,,[md_eqt_o2_o2cr_avl] >= 3,,,,,,
md_eqt_o2_o2cr_otp_3,hfa_neonatal_equipment_and_supplies_clinical_compe,,text,Measure oxygen output of concentrator #3:,,Enter oxygen output percentage from 0 to 100.,number,-1,100,,[md_eqt_o2_o2cr_avl] >= 3,,,,,,
md_eqt_o2_o2cr_man_4,hfa_neonatal_equipment_and_supplies_clinical_compe,,text,Who is the manufacturer of oxygen concentrator #4?,,,,,,,[md_eqt_o2_o2cr_avl] >= 4,,,,,,
md_eqt_o2_o2cr_mod_4,hfa_neonatal_equipment_and_supplies_clinical_compe,,text,What is the model name of oxygen concentrator #4?,,,,,,,[md_eqt_o2_o2cr_avl] >= 4,,,,,,
md_eqt_o2_o2cr_otp_4,hfa_neonatal_equipment_and_supplies_clinical_compe,,text,Measure oxygen output of concentrator #4:,,Enter oxygen output percentage from 0 to 100.,number,-1,100,,[md_eqt_o2_o2cr_avl] >= 4,,,,,,
md_eqt_o2_o2cr_man_5,hfa_neonatal_equipment_and_supplies_clinical_compe,,text,Who is the manufacturer of oxygen concentrator #5?,,,,,,,[md_eqt_o2_o2cr_avl] >= 5,,,,,,
md_eqt_o2_o2cr_mod_5,hfa_neonatal_equipment_and_supplies_clinical_compe,,text,What is the model name of oxygen concentrator #5?,,,,,,,[md_eqt_o2_o2cr_avl] >= 5,,,,,,
md_eqt_o2_o2cr_otp_5,hfa_neonatal_equipment_and_supplies_clinical_compe,,text,Measure oxygen output of concentrator #5:,,Enter oxygen output percentage from 0 to 100.,number,-1,100,,[md_eqt_o2_o2cr_avl] >= 5,,,,,,
md_eqt_o2_o2cr_man_6,hfa_neonatal_equipment_and_supplies_clinical_compe,,text,Who is the manufacturer of oxygen concentrator #6?,,,,,,,[md_eqt_o2_o2cr_avl] >= 6,,,,,,
md_eqt_o2_o2cr_mod_6,hfa_neonatal_equipment_and_supplies_clinical_compe,,text,What is the model name of oxygen concentrator #6?,,,,,,,[md_eqt_o2_o2cr_avl] >= 6,,,,,,
md_eqt_o2_o2cr_otp_6,hfa_neonatal_equipment_and_supplies_clinical_compe,,text,Measure oxygen output of concentrator #6:,,Enter oxygen output percentage from 0 to 100.,number,-1,100,,[md_eqt_o2_o2cr_avl] >= 6,,,,,,
md_eqt_o2_o2cr_man_7,hfa_neonatal_equipment_and_supplies_clinical_compe,,text,Who is the manufacturer of oxygen concentrator #7?,,,,,,,[md_eqt_o2_o2cr_avl] >= 7,,,,,,
md_eqt_o2_o2cr_mod_7,hfa_neonatal_equipment_and_supplies_clinical_compe,,text,What is the model name of oxygen concentrator #7?,,,,,,,[md_eqt_o2_o2cr_avl] >= 7,,,,,,
md_eqt_o2_o2cr_otp_7,hfa_neonatal_equipment_and_supplies_clinical_compe,,text,Measure oxygen output of concentrator #7:,,Enter oxygen output percentage from 0 to 100.,number,-1,100,,[md_eqt_o2_o2cr_avl] >= 7,,,,,,
md_eqt_o2_o2cr_man_8,hfa_neonatal_equipment_and_supplies_clinical_compe,,text,Who is the manufacturer of oxygen concentrator #8?,,,,,,,[md_eqt_o2_o2cr_avl] >= 8,,,,,,
md_eqt_o2_o2cr_mod_8,hfa_neonatal_equipment_and_supplies_clinical_compe,,text,What is the model name of oxygen concentrator #8?,,,,,,,[md_eqt_o2_o2cr_avl] >= 8,,,,,,
md_eqt_o2_o2cr_otp_8,hfa_neonatal_equipment_and_supplies_clinical_compe,,text,Measure oxygen output of concentrator #8:,,Enter oxygen output percentage from 0 to 100.,number,-1,100,,[md_eqt_o2_o2cr_avl] >= 8,,,,,,
md_eqt_o2_o2cr_man_9,hfa_neonatal_equipment_and_supplies_clinical_compe,,text,Who is the manufacturer of oxygen concentrator #9?,,,,,,,[md_eqt_o2_o2cr_avl] >= 9,,,,,,
md_eqt_o2_o2cr_mod_9,hfa_neonatal_equipment_and_supplies_clinical_compe,,text,What is the model name of oxygen concentrator #9?,,,,,,,[md_eqt_o2_o2cr_avl] >= 9,,,,,,
md_eqt_o2_o2cr_otp_9,hfa_neonatal_equipment_and_supplies_clinical_compe,,text,Measure oxygen output of concentrator #9:,,Enter oxygen output percentage from 0 to 100.,number,-1,100,,[md_eqt_o2_o2cr_avl] >= 9,,,,,,
md_eqt_o2_o2cr_man_10,hfa_neonatal_equipment_and_supplies_clinical_compe,,text,Who is the manufacturer of oxygen concentrator #10?,,,,,,,[md_eqt_o2_o2cr_avl] >= 10,,,,,,
md_eqt_o2_o2cr_mod_10,hfa_neonatal_equipment_and_supplies_clinical_compe,,text,What is the model name of oxygen concentrator #10?,,,,,,,[md_eqt_o2_o2cr_avl] >= 10,,,,,,
md_eqt_o2_o2cr_otp_10,hfa_neonatal_equipment_and_supplies_clinical_compe,,text,Measure oxygen output of concentrator #10:,,Enter oxygen output percentage from 0 to 100.,number,-1,100,,[md_eqt_o2_o2cr_avl] >= 10,,,,,,
md_eqt_o2_o2cr_man_11,hfa_neonatal_equipment_and_supplies_clinical_compe,,text,Who is the manufacturer of oxygen concentrator #11?,,,,,,,[md_eqt_o2_o2cr_avl] >= 11,,,,,,
md_eqt_o2_o2cr_mod_11,hfa_neonatal_equipment_and_supplies_clinical_compe,,text,What is the model name of oxygen concentrator #11?,,,,,,,[md_eqt_o2_o2cr_avl] >= 11,,,,,,
md_eqt_o2_o2cr_otp_11,hfa_neonatal_equipment_and_supplies_clinical_compe,,text,Measure oxygen output of concentrator #11:,,Enter oxygen output percentage from 0 to 100.,number,-1,100,,[md_eqt_o2_o2cr_avl] >= 11,,,,,,
md_eqt_o2_o2cr_man_12,hfa_neonatal_equipment_and_supplies_clinical_compe,,text,Who is the manufacturer of oxygen concentrator #12?,,,,,,,[md_eqt_o2_o2cr_avl] >= 12,,,,,,
md_eqt_o2_o2cr_mod_12,hfa_neonatal_equipment_and_supplies_clinical_compe,,text,What is the model name of oxygen concentrator #12?,,,,,,,[md_eqt_o2_o2cr_avl] >= 12,,,,,,
md_eqt_o2_o2cr_otp_12,hfa_neonatal_equipment_and_supplies_clinical_compe,,text,Measure oxygen output of concentrator #12:,,Enter oxygen output percentage from 0 to 100.,number,-1,100,,[md_eqt_o2_o2cr_avl] >= 12,,,,,,
md_eqt_o2_o2cr_man_13,hfa_neonatal_equipment_and_supplies_clinical_compe,,text,Who is the manufacturer of oxygen concentrator #13?,,,,,,,[md_eqt_o2_o2cr_avl] >= 13,,,,,,
md_eqt_o2_o2cr_mod_13,hfa_neonatal_equipment_and_supplies_clinical_compe,,text,What is the model name of oxygen concentrator #13?,,,,,,,[md_eqt_o2_o2cr_avl] >= 13,,,,,,
md_eqt_o2_o2cr_otp_13,hfa_neonatal_equipment_and_supplies_clinical_compe,,text,Measure oxygen output of concentrator #13:,,Enter oxygen output percentage from 0 to 100.,number,-1,100,,[md_eqt_o2_o2cr_avl] >= 13,,,,,,
md_eqt_o2_o2cr_man_14,hfa_neonatal_equipment_and_supplies_clinical_compe,,text,Who is the manufacturer of oxygen concentrator #14?,,,,,,,[md_eqt_o2_o2cr_avl] >= 14,,,,,,
md_eqt_o2_o2cr_mod_14,hfa_neonatal_equipment_and_supplies_clinical_compe,,text,What is the model name of oxygen concentrator #14?,,,,,,,[md_eqt_o2_o2cr_avl] >= 14,,,,,,
md_eqt_o2_o2cr_otp_14,hfa_neonatal_equipment_and_supplies_clinical_compe,,text,Measure oxygen output of concentrator #14:,,Enter oxygen output percentage from 0 to 100.,number,-1,100,,[md_eqt_o2_o2cr_avl] >= 14,,,,,,
md_eqt_o2_o2cr_man_15,hfa_neonatal_equipment_and_supplies_clinical_compe,,text,Who is the manufacturer of oxygen concentrator #15?,,,,,,,[md_eqt_o2_o2cr_avl] >= 15,,,,,,
md_eqt_o2_o2cr_mod_15,hfa_neonatal_equipment_and_supplies_clinical_compe,,text,What is the model name of oxygen concentrator #15?,,,,,,,[md_eqt_o2_o2cr_avl] >= 15,,,,,,
md_eqt_o2_o2cr_otp_15,hfa_neonatal_equipment_and_supplies_clinical_compe,,text,Measure oxygen output of concentrator #15:,,Enter oxygen output percentage from 0 to 100.,number,-1,100,,[md_eqt_o2_o2cr_avl] >= 15,,,,,,
md_eqt_o2_o2cr_man_16,hfa_neonatal_equipment_and_supplies_clinical_compe,,text,Who is the manufacturer of oxygen concentrator #16?,,,,,,,[md_eqt_o2_o2cr_avl] >= 16,,,,,,
md_eqt_o2_o2cr_mod_16,hfa_neonatal_equipment_and_supplies_clinical_compe,,text,What is the model name of oxygen concentrator #16?,,,,,,,[md_eqt_o2_o2cr_avl] >= 16,,,,,,
md_eqt_o2_o2cr_otp_16,hfa_neonatal_equipment_and_supplies_clinical_compe,,text,Measure oxygen output of concentrator #16:,,Enter oxygen output percentage from 0 to 100.,number,-1,100,,[md_eqt_o2_o2cr_avl] >= 16,,,,,,
md_eqt_o2_o2cr_man_17,hfa_neonatal_equipment_and_supplies_clinical_compe,,text,Who is the manufacturer of oxygen concentrator #17?,,,,,,,[md_eqt_o2_o2cr_avl] >= 17,,,,,,
md_eqt_o2_o2cr_mod_17,hfa_neonatal_equipment_and_supplies_clinical_compe,,text,What is the model name of oxygen concentrator #17?,,,,,,,[md_eqt_o2_o2cr_avl] >= 17,,,,,,
md_eqt_o2_o2cr_otp_17,hfa_neonatal_equipment_and_supplies_clinical_compe,,text,Measure oxygen output of concentrator #17:,,Enter oxygen output percentage from 0 to 100.,number,-1,100,,[md_eqt_o2_o2cr_avl] >= 17,,,,,,
md_eqt_o2_o2cr_man_18,hfa_neonatal_equipment_and_supplies_clinical_compe,,text,Who is the manufacturer of oxygen concentrator #18?,,,,,,,[md_eqt_o2_o2cr_avl] >= 18,,,,,,
md_eqt_o2_o2cr_mod_18,hfa_neonatal_equipment_and_supplies_clinical_compe,,text,What is the model name of oxygen concentrator #18?,,,,,,,[md_eqt_o2_o2cr_avl] >= 18,,,,,,
md_eqt_o2_o2cr_otp_18,hfa_neonatal_equipment_and_supplies_clinical_compe,,text,Measure oxygen output of concentrator #18:,,Enter oxygen output percentage from 0 to 100.,number,-1,100,,[md_eqt_o2_o2cr_avl] >= 18,,,,,,
md_eqt_o2_o2cr_man_19,hfa_neonatal_equipment_and_supplies_clinical_compe,,text,Who is the manufacturer of oxygen concentrator #19?,,,,,,,[md_eqt_o2_o2cr_avl] >= 19,,,,,,
md_eqt_o2_o2cr_mod_19,hfa_neonatal_equipment_and_supplies_clinical_compe,,text,What is the model name of oxygen concentrator #19?,,,,,,,[md_eqt_o2_o2cr_avl] >= 19,,,,,,
md_eqt_o2_o2cr_otp_19,hfa_neonatal_equipment_and_supplies_clinical_compe,,text,Measure oxygen output of concentrator #19:,,Enter oxygen output percentage from 0 to 100.,number,-1,100,,[md_eqt_o2_o2cr_avl] >= 19,,,,,,
md_eqt_o2_o2cr_man_20,hfa_neonatal_equipment_and_supplies_clinical_compe,,text,Who is the manufacturer of oxygen concentrator #20?,,,,,,,[md_eqt_o2_o2cr_avl] >= 20,,,,,,
md_eqt_o2_o2cr_mod_20,hfa_neonatal_equipment_and_supplies_clinical_compe,,text,What is the model name of oxygen concentrator #20?,,,,,,,[md_eqt_o2_o2cr_avl] >= 20,,,,,,
md_eqt_o2_o2cr_otp_20,hfa_neonatal_equipment_and_supplies_clinical_compe,,text,Measure oxygen output of concentrator #20:,,Enter oxygen output percentage from 0 to 100.,number,-1,100,,[md_eqt_o2_o2cr_avl] >= 20,,,,,,
md_eqt_o2_o2cr_mt,hfa_neonatal_equipment_and_supplies_clinical_compe,,radio,Are maintenance schedules labeled on the oxygen concentrators? ,"1, Yes | 0, No | 9, Not applicable (no oxygen concentrators)",,,,,,[md_eqt_o2_o2cr] >= 1,,,,,,
md_eqt_o2_o2hu_hed,hfa_neonatal_equipment_and_supplies_clinical_compe,,descriptive,"<div style=""background-color:#fbd0c1;padding:10px"">Oxygen humidifiers</div>",,,,,,,[md_eqt_o2_o2hu] >= 1,,,,,,
md_eqt_o2_o2hu_avl,hfa_neonatal_equipment_and_supplies_clinical_compe,,text,How many oxygen humidifiers are there?,,,integer,-1,50,,[md_eqt_o2_o2hu] >= 1,,,,,,
md_eqt_o2_o2hu_fc,hfa_neonatal_equipment_and_supplies_clinical_compe,,text,How many oxygen humidifiers are functional?,,,integer,-1,50,,[md_eqt_o2_o2hu_avl] >= 1,,,,,,
md_eqt_o2_o2fs_hed,hfa_neonatal_equipment_and_supplies_clinical_compe,,descriptive,"<div style=""background-color:#fbd0c1;padding:10px"">Oxygen Flow Splitters for Newborns</div>",,,,,,,[md_eqt_o2_o2fs] >= 1,,,,,,
md_eqt_o2_o2fs_avl,hfa_neonatal_equipment_and_supplies_clinical_compe,,text,How many oxygen flow splitters are there?,,,integer,-1,50,,[md_eqt_o2_o2fs] >= 1,,,,,,
md_eqt_o2_o2fs_fc,hfa_neonatal_equipment_and_supplies_clinical_compe,,text,How many oxygen flow splitters are functional?,,,integer,-1,50,,[md_eqt_o2_o2fs_avl] >= 1,,,,,,
md_eqt_o2_o2fs_man_1,hfa_neonatal_equipment_and_supplies_clinical_compe,,text,Who is the manufacturer of oxygen flow splitter 1?,,,,,,,[md_eqt_o2_o2fs_avl] >= 1,,,,,,
md_eqt_o2_o2fs_mod_1,hfa_neonatal_equipment_and_supplies_clinical_compe,,text,What is the model name of oxygen flow splitter 1?,,,,,,,[md_eqt_o2_o2fs_avl] >= 1,,,,,,
md_eqt_o2_o2fs_prt_1,hfa_neonatal_equipment_and_supplies_clinical_compe,,text,How many ports does oxygen flow splitter 1 have?,,,integer,-1,10,,[md_eqt_o2_o2fs_avl] >= 1,,,,,,
md_eqt_o2_o2fs_man_2,hfa_neonatal_equipment_and_supplies_clinical_compe,,text,Who is the manufacturer of oxygen flow splitter 2?,,,,,,,[md_eqt_o2_o2fs_avl] >= 2,,,,,,
md_eqt_o2_o2fs_mod_2,hfa_neonatal_equipment_and_supplies_clinical_compe,,text,What is the model name of oxygen flow splitter 2?,,,,,,,[md_eqt_o2_o2fs_avl] >= 2,,,,,,
md_eqt_o2_o2fs_prt_2,hfa_neonatal_equipment_and_supplies_clinical_compe,,text,How many ports does oxygen flow splitter 2 have?,,,integer,-1,10,,[md_eqt_o2_o2fs_avl] >= 2,,,,,,
md_eqt_o2_o2fs_man_3,hfa_neonatal_equipment_and_supplies_clinical_compe,,text,Who is the manufacturer of oxygen flow splitter 3?,,,,,,,[md_eqt_o2_o2fs_avl] >= 3,,,,,,
md_eqt_o2_o2fs_mod_3,hfa_neonatal_equipment_and_supplies_clinical_compe,,text,What is the model name of oxygen flow splitter 3?,,,,,,,[md_eqt_o2_o2fs_avl] >= 3,,,,,,
md_eqt_o2_o2fs_prt_3,hfa_neonatal_equipment_and_supplies_clinical_compe,,text,How many ports does oxygen flow splitter 3 have?,,,integer,-1,10,,[md_eqt_o2_o2fs_avl] >= 3,,,,,,
md_eqt_o2_o2fs_man_4,hfa_neonatal_equipment_and_supplies_clinical_compe,,text,Who is the manufacturer of oxygen flow splitter 4?,,,,,,,[md_eqt_o2_o2fs_avl] >= 4,,,,,,
md_eqt_o2_o2fs_mod_4,hfa_neonatal_equipment_and_supplies_clinical_compe,,text,What is the model name of oxygen flow splitter 4?,,,,,,,[md_eqt_o2_o2fs_avl] >= 4,,,,,,
md_eqt_o2_o2fs_prt_4,hfa_neonatal_equipment_and_supplies_clinical_compe,,text,How many ports does oxygen flow splitter 4 have?,,,integer,-1,10,,[md_eqt_o2_o2fs_avl] >= 4,,,,,,
md_eqt_o2_o2fs_man_5,hfa_neonatal_equipment_and_supplies_clinical_compe,,text,Who is the manufacturer of oxygen flow splitter 5?,,,,,,,[md_eqt_o2_o2fs_avl] >= 5,,,,,,
md_eqt_o2_o2fs_mod_5,hfa_neonatal_equipment_and_supplies_clinical_compe,,text,What is the model name of oxygen flow splitter 5?,,,,,,,[md_eqt_o2_o2fs_avl] >= 5,,,,,,
md_eqt_o2_o2fs_prt_5,hfa_neonatal_equipment_and_supplies_clinical_compe,,text,How many ports does oxygen flow splitter 5 have?,,,integer,-1,10,,[md_eqt_o2_o2fs_avl] >= 5,,,,,,
md_eqt_o2_o2fs_man_6,hfa_neonatal_equipment_and_supplies_clinical_compe,,text,Who is the manufacturer of oxygen flow splitter 6?,,,,,,,[md_eqt_o2_o2fs_avl] >= 6,,,,,,
md_eqt_o2_o2fs_mod_6,hfa_neonatal_equipment_and_supplies_clinical_compe,,text,What is the model name of oxygen flow splitter 6?,,,,,,,[md_eqt_o2_o2fs_avl] >= 6,,,,,,
md_eqt_o2_o2fs_prt_6,hfa_neonatal_equipment_and_supplies_clinical_compe,,text,How many ports does oxygen flow splitter 6 have?,,,integer,-1,10,,[md_eqt_o2_o2fs_avl] >= 6,,,,,,
md_eqt_o7_o7fs_man_7,hfa_neonatal_equipment_and_supplies_clinical_compe,,text,Who is the manufacturer of oxygen flow splitter 7?,,,,,,,[md_eqt_o2_o2fs_avl] >= 7,,,,,,
md_eqt_o7_o7fs_mod_7,hfa_neonatal_equipment_and_supplies_clinical_compe,,text,What is the model name of oxygen flow splitter 7?,,,,,,,[md_eqt_o2_o2fs_avl] >= 7,,,,,,
md_eqt_o7_o7fs_prt_7,hfa_neonatal_equipment_and_supplies_clinical_compe,,text,How many ports does oxygen flow splitter 7 have?,,,integer,-1,10,,[md_eqt_o2_o2fs_avl] >= 7,,,,,,
md_eqt_o2_o2fs_man_8,hfa_neonatal_equipment_and_supplies_clinical_compe,,text,Who is the manufacturer of oxygen flow splitter 8?,,,,,,,[md_eqt_o2_o2fs_avl] >= 8,,,,,,
md_eqt_o2_o2fs_mod_8,hfa_neonatal_equipment_and_supplies_clinical_compe,,text,What is the model name of oxygen flow splitter 8?,,,,,,,[md_eqt_o2_o2fs_avl] >= 8,,,,,,
md_eqt_o2_o2fs_prt_8,hfa_neonatal_equipment_and_supplies_clinical_compe,,text,How many ports does oxygen flow splitter 8 have?,,,integer,-1,10,,[md_eqt_o2_o2fs_avl] >= 8,,,,,,
md_eqt_o2_o2fs_man_9,hfa_neonatal_equipment_and_supplies_clinical_compe,,text,Who is the manufacturer of oxygen flow splitter 9?,,,,,,,[md_eqt_o2_o2fs_avl] >= 9,,,,,,
md_eqt_o2_o2fs_mod_9,hfa_neonatal_equipment_and_supplies_clinical_compe,,text,What is the model name of oxygen flow splitter 9?,,,,,,,[md_eqt_o2_o2fs_avl] >= 9,,,,,,
md_eqt_o2_o2fs_prt_9,hfa_neonatal_equipment_and_supplies_clinical_compe,,text,How many ports does oxygen flow splitter 9 have?,,,integer,-1,10,,[md_eqt_o2_o2fs_avl] >= 9,,,,,,
md_eqt_o2_o2fs_man_10,hfa_neonatal_equipment_and_supplies_clinical_compe,,text,Who is the manufacturer of oxygen flow splitter 10?,,,,,,,[md_eqt_o2_o2fs_avl] >= 10,,,,,,
md_eqt_o2_o2fs_mod_10,hfa_neonatal_equipment_and_supplies_clinical_compe,,text,What is the model name of oxygen flow splitter 10?,,,,,,,[md_eqt_o2_o2fs_avl] >= 10,,,,,,
md_eqt_o2_o2fs_prt_10,hfa_neonatal_equipment_and_supplies_clinical_compe,,text,How many ports does oxygen flow splitter 10 have?,,,integer,-1,10,,[md_eqt_o2_o2fs_avl] >= 10,,,,,,
md_eqt_o2_psucm_hed,hfa_neonatal_equipment_and_supplies_clinical_compe,,descriptive,"<div style=""background-color:#fbd0c1;padding:10px"">Suction Pump (Portable, Electric)</div>",,,,,,,[md_eqt_o2_psucm] >= 1,,,,,,
md_eqt_o2_psucm_avl,hfa_neonatal_equipment_and_supplies_clinical_compe,,text,How many portable electric suction pumps are there?,,,integer,-1,50,,[md_eqt_o2_psucm] >= 1,,,,,,
md_eqt_o2_psucm_fc,hfa_neonatal_equipment_and_supplies_clinical_compe,,text,How many portable electric suction pumps are functional?,,,integer,-1,50,,[md_eqt_o2_psucm_avl] >= 1,,,,,,
md_eqt_o2_psucm_man_1,hfa_neonatal_equipment_and_supplies_clinical_compe,,text,Who is the manufacturer of portable electric suction pump 1?,,,,,,,[md_eqt_o2_psucm_avl] >= 1,,,,,,
md_eqt_o2_psucm_mod_1,hfa_neonatal_equipment_and_supplies_clinical_compe,,text,What is the model name of portable electric suction pump 1?,,,,,,,[md_eqt_o2_psucm_avl] >= 1,,,,,,
md_eqt_o2_psucm_man_2,hfa_neonatal_equipment_and_supplies_clinical_compe,,text,Who is the manufacturer of portable electric suction pump 2?,,,,,,,[md_eqt_o2_psucm_avl] >= 2,,,,,,
md_eqt_o2_psucm_mod_2,hfa_neonatal_equipment_and_supplies_clinical_compe,,text,What is the model name of portable electric suction pump 2?,,,,,,,[md_eqt_o2_psucm_avl] >= 2,,,,,,
md_eqt_o2_psucm_man_3,hfa_neonatal_equipment_and_supplies_clinical_compe,,text,Who is the manufacturer of portable electric suction pump 3?,,,,,,,[md_eqt_o2_psucm_avl] >= 3,,,,,,
md_eqt_o2_psucm_mod_3,hfa_neonatal_equipment_and_supplies_clinical_compe,,text,What is the model name of portable electric suction pump 3?,,,,,,,[md_eqt_o2_psucm_avl] >= 3,,,,,,
md_eqt_o2_psucm_man_4,hfa_neonatal_equipment_and_supplies_clinical_compe,,text,Who is the manufacturer of portable electric suction pump 4?,,,,,,,[md_eqt_o2_psucm_avl] >= 4,,,,,,
md_eqt_o2_psucm_mod_4,hfa_neonatal_equipment_and_supplies_clinical_compe,,text,What is the model name of portable electric suction pump 4?,,,,,,,[md_eqt_o2_psucm_avl] >= 4,,,,,,
md_eqt_o2_psucm_man_5,hfa_neonatal_equipment_and_supplies_clinical_compe,,text,Who is the manufacturer of portable electric suction pump 5?,,,,,,,[md_eqt_o2_psucm_avl] >= 5,,,,,,
md_eqt_o2_psucm_mod_5,hfa_neonatal_equipment_and_supplies_clinical_compe,,text,What is the model name of portable electric suction pump 5?,,,,,,,[md_eqt_o2_psucm_avl] >= 5,,,,,,
md_eqt_o2_psucm_man_6,hfa_neonatal_equipment_and_supplies_clinical_compe,,text,Who is the manufacturer of portable electric suction pump 6?,,,,,,,[md_eqt_o2_psucm_avl] >= 6,,,,,,
md_eqt_o2_psucm_mod_6,hfa_neonatal_equipment_and_supplies_clinical_compe,,text,What is the model name of portable electric suction pump 6?,,,,,,,[md_eqt_o2_psucm_avl] >= 6,,,,,,
md_eqt_o2_psucm_man_7,hfa_neonatal_equipment_and_supplies_clinical_compe,,text,Who is the manufacturer of portable electric suction pump 7?,,,,,,,[md_eqt_o2_psucm_avl] >= 7,,,,,,
md_eqt_o2_psucm_mod_7,hfa_neonatal_equipment_and_supplies_clinical_compe,,text,What is the model name of portable electric suction pump 7?,,,,,,,[md_eqt_o2_psucm_avl] >= 7,,,,,,
md_eqt_o2_psucm_man_8,hfa_neonatal_equipment_and_supplies_clinical_compe,,text,Who is the manufacturer of portable electric suction pump 8?,,,,,,,[md_eqt_o2_psucm_avl] >= 8,,,,,,
md_eqt_o2_psucm_mod_8,hfa_neonatal_equipment_and_supplies_clinical_compe,,text,What is the model name of portable electric suction pump 8?,,,,,,,[md_eqt_o2_psucm_avl] >= 8,,,,,,
md_eqt_o2_psucm_man_9,hfa_neonatal_equipment_and_supplies_clinical_compe,,text,Who is the manufacturer of portable electric suction pump 9?,,,,,,,[md_eqt_o2_psucm_avl] >= 9,,,,,,
md_eqt_o2_psucm_mod_9,hfa_neonatal_equipment_and_supplies_clinical_compe,,text,What is the model name of portable electric suction pump 9?,,,,,,,[md_eqt_o2_psucm_avl] >= 9,,,,,,
md_eqt_o2_psucm_man_10,hfa_neonatal_equipment_and_supplies_clinical_compe,,text,Who is the manufacturer of portable electric suction pump 10?,,,,,,,[md_eqt_o2_psucm_avl] >= 10,,,,,,
md_eqt_o2_psucm_mod_10,hfa_neonatal_equipment_and_supplies_clinical_compe,,text,What is the model name of portable electric suction pump 10?,,,,,,,[md_eqt_o2_psucm_avl] >= 10,,,,,,
md_eqt_o2_msucm_hed,hfa_neonatal_equipment_and_supplies_clinical_compe,,descriptive,"<div style=""background-color:#fbd0c1;padding:10px"">Suction Pump (Manual, Non-electric)</div>",,,,,,,[md_eqt_o2_msucm] >= 1,,,,,,
md_eqt_o2_msucm_avl,hfa_neonatal_equipment_and_supplies_clinical_compe,,text,How many manual suction pumps are there?,,,integer,-1,50,,[md_eqt_o2_msucm] >= 1,,,,,,
md_eqt_o2_msucm_fc,hfa_neonatal_equipment_and_supplies_clinical_compe,,text,How many manual suction pumps are functional?,,,integer,-1,50,,[md_eqt_o2_msucm_avl] >= 1,,,,,,
md_eqt_o2_msucm_man_1,hfa_neonatal_equipment_and_supplies_clinical_compe,,text,Who is the manufacturer of manual suction pump 1?,,,,,,,[md_eqt_o2_msucm_avl] >= 1,,,,,,
md_eqt_o2_msucm_mod_1,hfa_neonatal_equipment_and_supplies_clinical_compe,,text,What is the model name of manual suction pump 1?,,,,,,,[md_eqt_o2_msucm_avl] >= 1,,,,,,
md_eqt_o2_msucm_man_2,hfa_neonatal_equipment_and_supplies_clinical_compe,,text,Who is the manufacturer of manual suction pump 2?,,,,,,,[md_eqt_o2_msucm_avl] >= 2,,,,,,
md_eqt_o2_msucm_mod_2,hfa_neonatal_equipment_and_supplies_clinical_compe,,text,What is the model name of manual suction pump 2?,,,,,,,[md_eqt_o2_msucm_avl] >= 2,,,,,,
md_eqt_o2_msucm_man_3,hfa_neonatal_equipment_and_supplies_clinical_compe,,text,Who is the manufacturer of manual suction pump 3?,,,,,,,[md_eqt_o2_msucm_avl] >= 3,,,,,,
md_eqt_o2_msucm_mod_3,hfa_neonatal_equipment_and_supplies_clinical_compe,,text,What is the model name of manual suction pump 3?,,,,,,,[md_eqt_o2_msucm_avl] >= 3,,,,,,
md_eqt_o2_msucm_man_4,hfa_neonatal_equipment_and_supplies_clinical_compe,,text,Who is the manufacturer of manual suction pump 4?,,,,,,,[md_eqt_o2_msucm_avl] >= 4,,,,,,
md_eqt_o2_msucm_mod_4,hfa_neonatal_equipment_and_supplies_clinical_compe,,text,What is the model name of manual suction pump 4?,,,,,,,[md_eqt_o2_msucm_avl] >= 4,,,,,,
md_eqt_o2_msucm_man_5,hfa_neonatal_equipment_and_supplies_clinical_compe,,text,Who is the manufacturer of manual suction pump 5?,,,,,,,[md_eqt_o2_msucm_avl] >= 5,,,,,,
md_eqt_o2_msucm_mod_5,hfa_neonatal_equipment_and_supplies_clinical_compe,,text,What is the model name of manual suction pump 5?,,,,,,,[md_eqt_o2_msucm_avl] >= 5,,,,,,
md_eqt_o2_msucm_man_6,hfa_neonatal_equipment_and_supplies_clinical_compe,,text,Who is the manufacturer of manual suction pump 6?,,,,,,,[md_eqt_o2_msucm_avl] >= 6,,,,,,
md_eqt_o2_msucm_mod_6,hfa_neonatal_equipment_and_supplies_clinical_compe,,text,What is the model name of manual suction pump 6?,,,,,,,[md_eqt_o2_msucm_avl] >= 6,,,,,,
md_eqt_o2_msucm_man_7,hfa_neonatal_equipment_and_supplies_clinical_compe,,text,Who is the manufacturer of manual suction pump 7?,,,,,,,[md_eqt_o2_msucm_avl] >= 7,,,,,,
md_eqt_o2_msucm_mod_7,hfa_neonatal_equipment_and_supplies_clinical_compe,,text,What is the model name of manual suction pump 7?,,,,,,,[md_eqt_o2_msucm_avl] >= 7,,,,,,
md_eqt_o2_msucm_man_8,hfa_neonatal_equipment_and_supplies_clinical_compe,,text,Who is the manufacturer of manual suction pump 8?,,,,,,,[md_eqt_o2_msucm_avl] >= 8,,,,,,
md_eqt_o2_msucm_mod_8,hfa_neonatal_equipment_and_supplies_clinical_compe,,text,What is the model name of manual suction pump 8?,,,,,,,[md_eqt_o2_msucm_avl] >= 8,,,,,,
md_eqt_o2_msucm_man_9,hfa_neonatal_equipment_and_supplies_clinical_compe,,text,Who is the manufacturer of manual suction pump 9?,,,,,,,[md_eqt_o2_msucm_avl] >= 9,,,,,,
md_eqt_o2_msucm_mod_9,hfa_neonatal_equipment_and_supplies_clinical_compe,,text,What is the model name of manual suction pump 9?,,,,,,,[md_eqt_o2_msucm_avl] >= 9,,,,,,
md_eqt_o2_msucm_man_10,hfa_neonatal_equipment_and_supplies_clinical_compe,,text,Who is the manufacturer of manual suction pump 10?,,,,,,,[md_eqt_o2_msucm_avl] >= 10,,,,,,
md_eqt_o2_msucm_mod_10,hfa_neonatal_equipment_and_supplies_clinical_compe,,text,What is the model name of manual suction pump 10?,,,,,,,[md_eqt_o2_msucm_avl] >= 10,,,,,,
md_eqt_fed_hed,hfa_neonatal_equipment_and_supplies_clinical_compe,,descriptive,"<div style=""background-color:#82cdbf;padding:10px"">Assisted Feeding Equipment and Supplies</div>",,,,,,,,,,,,,
md_eqt_fed_bot,hfa_neonatal_equipment_and_supplies_clinical_compe,,radio,Feeding bottles,"1, Available today and no stockout in last 4 weeks | 3, Available today, but stockout in last 4 weeks | 0, Not available today",,,,,,,y,,,md_eqt_fed,,
md_eqt_fed_bpmp,hfa_neonatal_equipment_and_supplies_clinical_compe,,radio,Breast pumps (battery powered)*,"1, Available today and no stockout in last 4 weeks | 3, Available today, but stockout in last 4 weeks | 0, Not available today",,,,,,,y,,,md_eqt_fed,,
md_eqt_fed_mbpmp,hfa_neonatal_equipment_and_supplies_clinical_compe,,radio,Manual assisted pumping technology*,"1, Available today and no stockout in last 4 weeks | 3, Available today, but stockout in last 4 weeks | 0, Not available today",,,,,,,,,,md_eqt_fed,,
md_eqt_fed_othbmlk,hfa_neonatal_equipment_and_supplies_clinical_compe,,radio,Breastmilk substitute,"1, Available today and no stockout in last 4 weeks | 3, Available today, but stockout in last 4 weeks | 0, Not available today",,,,,,,y,,,md_eqt_fed,,
md_eqt_fed_mod,hfa_neonatal_equipment_and_supplies_clinical_compe,,radio,Breast model to demonstrate how to express milk,"1, Available today and no stockout in last 4 weeks | 3, Available today, but stockout in last 4 weeks | 0, Not available today",,,,,,,y,,,md_eqt_fed,,
md_eqt_fed_ebm,hfa_neonatal_equipment_and_supplies_clinical_compe,,radio,Collection containers (for expressed breastmilk),"1, Available today and no stockout in last 4 weeks | 3, Available today, but stockout in last 4 weeks | 0, Not available today",,,,,,,y,,,md_eqt_fed,,
md_eqt_fed_mnq,hfa_neonatal_equipment_and_supplies_clinical_compe,,radio,Dolls for nurses to model position and attachment for breastfeeding,"1, Available today and no stockout in last 4 weeks | 3, Available today, but stockout in last 4 weeks | 0, Not available today",,,,,,,y,,,md_eqt_fed,,
md_eqt_fed_gui,hfa_neonatal_equipment_and_supplies_clinical_compe,,radio,"Guide to model position and attachment for breastfeeding (e.g. job aid, video)","1, Available today and no stockout in last 4 weeks | 3, Available today, but stockout in last 4 weeks | 0, Not available today",,,,,,,,,,md_eqt_fed,,
md_eqt_fed_cup,hfa_neonatal_equipment_and_supplies_clinical_compe,,radio,Feeding cups,"1, Available today and no stockout in last 4 weeks | 3, Available today, but stockout in last 4 weeks | 0, Not available today",,,,,,,y,,,md_eqt_fed,,
md_eqt_fed_sy,hfa_neonatal_equipment_and_supplies_clinical_compe,,radio,Feeding syringes (any),"1, Available today and no stockout in last 4 weeks | 3, Available today, but stockout in last 4 weeks | 0, Not available today",,,,,,,y,,,md_eqt_fed,,
md_eqt_fed_tst,hfa_neonatal_equipment_and_supplies_clinical_compe,,radio,Litmus paper/testing strips (or equivalent),"1, Available today and no stockout in last 4 weeks | 3, Available today, but stockout in last 4 weeks | 0, Not available today",,,,,,,y,,,md_eqt_fed,,
md_eqt_fed_bpmp_hed,hfa_neonatal_equipment_and_supplies_clinical_compe,,descriptive,"<div style=""background-color:#fbd0c1;padding:10px"">Breast pumps (battery powered)</div>",,,,,,,[md_eqt_fed_bpmp] >= 1,,,,,,
md_eqt_fed_bpmp_avl,hfa_neonatal_equipment_and_supplies_clinical_compe,,text,How many breast pumps (battery powered) are there?,,,integer,-1,50,,[md_eqt_fed_bpmp] >= 1,,,,,,
md_eqt_fed_bpmp_fc,hfa_neonatal_equipment_and_supplies_clinical_compe,,text,How many breast pumps (battery powered) are functional?,,,integer,-1,50,,[md_eqt_fed_bpmp_avl] >= 1,,,,,,
md_eqt_fed_mbpmp_hed,hfa_neonatal_equipment_and_supplies_clinical_compe,,descriptive,"<div style=""background-color:#fbd0c1;padding:10px"">Manual assisted pumping technology</div>",,,,,,,[md_eqt_fed_mbpmp] >= 1,,,,,,
md_eqt_fed_mbpmp_avl,hfa_neonatal_equipment_and_supplies_clinical_compe,,text,How many manual assisted pumps are there?,,,integer,-1,50,,[md_eqt_fed_mbpmp] >= 1,,,,,,
md_eqt_fed_mbpmp_fc,hfa_neonatal_equipment_and_supplies_clinical_compe,,text,How many manual assisted pumps are functional?,,,integer,-1,50,,[md_eqt_fed_mbpmp_avl] >= 1,,,,,,
md_eqt_pt_hed,hfa_neonatal_equipment_and_supplies_clinical_compe,,descriptive,"<div style=""background-color:#82cdbf;padding:10px"">Phototherapy Equipment and Supplies</div>",,,,,,,,,,,,,
md_eqt_pt_led,hfa_neonatal_equipment_and_supplies_clinical_compe,,radio,Phototherapy lights - LED*,"1, Available today and no stockout in last 4 weeks | 3, Available today, but stockout in last 4 weeks | 0, Not available today",,,,,,,y,,,md_eqt_pt,,
md_eqt_pt_flu,hfa_neonatal_equipment_and_supplies_clinical_compe,,radio,Phototherapy lights - fluorescent*,"1, Available today and no stockout in last 4 weeks | 3, Available today, but stockout in last 4 weeks | 0, Not available today",,,,,,,y,,,md_eqt_pt,,
md_eqt_pt_lm,hfa_neonatal_equipment_and_supplies_clinical_compe,,radio,Photolight meter and/or phototherapy calibrator*,"1, Available today and no stockout in last 4 weeks | 3, Available today, but stockout in last 4 weeks | 0, Not available today",,,,,,,y,,,md_eqt_pt,,
md_eqt_pt_eye,hfa_neonatal_equipment_and_supplies_clinical_compe,,radio,Eye patches/eye shields,"1, Available today and no stockout in last 4 weeks | 3, Available today, but stockout in last 4 weeks | 0, Not available today",,,,,,,y,,,md_eqt_pt,,
md_eqt_pt_tx,hfa_neonatal_equipment_and_supplies_clinical_compe,,radio,Exchange transfusion sets (may be shared with any unit),"1, Available today and no stockout in last 4 weeks | 3, Available today, but stockout in last 4 weeks | 0, Not available today",,,,,,,y,,,md_eqt_pt,,
md_eqt_pt_ict,hfa_neonatal_equipment_and_supplies_clinical_compe,,radio,Icterometer,"1, Available today and no stockout in last 4 weeks | 3, Available today, but stockout in last 4 weeks | 0, Not available today",,,,,,,y,,,md_eqt_pt,,
md_eqt_pt_bilm,hfa_neonatal_equipment_and_supplies_clinical_compe,,radio,Bilirubinometer*,"1, Available today and no stockout in last 4 weeks | 3, Available today, but stockout in last 4 weeks | 0, Not available today",,,,,,,y,,,md_eqt_pt,,
md_eqt_pt_biltst,hfa_neonatal_equipment_and_supplies_clinical_compe,,radio,Test strips for bilirubinometer (match bilirubinometer),"1, Available today and no stockout in last 4 weeks | 3, Available today, but stockout in last 4 weeks | 0, Not available today",,,,,,,y,,,md_eqt_pt,,
md_eqt_pt_tbilm,hfa_neonatal_equipment_and_supplies_clinical_compe,,radio,Transcutaneous bilirubinometer*,"1, Available today and no stockout in last 4 weeks | 3, Available today, but stockout in last 4 weeks | 0, Not available today",,,,,,,y,,,md_eqt_pt,,
md_eqt_pt_led_hed,hfa_neonatal_equipment_and_supplies_clinical_compe,,descriptive,"<div style=""background-color:#fbd0c1;padding:10px"">Phototherapy Units (LED)</div>",,,,,,,[md_eqt_pt_led] >= 1,,,,,,
md_eqt_pt_led_avl,hfa_neonatal_equipment_and_supplies_clinical_compe,,text,How many phototherapy units are there?,,,integer,-1,50,,[md_eqt_pt_led] >= 1,,,,,,
md_eqt_pt_led_fc,hfa_neonatal_equipment_and_supplies_clinical_compe,,text,How many phototherapy units are functional?,,,integer,-1,50,,[md_eqt_pt_led_avl] >= 1,,,,,,
md_eqt_pt_led_hed_1,hfa_neonatal_equipment_and_supplies_clinical_compe,,descriptive,"<div style=""background-color:#fbd0c1;padding:10px"">Phototherapy Unit #1</div>",,,,,,,[md_eqt_pt_led_avl] >= 1,,,,,,
md_eqt_pt_led_man_1,hfa_neonatal_equipment_and_supplies_clinical_compe,,text,Who is the manufacturer of phototherapy unit 1?,,,,,,,[md_eqt_pt_led_avl] >= 1,,,,,,
md_eqt_pt_led_mod_1,hfa_neonatal_equipment_and_supplies_clinical_compe,,text,What is the model name of phototherapy unit 1?,,,,,,,[md_eqt_pt_led_avl] >= 1,,,,,,
md_eqt_pt_led_chg_1,hfa_neonatal_equipment_and_supplies_clinical_compe,,radio,Have the LED bulbs ever been changed?,"1, Yes | 0, No | 9, Unknown",,,,,,[md_eqt_pt_led_avl] >= 1,,,,,,
md_eqt_pt_led_dt_1,hfa_neonatal_equipment_and_supplies_clinical_compe,,text,When were the LED bulbs last changed?,,"If a date is unknown, enter 1999/01/01.",date_ymd,,,,[md_eqt_pt_led_chg_1] = '1',,,,,,
md_eqt_pt_led_otp_1,hfa_neonatal_equipment_and_supplies_clinical_compe,,text,What is the LED bulb output (in µW/cm2/nm)?,,Use the lightmeter to measure the bulb output.,number,-1,150,,[md_eqt_pt_led_avl] >= 1,,,,,,
md_eqt_pt_led_dstn_1,hfa_neonatal_equipment_and_supplies_clinical_compe,,text,How far (in cm) is the phototherapy light from the baby/cot?,,,number,-1,100,,[md_eqt_pt_led_avl] >= 1,,,,,,
md_eqt_pt_led_otp35_1,hfa_neonatal_equipment_and_supplies_clinical_compe,,text,What is the LED bulb output (in µW/cm2/nm) if the phototherapy light is 35 cm from the baby/cot?,,Use the lightmeter to measure the bulb output.,number,-1,150,,[md_eqt_pt_led_avl] >= 1,,,,,,
md_eqt_pt_led_hed_2,hfa_neonatal_equipment_and_supplies_clinical_compe,,descriptive,"<div style=""background-color:#fbd0c1;padding:10px"">Phototherapy Unit #2</div>",,,,,,,[md_eqt_pt_led_avl] >= 2,,,,,,
md_eqt_pt_led_man_2,hfa_neonatal_equipment_and_supplies_clinical_compe,,text,Who is the manufacturer of phototherapy unit 2?,,,,,,,[md_eqt_pt_led_avl] >= 2,,,,,,
md_eqt_pt_led_mod_2,hfa_neonatal_equipment_and_supplies_clinical_compe,,text,What is the model name of phototherapy unit 2?,,,,,,,[md_eqt_pt_led_avl] >= 2,,,,,,
md_eqt_pt_led_chg_2,hfa_neonatal_equipment_and_supplies_clinical_compe,,radio,Have the LED bulbs ever been changed?,"1, Yes | 0, No | 9, Unknown",,,,,,[md_eqt_pt_led_avl] >= 2,,,,,,
md_eqt_pt_led_dt_2,hfa_neonatal_equipment_and_supplies_clinical_compe,,text,When were the LED bulbs last changed?,,"If a date is unknown, enter 1999/01/01.",date_ymd,,,,[md_eqt_pt_led_chg_2] = '1',,,,,,
md_eqt_pt_led_otp_2,hfa_neonatal_equipment_and_supplies_clinical_compe,,text,What is the LED bulb output (in µW/cm2/nm)?,,Use the lightmeter to measure the bulb output.,number,-1,150,,[md_eqt_pt_led_avl] >= 2,,,,,,
md_eqt_pt_led_dstn_2,hfa_neonatal_equipment_and_supplies_clinical_compe,,text,How far (in cm) is the phototherapy light from the baby/cot?,,,number,-1,100,,[md_eqt_pt_led_avl] >= 2,,,,,,
md_eqt_pt_led_otp35_2,hfa_neonatal_equipment_and_supplies_clinical_compe,,text,What is the LED bulb output (in µW/cm2/nm) if the phototherapy light is 35 cm from the baby/cot?,,Use the lightmeter to measure the bulb output.,number,-1,150,,[md_eqt_pt_led_avl] >= 2,,,,,,
md_eqt_pt_led_hed_3,hfa_neonatal_equipment_and_supplies_clinical_compe,,descriptive,"<div style=""background-color:#fbd0c1;padding:10px"">Phototherapy Unit #3</div>",,,,,,,[md_eqt_pt_led_avl] >= 3,,,,,,
md_eqt_pt_led_man_3,hfa_neonatal_equipment_and_supplies_clinical_compe,,text,Who is the manufacturer of phototherapy unit 3?,,,,,,,[md_eqt_pt_led_avl] >= 3,,,,,,
md_eqt_pt_led_mod_3,hfa_neonatal_equipment_and_supplies_clinical_compe,,text,What is the model name of phototherapy unit 3?,,,,,,,[md_eqt_pt_led_avl] >= 3,,,,,,
md_eqt_pt_led_chg_3,hfa_neonatal_equipment_and_supplies_clinical_compe,,radio,Have the LED bulbs ever been changed?,"1, Yes | 0, No | 9, Unknown",,,,,,[md_eqt_pt_led_avl] >= 3,,,,,,
md_eqt_pt_led_dt_3,hfa_neonatal_equipment_and_supplies_clinical_compe,,text,When were the LED bulbs last changed?,,"If a date is unknown, enter 1999/01/01.",date_ymd,,,,[md_eqt_pt_led_chg_3] = '1',,,,,,
md_eqt_pt_led_otp_3,hfa_neonatal_equipment_and_supplies_clinical_compe,,text,What is the LED bulb output (in µW/cm2/nm)?,,Use the lightmeter to measure the bulb output.,number,-1,150,,[md_eqt_pt_led_avl] >= 3,,,,,,
md_eqt_pt_led_dstn_3,hfa_neonatal_equipment_and_supplies_clinical_compe,,text,How far (in cm) is the phototherapy light from the baby/cot?,,,number,-1,100,,[md_eqt_pt_led_avl] >= 3,,,,,,
md_eqt_pt_led_otp35_3,hfa_neonatal_equipment_and_supplies_clinical_compe,,text,What is the LED bulb output (in µW/cm2/nm) if the phototherapy light is 35 cm from the baby/cot?,,Use the lightmeter to measure the bulb output.,number,-1,150,,[md_eqt_pt_led_avl] >= 3,,,,,,
md_eqt_pt_led_hed_4,hfa_neonatal_equipment_and_supplies_clinical_compe,,descriptive,"<div style=""background-color:#fbd0c1;padding:10px"">Phototherapy Unit #4</div>",,,,,,,[md_eqt_pt_led_avl] >= 4,,,,,,
md_eqt_pt_led_man_4,hfa_neonatal_equipment_and_supplies_clinical_compe,,text,Who is the manufacturer of phototherapy unit 4?,,,,,,,[md_eqt_pt_led_avl] >= 4,,,,,,
md_eqt_pt_led_mod_4,hfa_neonatal_equipment_and_supplies_clinical_compe,,text,What is the model name of phototherapy unit 4?,,,,,,,[md_eqt_pt_led_avl] >= 4,,,,,,
md_eqt_pt_led_chg_4,hfa_neonatal_equipment_and_supplies_clinical_compe,,radio,Have the LED bulbs ever been changed?,"1, Yes | 0, No | 9, Unknown",,,,,,[md_eqt_pt_led_avl] >= 4,,,,,,
md_eqt_pt_led_dt_4,hfa_neonatal_equipment_and_supplies_clinical_compe,,text,When were the LED bulbs last changed?,,"If a date is unknown, enter 1999/01/01.",date_ymd,,,,[md_eqt_pt_led_chg_4] = '1',,,,,,
md_eqt_pt_led_otp_4,hfa_neonatal_equipment_and_supplies_clinical_compe,,text,What is the LED bulb output (in µW/cm2/nm)?,,Use the lightmeter to measure the bulb output.,number,-1,150,,[md_eqt_pt_led_avl] >= 4,,,,,,
md_eqt_pt_led_dstn_4,hfa_neonatal_equipment_and_supplies_clinical_compe,,text,How far (in cm) is the phototherapy light from the baby/cot?,,,number,-1,100,,[md_eqt_pt_led_avl] >= 4,,,,,,
md_eqt_pt_led_otp35_4,hfa_neonatal_equipment_and_supplies_clinical_compe,,text,What is the LED bulb output (in µW/cm2/nm) if the phototherapy light is 35 cm from the baby/cot?,,Use the lightmeter to measure the bulb output.,number,-1,150,,[md_eqt_pt_led_avl] >= 4,,,,,,
md_eqt_pt_led_hed_5,hfa_neonatal_equipment_and_supplies_clinical_compe,,descriptive,"<div style=""background-color:#fbd0c1;padding:10px"">Phototherapy Unit #5</div>",,,,,,,[md_eqt_pt_led_avl] >= 5,,,,,,
md_eqt_pt_led_man_5,hfa_neonatal_equipment_and_supplies_clinical_compe,,text,Who is the manufacturer of phototherapy unit 5?,,,,,,,[md_eqt_pt_led_avl] >= 5,,,,,,
md_eqt_pt_led_mod_5,hfa_neonatal_equipment_and_supplies_clinical_compe,,text,What is the model name of phototherapy unit 5?,,,,,,,[md_eqt_pt_led_avl] >= 5,,,,,,
md_eqt_pt_led_chg_5,hfa_neonatal_equipment_and_supplies_clinical_compe,,radio,Have the LED bulbs ever been changed?,"1, Yes | 0, No | 9, Unknown",,,,,,[md_eqt_pt_led_avl] >= 5,,,,,,
md_eqt_pt_led_dt_5,hfa_neonatal_equipment_and_supplies_clinical_compe,,text,When were the LED bulbs last changed?,,"If a date is unknown, enter 1999/01/01.",date_ymd,,,,[md_eqt_pt_led_chg_5] = '1',,,,,,
md_eqt_pt_led_otp_5,hfa_neonatal_equipment_and_supplies_clinical_compe,,text,What is the LED bulb output (in µW/cm2/nm)?,,Use the lightmeter to measure the bulb output.,number,-1,150,,[md_eqt_pt_led_avl] >= 5,,,,,,
md_eqt_pt_led_dstn_5,hfa_neonatal_equipment_and_supplies_clinical_compe,,text,How far (in cm) is the phototherapy light from the baby/cot?,,,number,-1,100,,[md_eqt_pt_led_avl] >= 5,,,,,,
md_eqt_pt_led_otp35_5,hfa_neonatal_equipment_and_supplies_clinical_compe,,text,What is the LED bulb output (in µW/cm2/nm) if the phototherapy light is 35 cm from the baby/cot?,,Use the lightmeter to measure the bulb output.,number,-1,150,,[md_eqt_pt_led_avl] >= 5,,,,,,
md_eqt_pt_led_hed_6,hfa_neonatal_equipment_and_supplies_clinical_compe,,descriptive,"<div style=""background-color:#fbd0c1;padding:10px"">Phototherapy Unit #6</div>",,,,,,,[md_eqt_pt_led_avl] >= 6,,,,,,
md_eqt_pt_led_man_6,hfa_neonatal_equipment_and_supplies_clinical_compe,,text,Who is the manufacturer of phototherapy unit 6?,,,,,,,[md_eqt_pt_led_avl] >= 6,,,,,,
md_eqt_pt_led_mod_6,hfa_neonatal_equipment_and_supplies_clinical_compe,,text,What is the model name of phototherapy unit 6?,,,,,,,[md_eqt_pt_led_avl] >= 6,,,,,,
md_eqt_pt_led_chg_6,hfa_neonatal_equipment_and_supplies_clinical_compe,,radio,Have the LED bulbs ever been changed?,"1, Yes | 0, No | 9, Unknown",,,,,,[md_eqt_pt_led_avl] >= 6,,,,,,
md_eqt_pt_led_dt_6,hfa_neonatal_equipment_and_supplies_clinical_compe,,text,When were the LED bulbs last changed?,,"If a date is unknown, enter 1999/01/01.",date_ymd,,,,[md_eqt_pt_led_chg_6] = '1',,,,,,
md_eqt_pt_led_otp_6,hfa_neonatal_equipment_and_supplies_clinical_compe,,text,What is the LED bulb output (in µW/cm2/nm)?,,Use the lightmeter to measure the bulb output.,number,-1,150,,[md_eqt_pt_led_avl] >= 6,,,,,,
md_eqt_pt_led_dstn_6,hfa_neonatal_equipment_and_supplies_clinical_compe,,text,How far (in cm) is the phototherapy light from the baby/cot?,,,number,-1,100,,[md_eqt_pt_led_avl] >= 6,,,,,,
md_eqt_pt_led_otp35_6,hfa_neonatal_equipment_and_supplies_clinical_compe,,text,What is the LED bulb output (in µW/cm2/nm) if the phototherapy light is 35 cm from the baby/cot?,,Use the lightmeter to measure the bulb output.,number,-1,150,,[md_eqt_pt_led_avl] >= 6,,,,,,
md_eqt_pt_led_hed_7,hfa_neonatal_equipment_and_supplies_clinical_compe,,descriptive,"<div style=""background-color:#fbd0c1;padding:10px"">Phototherapy Unit #7</div>",,,,,,,[md_eqt_pt_led_avl] >= 7,,,,,,
md_eqt_pt_led_man_7,hfa_neonatal_equipment_and_supplies_clinical_compe,,text,Who is the manufacturer of phototherapy unit 7?,,,,,,,[md_eqt_pt_led_avl] >= 7,,,,,,
md_eqt_pt_led_mod_7,hfa_neonatal_equipment_and_supplies_clinical_compe,,text,What is the model name of phototherapy unit 7?,,,,,,,[md_eqt_pt_led_avl] >= 7,,,,,,
md_eqt_pt_led_chg_7,hfa_neonatal_equipment_and_supplies_clinical_compe,,radio,Have the LED bulbs ever been changed?,"1, Yes | 0, No | 9, Unknown",,,,,,[md_eqt_pt_led_avl] >= 7,,,,,,
md_eqt_pt_led_dt_7,hfa_neonatal_equipment_and_supplies_clinical_compe,,text,When were the LED bulbs last changed?,,"If a date is unknown, enter 1999/01/01.",date_ymd,,,,[md_eqt_pt_led_chg_7] = '1',,,,,,
md_eqt_pt_led_otp_7,hfa_neonatal_equipment_and_supplies_clinical_compe,,text,What is the LED bulb output (in µW/cm2/nm)?,,Use the lightmeter to measure the bulb output.,number,-1,150,,[md_eqt_pt_led_avl] >= 7,,,,,,
md_eqt_pt_led_dstn_7,hfa_neonatal_equipment_and_supplies_clinical_compe,,text,How far (in cm) is the phototherapy light from the baby/cot?,,,number,-1,100,,[md_eqt_pt_led_avl] >= 7,,,,,,
md_eqt_pt_led_otp35_7,hfa_neonatal_equipment_and_supplies_clinical_compe,,text,What is the LED bulb output (in µW/cm2/nm) if the phototherapy light is 35 cm from the baby/cot?,,Use the lightmeter to measure the bulb output.,number,-1,150,,[md_eqt_pt_led_avl] >= 7,,,,,,
md_eqt_pt_led_hed_8,hfa_neonatal_equipment_and_supplies_clinical_compe,,descriptive,"<div style=""background-color:#fbd0c1;padding:10px"">Phototherapy Unit #8</div>",,,,,,,[md_eqt_pt_led_avl] >= 8,,,,,,
md_eqt_pt_led_man_8,hfa_neonatal_equipment_and_supplies_clinical_compe,,text,Who is the manufacturer of phototherapy unit 8?,,,,,,,[md_eqt_pt_led_avl] >= 8,,,,,,
md_eqt_pt_led_mod_8,hfa_neonatal_equipment_and_supplies_clinical_compe,,text,What is the model name of phototherapy unit 8?,,,,,,,[md_eqt_pt_led_avl] >= 8,,,,,,
md_eqt_pt_led_chg_8,hfa_neonatal_equipment_and_supplies_clinical_compe,,radio,Have the LED bulbs ever been changed?,"1, Yes | 0, No | 9, Unknown",,,,,,[md_eqt_pt_led_avl] >= 8,,,,,,
md_eqt_pt_led_dt_8,hfa_neonatal_equipment_and_supplies_clinical_compe,,text,When were the LED bulbs last changed?,,"If a date is unknown, enter 1999/01/01.",date_ymd,,,,[md_eqt_pt_led_chg_8] = '1',,,,,,
md_eqt_pt_led_otp_8,hfa_neonatal_equipment_and_supplies_clinical_compe,,text,What is the LED bulb output (in µW/cm2/nm)?,,Use the lightmeter to measure the bulb output.,number,-1,150,,[md_eqt_pt_led_avl] >= 8,,,,,,
md_eqt_pt_led_dstn_8,hfa_neonatal_equipment_and_supplies_clinical_compe,,text,How far (in cm) is the phototherapy light from the baby/cot?,,,number,-1,100,,[md_eqt_pt_led_avl] >= 8,,,,,,
md_eqt_pt_led_otp35_8,hfa_neonatal_equipment_and_supplies_clinical_compe,,text,What is the LED bulb output (in µW/cm2/nm) if the phototherapy light is 35 cm from the baby/cot?,,Use the lightmeter to measure the bulb output.,number,-1,150,,[md_eqt_pt_led_avl] >= 8,,,,,,
md_eqt_pt_led_hed_9,hfa_neonatal_equipment_and_supplies_clinical_compe,,descriptive,"<div style=""background-color:#fbd0c1;padding:10px"">Phototherapy Unit #9</div>",,,,,,,[md_eqt_pt_led_avl] >= 9,,,,,,
md_eqt_pt_led_man_9,hfa_neonatal_equipment_and_supplies_clinical_compe,,text,Who is the manufacturer of phototherapy unit 9?,,,,,,,[md_eqt_pt_led_avl] >= 9,,,,,,
md_eqt_pt_led_mod_9,hfa_neonatal_equipment_and_supplies_clinical_compe,,text,What is the model name of phototherapy unit 9?,,,,,,,[md_eqt_pt_led_avl] >= 9,,,,,,
md_eqt_pt_led_chg_9,hfa_neonatal_equipment_and_supplies_clinical_compe,,radio,Have the LED bulbs ever been changed?,"1, Yes | 0, No | 9, Unknown",,,,,,[md_eqt_pt_led_avl] >= 9,,,,,,
md_eqt_pt_led_dt_9,hfa_neonatal_equipment_and_supplies_clinical_compe,,text,When were the LED bulbs last changed?,,"If a date is unknown, enter 1999/01/01.",date_ymd,,,,[md_eqt_pt_led_chg_9] = '1',,,,,,
md_eqt_pt_led_otp_9,hfa_neonatal_equipment_and_supplies_clinical_compe,,text,What is the LED bulb output (in µW/cm2/nm)?,,Use the lightmeter to measure the bulb output.,number,-1,150,,[md_eqt_pt_led_avl] >= 9,,,,,,
md_eqt_pt_led_dstn_9,hfa_neonatal_equipment_and_supplies_clinical_compe,,text,How far (in cm) is the phototherapy light from the baby/cot?,,,number,-1,100,,[md_eqt_pt_led_avl] >= 9,,,,,,
md_eqt_pt_led_otp35_9,hfa_neonatal_equipment_and_supplies_clinical_compe,,text,What is the LED bulb output (in µW/cm2/nm) if the phototherapy light is 35 cm from the baby/cot?,,Use the lightmeter to measure the bulb output.,number,-1,150,,[md_eqt_pt_led_avl] >= 9,,,,,,
md_eqt_pt_led_hed_10,hfa_neonatal_equipment_and_supplies_clinical_compe,,descriptive,"<div style=""background-color:#fbd0c1;padding:10px"">Phototherapy Unit #10</div>",,,,,,,[md_eqt_pt_led_avl] >= 10,,,,,,
md_eqt_pt_led_man_10,hfa_neonatal_equipment_and_supplies_clinical_compe,,text,Who is the manufacturer of phototherapy unit 10?,,,,,,,[md_eqt_pt_led_avl] >= 10,,,,,,
md_eqt_pt_led_mod_10,hfa_neonatal_equipment_and_supplies_clinical_compe,,text,What is the model name of phototherapy unit 10?,,,,,,,[md_eqt_pt_led_avl] >= 10,,,,,,
md_eqt_pt_led_chg_10,hfa_neonatal_equipment_and_supplies_clinical_compe,,radio,Have the LED bulbs ever been changed?,"1, Yes | 0, No | 9, Unknown",,,,,,[md_eqt_pt_led_avl] >= 10,,,,,,
md_eqt_pt_led_dt_10,hfa_neonatal_equipment_and_supplies_clinical_compe,,text,When were the LED bulbs last changed?,,"If a date is unknown, enter 1999/01/01.",date_ymd,,,,[md_eqt_pt_led_chg_10] = '1',,,,,,
md_eqt_pt_led_otp_10,hfa_neonatal_equipment_and_supplies_clinical_compe,,text,What is the LED bulb output (in µW/cm2/nm)?,,Use the lightmeter to measure the bulb output.,number,-1,150,,[md_eqt_pt_led_avl] >= 10,,,,,,
md_eqt_pt_led_dstn_10,hfa_neonatal_equipment_and_supplies_clinical_compe,,text,How far (in cm) is the phototherapy light from the baby/cot?,,,number,-1,100,,[md_eqt_pt_led_avl] >= 10,,,,,,
md_eqt_pt_led_otp35_10,hfa_neonatal_equipment_and_supplies_clinical_compe,,text,What is the LED bulb output (in µW/cm2/nm) if the phototherapy light is 35 cm from the baby/cot?,,Use the lightmeter to measure the bulb output.,number,-1,150,,[md_eqt_pt_led_avl] >= 10,,,,,,
md_eqt_pt_led_hed_11,hfa_neonatal_equipment_and_supplies_clinical_compe,,descriptive,"<div style=""background-color:#fbd0c1;padding:10px"">Phototherapy Unit #11</div>",,,,,,,[md_eqt_pt_led_avl] >= 11,,,,,,
md_eqt_pt_led_man_11,hfa_neonatal_equipment_and_supplies_clinical_compe,,text,Who is the manufacturer of phototherapy unit 11?,,,,,,,[md_eqt_pt_led_avl] >= 11,,,,,,
md_eqt_pt_led_mod_11,hfa_neonatal_equipment_and_supplies_clinical_compe,,text,What is the model name of phototherapy unit 11?,,,,,,,[md_eqt_pt_led_avl] >= 11,,,,,,
md_eqt_pt_led_chg_11,hfa_neonatal_equipment_and_supplies_clinical_compe,,radio,Have the LED bulbs ever been changed?,"1, Yes | 0, No | 9, Unknown",,,,,,[md_eqt_pt_led_avl] >= 11,,,,,,
md_eqt_pt_led_dt_11,hfa_neonatal_equipment_and_supplies_clinical_compe,,text,When were the LED bulbs last changed?,,"If a date is unknown, enter 1999/01/01.",date_ymd,,,,[md_eqt_pt_led_chg_11] = '1',,,,,,
md_eqt_pt_led_otp_11,hfa_neonatal_equipment_and_supplies_clinical_compe,,text,What is the LED bulb output (in µW/cm2/nm)?,,Use the lightmeter to measure the bulb output.,number,-1,150,,[md_eqt_pt_led_avl] >= 11,,,,,,
md_eqt_pt_led_dstn_11,hfa_neonatal_equipment_and_supplies_clinical_compe,,text,How far (in cm) is the phototherapy light from the baby/cot?,,,number,-1,100,,[md_eqt_pt_led_avl] >= 11,,,,,,
md_eqt_pt_led_otp35_11,hfa_neonatal_equipment_and_supplies_clinical_compe,,text,What is the LED bulb output (in µW/cm2/nm) if the phototherapy light is 35 cm from the baby/cot?,,Use the lightmeter to measure the bulb output.,number,-1,150,,[md_eqt_pt_led_avl] >= 11,,,,,,
md_eqt_pt_led_hed_12,hfa_neonatal_equipment_and_supplies_clinical_compe,,descriptive,"<div style=""background-color:#fbd0c1;padding:10px"">Phototherapy Unit #12</div>",,,,,,,[md_eqt_pt_led_avl] >= 12,,,,,,
md_eqt_pt_led_man_12,hfa_neonatal_equipment_and_supplies_clinical_compe,,text,Who is the manufacturer of phototherapy unit 12?,,,,,,,[md_eqt_pt_led_avl] >= 12,,,,,,
md_eqt_pt_led_mod_12,hfa_neonatal_equipment_and_supplies_clinical_compe,,text,What is the model name of phototherapy unit 12?,,,,,,,[md_eqt_pt_led_avl] >= 12,,,,,,
md_eqt_pt_led_chg_12,hfa_neonatal_equipment_and_supplies_clinical_compe,,radio,Have the LED bulbs ever been changed?,"1, Yes | 0, No | 9, Unknown",,,,,,[md_eqt_pt_led_avl] >= 12,,,,,,
md_eqt_pt_led_dt_12,hfa_neonatal_equipment_and_supplies_clinical_compe,,text,When were the LED bulbs last changed?,,"If a date is unknown, enter 1999/01/01.",date_ymd,,,,[md_eqt_pt_led_chg_12] = '1',,,,,,
md_eqt_pt_led_otp_12,hfa_neonatal_equipment_and_supplies_clinical_compe,,text,What is the LED bulb output (in µW/cm2/nm)?,,Use the lightmeter to measure the bulb output.,number,-1,150,,[md_eqt_pt_led_avl] >= 12,,,,,,
md_eqt_pt_led_dstn_12,hfa_neonatal_equipment_and_supplies_clinical_compe,,text,How far (in cm) is the phototherapy light from the baby/cot?,,,number,-1,100,,[md_eqt_pt_led_avl] >= 12,,,,,,
md_eqt_pt_led_otp35_12,hfa_neonatal_equipment_and_supplies_clinical_compe,,text,What is the LED bulb output (in µW/cm2/nm) if the phototherapy light is 35 cm from the baby/cot?,,Use the lightmeter to measure the bulb output.,number,-1,150,,[md_eqt_pt_led_avl] >= 12,,,,,,
md_eqt_pt_led_hed_13,hfa_neonatal_equipment_and_supplies_clinical_compe,,descriptive,"<div style=""background-color:#fbd0c1;padding:10px"">Phototherapy Unit #13</div>",,,,,,,[md_eqt_pt_led_avl] >= 13,,,,,,
md_eqt_pt_led_man_13,hfa_neonatal_equipment_and_supplies_clinical_compe,,text,Who is the manufacturer of phototherapy unit 13?,,,,,,,[md_eqt_pt_led_avl] >= 13,,,,,,
md_eqt_pt_led_mod_13,hfa_neonatal_equipment_and_supplies_clinical_compe,,text,What is the model name of phototherapy unit 13?,,,,,,,[md_eqt_pt_led_avl] >= 13,,,,,,
md_eqt_pt_led_chg_13,hfa_neonatal_equipment_and_supplies_clinical_compe,,radio,Have the LED bulbs ever been changed?,"1, Yes | 0, No | 9, Unknown",,,,,,[md_eqt_pt_led_avl] >= 13,,,,,,
md_eqt_pt_led_dt_13,hfa_neonatal_equipment_and_supplies_clinical_compe,,text,When were the LED bulbs last changed?,,"If a date is unknown, enter 1999/01/01.",date_ymd,,,,[md_eqt_pt_led_chg_13] = '1',,,,,,
md_eqt_pt_led_otp_13,hfa_neonatal_equipment_and_supplies_clinical_compe,,text,What is the LED bulb output (in µW/cm2/nm)?,,Use the lightmeter to measure the bulb output.,number,-1,150,,[md_eqt_pt_led_avl] >= 13,,,,,,
md_eqt_pt_led_dstn_13,hfa_neonatal_equipment_and_supplies_clinical_compe,,text,How far (in cm) is the phototherapy light from the baby/cot?,,,number,-1,100,,[md_eqt_pt_led_avl] >= 13,,,,,,
md_eqt_pt_led_otp35_13,hfa_neonatal_equipment_and_supplies_clinical_compe,,text,What is the LED bulb output (in µW/cm2/nm) if the phototherapy light is 35 cm from the baby/cot?,,Use the lightmeter to measure the bulb output.,number,-1,150,,[md_eqt_pt_led_avl] >= 13,,,,,,
md_eqt_pt_led_hed_14,hfa_neonatal_equipment_and_supplies_clinical_compe,,descriptive,"<div style=""background-color:#fbd0c1;padding:10px"">Phototherapy Unit #14</div>",,,,,,,[md_eqt_pt_led_avl] >= 14,,,,,,
md_eqt_pt_led_man_14,hfa_neonatal_equipment_and_supplies_clinical_compe,,text,Who is the manufacturer of phototherapy unit 14?,,,,,,,[md_eqt_pt_led_avl] >= 14,,,,,,
md_eqt_pt_led_mod_14,hfa_neonatal_equipment_and_supplies_clinical_compe,,text,What is the model name of phototherapy unit 14?,,,,,,,[md_eqt_pt_led_avl] >= 14,,,,,,
md_eqt_pt_led_chg_14,hfa_neonatal_equipment_and_supplies_clinical_compe,,radio,Have the LED bulbs ever been changed?,"1, Yes | 0, No | 9, Unknown",,,,,,[md_eqt_pt_led_avl] >= 14,,,,,,
md_eqt_pt_led_dt_14,hfa_neonatal_equipment_and_supplies_clinical_compe,,text,When were the LED bulbs last changed?,,"If a date is unknown, enter 1999/01/01.",date_ymd,,,,[md_eqt_pt_led_chg_14] = '1',,,,,,
md_eqt_pt_led_otp_14,hfa_neonatal_equipment_and_supplies_clinical_compe,,text,What is the LED bulb output (in µW/cm2/nm)?,,Use the lightmeter to measure the bulb output.,number,-1,150,,[md_eqt_pt_led_avl] >= 14,,,,,,
md_eqt_pt_led_dstn_14,hfa_neonatal_equipment_and_supplies_clinical_compe,,text,How far (in cm) is the phototherapy light from the baby/cot?,,,number,-1,100,,[md_eqt_pt_led_avl] >= 14,,,,,,
md_eqt_pt_led_otp35_14,hfa_neonatal_equipment_and_supplies_clinical_compe,,text,What is the LED bulb output (in µW/cm2/nm) if the phototherapy light is 35 cm from the baby/cot?,,Use the lightmeter to measure the bulb output.,number,-1,150,,[md_eqt_pt_led_avl] >= 14,,,,,,
md_eqt_pt_led_hed_15,hfa_neonatal_equipment_and_supplies_clinical_compe,,descriptive,"<div style=""background-color:#fbd0c1;padding:10px"">Phototherapy Unit #15</div>",,,,,,,[md_eqt_pt_led_avl] >= 15,,,,,,
md_eqt_pt_led_man_15,hfa_neonatal_equipment_and_supplies_clinical_compe,,text,Who is the manufacturer of phototherapy unit 15?,,,,,,,[md_eqt_pt_led_avl] >= 15,,,,,,
md_eqt_pt_led_mod_15,hfa_neonatal_equipment_and_supplies_clinical_compe,,text,What is the model name of phototherapy unit 15?,,,,,,,[md_eqt_pt_led_avl] >= 15,,,,,,
md_eqt_pt_led_chg_15,hfa_neonatal_equipment_and_supplies_clinical_compe,,radio,Have the LED bulbs ever been changed?,"1, Yes | 0, No | 9, Unknown",,,,,,[md_eqt_pt_led_avl] >= 15,,,,,,
md_eqt_pt_led_dt_15,hfa_neonatal_equipment_and_supplies_clinical_compe,,text,When were the LED bulbs last changed?,,"If a date is unknown, enter 1999/01/01.",date_ymd,,,,[md_eqt_pt_led_chg_15] = '1',,,,,,
md_eqt_pt_led_otp_15,hfa_neonatal_equipment_and_supplies_clinical_compe,,text,What is the LED bulb output (in µW/cm2/nm)?,,Use the lightmeter to measure the bulb output.,number,-1,150,,[md_eqt_pt_led_avl] >= 15,,,,,,
md_eqt_pt_led_dstn_15,hfa_neonatal_equipment_and_supplies_clinical_compe,,text,How far (in cm) is the phototherapy light from the baby/cot?,,,number,-1,100,,[md_eqt_pt_led_avl] >= 15,,,,,,
md_eqt_pt_led_otp35_15,hfa_neonatal_equipment_and_supplies_clinical_compe,,text,What is the LED bulb output (in µW/cm2/nm) if the phototherapy light is 35 cm from the baby/cot?,,Use the lightmeter to measure the bulb output.,number,-1,150,,[md_eqt_pt_led_avl] >= 15,,,,,,
md_eqt_pt_led_hed_16,hfa_neonatal_equipment_and_supplies_clinical_compe,,descriptive,"<div style=""background-color:#fbd0c1;padding:10px"">Phototherapy Unit #16</div>",,,,,,,[md_eqt_pt_led_avl] >= 16,,,,,,
md_eqt_pt_led_man_16,hfa_neonatal_equipment_and_supplies_clinical_compe,,text,Who is the manufacturer of phototherapy unit 16?,,,,,,,[md_eqt_pt_led_avl] >= 16,,,,,,
md_eqt_pt_led_mod_16,hfa_neonatal_equipment_and_supplies_clinical_compe,,text,What is the model name of phototherapy unit 16?,,,,,,,[md_eqt_pt_led_avl] >= 16,,,,,,
md_eqt_pt_led_chg_16,hfa_neonatal_equipment_and_supplies_clinical_compe,,radio,Have the LED bulbs ever been changed?,"1, Yes | 0, No | 9, Unknown",,,,,,[md_eqt_pt_led_avl] >= 16,,,,,,
md_eqt_pt_led_dt_16,hfa_neonatal_equipment_and_supplies_clinical_compe,,text,When were the LED bulbs last changed?,,"If a date is unknown, enter 1999/01/01.",date_ymd,,,,[md_eqt_pt_led_chg_16] = '1',,,,,,
md_eqt_pt_led_otp_16,hfa_neonatal_equipment_and_supplies_clinical_compe,,text,What is the LED bulb output (in µW/cm2/nm)?,,Use the lightmeter to measure the bulb output.,number,-1,150,,[md_eqt_pt_led_avl] >= 16,,,,,,
md_eqt_pt_led_dstn_16,hfa_neonatal_equipment_and_supplies_clinical_compe,,text,How far (in cm) is the phototherapy light from the baby/cot?,,,number,-1,100,,[md_eqt_pt_led_avl] >= 16,,,,,,
md_eqt_pt_led_otp35_16,hfa_neonatal_equipment_and_supplies_clinical_compe,,text,What is the LED bulb output (in µW/cm2/nm) if the phototherapy light is 35 cm from the baby/cot?,,Use the lightmeter to measure the bulb output.,number,-1,150,,[md_eqt_pt_led_avl] >= 16,,,,,,
md_eqt_pt_led_hed_17,hfa_neonatal_equipment_and_supplies_clinical_compe,,descriptive,"<div style=""background-color:#fbd0c1;padding:10px"">Phototherapy Unit #17</div>",,,,,,,[md_eqt_pt_led_avl] >= 17,,,,,,
md_eqt_pt_led_man_17,hfa_neonatal_equipment_and_supplies_clinical_compe,,text,Who is the manufacturer of phototherapy unit 17?,,,,,,,[md_eqt_pt_led_avl] >= 17,,,,,,
md_eqt_pt_led_mod_17,hfa_neonatal_equipment_and_supplies_clinical_compe,,text,What is the model name of phototherapy unit 17?,,,,,,,[md_eqt_pt_led_avl] >= 17,,,,,,
md_eqt_pt_led_chg_17,hfa_neonatal_equipment_and_supplies_clinical_compe,,radio,Have the LED bulbs ever been changed?,"1, Yes | 0, No | 9, Unknown",,,,,,[md_eqt_pt_led_avl] >= 17,,,,,,
md_eqt_pt_led_dt_17,hfa_neonatal_equipment_and_supplies_clinical_compe,,text,When were the LED bulbs last changed?,,"If a date is unknown, enter 1999/01/01.",date_ymd,,,,[md_eqt_pt_led_chg_17] = '1',,,,,,
md_eqt_pt_led_otp_17,hfa_neonatal_equipment_and_supplies_clinical_compe,,text,What is the LED bulb output (in µW/cm2/nm)?,,Use the lightmeter to measure the bulb output.,number,-1,150,,[md_eqt_pt_led_avl] >= 17,,,,,,
md_eqt_pt_led_dstn_17,hfa_neonatal_equipment_and_supplies_clinical_compe,,text,How far (in cm) is the phototherapy light from the baby/cot?,,,number,-1,100,,[md_eqt_pt_led_avl] >= 17,,,,,,
md_eqt_pt_led_otp35_17,hfa_neonatal_equipment_and_supplies_clinical_compe,,text,What is the LED bulb output (in µW/cm2/nm) if the phototherapy light is 35 cm from the baby/cot?,,Use the lightmeter to measure the bulb output.,number,-1,150,,[md_eqt_pt_led_avl] >= 17,,,,,,
md_eqt_pt_led_hed_18,hfa_neonatal_equipment_and_supplies_clinical_compe,,descriptive,"<div style=""background-color:#fbd0c1;padding:10px"">Phototherapy Unit #18</div>",,,,,,,[md_eqt_pt_led_avl] >= 18,,,,,,
md_eqt_pt_led_man_18,hfa_neonatal_equipment_and_supplies_clinical_compe,,text,Who is the manufacturer of phototherapy unit 18?,,,,,,,[md_eqt_pt_led_avl] >= 18,,,,,,
md_eqt_pt_led_mod_18,hfa_neonatal_equipment_and_supplies_clinical_compe,,text,What is the model name of phototherapy unit 18?,,,,,,,[md_eqt_pt_led_avl] >= 18,,,,,,
md_eqt_pt_led_chg_18,hfa_neonatal_equipment_and_supplies_clinical_compe,,radio,Have the LED bulbs ever been changed?,"1, Yes | 0, No | 9, Unknown",,,,,,[md_eqt_pt_led_avl] >= 18,,,,,,
md_eqt_pt_led_dt_18,hfa_neonatal_equipment_and_supplies_clinical_compe,,text,When were the LED bulbs last changed?,,"If a date is unknown, enter 1999/01/01.",date_ymd,,,,[md_eqt_pt_led_chg_18] = '1',,,,,,
md_eqt_pt_led_otp_18,hfa_neonatal_equipment_and_supplies_clinical_compe,,text,What is the LED bulb output (in µW/cm2/nm)?,,Use the lightmeter to measure the bulb output.,number,-1,150,,[md_eqt_pt_led_avl] >= 18,,,,,,
md_eqt_pt_led_dstn_18,hfa_neonatal_equipment_and_supplies_clinical_compe,,text,How far (in cm) is the phototherapy light from the baby/cot?,,,number,-1,100,,[md_eqt_pt_led_avl] >= 18,,,,,,
md_eqt_pt_led_otp35_18,hfa_neonatal_equipment_and_supplies_clinical_compe,,text,What is the LED bulb output (in µW/cm2/nm) if the phototherapy light is 35 cm from the baby/cot?,,Use the lightmeter to measure the bulb output.,number,-1,150,,[md_eqt_pt_led_avl] >= 18,,,,,,
md_eqt_pt_led_hed_19,hfa_neonatal_equipment_and_supplies_clinical_compe,,descriptive,"<div style=""background-color:#fbd0c1;padding:10px"">Phototherapy Unit #19</div>",,,,,,,[md_eqt_pt_led_avl] >= 19,,,,,,
md_eqt_pt_led_man_19,hfa_neonatal_equipment_and_supplies_clinical_compe,,text,Who is the manufacturer of phototherapy unit 19?,,,,,,,[md_eqt_pt_led_avl] >= 19,,,,,,
md_eqt_pt_led_mod_19,hfa_neonatal_equipment_and_supplies_clinical_compe,,text,What is the model name of phototherapy unit 19?,,,,,,,[md_eqt_pt_led_avl] >= 19,,,,,,
md_eqt_pt_led_chg_19,hfa_neonatal_equipment_and_supplies_clinical_compe,,radio,Have the LED bulbs ever been changed?,"1, Yes | 0, No | 9, Unknown",,,,,,[md_eqt_pt_led_avl] >= 19,,,,,,
md_eqt_pt_led_dt_19,hfa_neonatal_equipment_and_supplies_clinical_compe,,text,When were the LED bulbs last changed?,,"If a date is unknown, enter 1999/01/01.",date_ymd,,,,[md_eqt_pt_led_chg_19] = '1',,,,,,
md_eqt_pt_led_otp_19,hfa_neonatal_equipment_and_supplies_clinical_compe,,text,What is the LED bulb output (in µW/cm2/nm)?,,Use the lightmeter to measure the bulb output.,number,-1,150,,[md_eqt_pt_led_avl] >= 19,,,,,,
md_eqt_pt_led_dstn_19,hfa_neonatal_equipment_and_supplies_clinical_compe,,text,How far (in cm) is the phototherapy light from the baby/cot?,,,number,-1,100,,[md_eqt_pt_led_avl] >= 19,,,,,,
md_eqt_pt_led_otp35_19,hfa_neonatal_equipment_and_supplies_clinical_compe,,text,What is the LED bulb output (in µW/cm2/nm) if the phototherapy light is 35 cm from the baby/cot?,,Use the lightmeter to measure the bulb output.,number,-1,150,,[md_eqt_pt_led_avl] >= 19,,,,,,
md_eqt_pt_led_hed_20,hfa_neonatal_equipment_and_supplies_clinical_compe,,descriptive,"<div style=""background-color:#fbd0c1;padding:10px"">Phototherapy Unit #20</div>",,,,,,,[md_eqt_pt_led_avl] >= 20,,,,,,
md_eqt_pt_led_man_20,hfa_neonatal_equipment_and_supplies_clinical_compe,,text,Who is the manufacturer of phototherapy unit 20?,,,,,,,[md_eqt_pt_led_avl] >= 20,,,,,,
md_eqt_pt_led_mod_20,hfa_neonatal_equipment_and_supplies_clinical_compe,,text,What is the model name of phototherapy unit 20?,,,,,,,[md_eqt_pt_led_avl] >= 20,,,,,,
md_eqt_pt_led_chg_20,hfa_neonatal_equipment_and_supplies_clinical_compe,,radio,Have the LED bulbs ever been changed?,"1, Yes | 0, No | 9, Unknown",,,,,,[md_eqt_pt_led_avl] >= 20,,,,,,
md_eqt_pt_led_dt_20,hfa_neonatal_equipment_and_supplies_clinical_compe,,text,When were the LED bulbs last changed?,,"If a date is unknown, enter 1999/01/01.",date_ymd,,,,[md_eqt_pt_led_chg_20] = '1',,,,,,
md_eqt_pt_led_otp_20,hfa_neonatal_equipment_and_supplies_clinical_compe,,text,What is the LED bulb output (in µW/cm2/nm)?,,Use the lightmeter to measure the bulb output.,number,-1,150,,[md_eqt_pt_led_avl] >= 20,,,,,,
md_eqt_pt_led_dstn_20,hfa_neonatal_equipment_and_supplies_clinical_compe,,text,How far (in cm) is the phototherapy light from the baby/cot?,,,number,-1,100,,[md_eqt_pt_led_avl] >= 20,,,,,,
md_eqt_pt_led_otp35_20,hfa_neonatal_equipment_and_supplies_clinical_compe,,text,What is the LED bulb output (in µW/cm2/nm) if the phototherapy light is 35 cm from the baby/cot?,,Use the lightmeter to measure the bulb output.,number,-1,150,,[md_eqt_pt_led_avl] >= 20,,,,,,
md_eqt_pt_flu_hed,hfa_neonatal_equipment_and_supplies_clinical_compe,,descriptive,"<div style=""background-color:#fbd0c1;padding:10px"">Phototherapy Units (Fluorescent)</div>",,,,,,,[md_eqt_pt_flu] >= 1,,,,,,
md_eqt_pt_flu_avl,hfa_neonatal_equipment_and_supplies_clinical_compe,,text,How many phototherapy units are there?,,,integer,-1,50,,[md_eqt_pt_flu] >= 1,,,,,,
md_eqt_pt_flu_fc,hfa_neonatal_equipment_and_supplies_clinical_compe,,text,How many phototherapy units are functional?,,,integer,-1,50,,[md_eqt_pt_flu_avl] >= 1,,,,,,
md_eqt_pt_flu_hed_1,hfa_neonatal_equipment_and_supplies_clinical_compe,,descriptive,"<div style=""background-color:#fbd0c1;padding:10px"">Phototherapy Unit #1</div>",,,,,,,[md_eqt_pt_flu_avl] >= 1,,,,,,
md_eqt_pt_flu_man_1,hfa_neonatal_equipment_and_supplies_clinical_compe,,text,Who is the manufacturer of phototherapy unit 1?,,,,,,,[md_eqt_pt_flu_avl] >= 1,,,,,,
md_eqt_pt_flu_mod_1,hfa_neonatal_equipment_and_supplies_clinical_compe,,text,What is the model name of phototherapy unit 1?,,,,,,,[md_eqt_pt_flu_avl] >= 1,,,,,,
md_eqt_pt_flu_chg_1,hfa_neonatal_equipment_and_supplies_clinical_compe,,radio,Have the fluorescent bulbs ever been changed?,"1, Yes | 0, No | 9, Unknown",,,,,,[md_eqt_pt_flu_avl] >= 1,,,,,,
md_eqt_pt_flu_dt_1,hfa_neonatal_equipment_and_supplies_clinical_compe,,text,When were fluorescent bulbs last changed?,,"If a date is unknown, enter 1999/01/01.",date_ymd,,,,[md_eqt_pt_flu_chg_1] = '1',,,,,,
md_eqt_pt_flu_otp_1,hfa_neonatal_equipment_and_supplies_clinical_compe,,text,What is the fluorescent bulb output (in µW/cm2/nm)?,,Use the lightmeter to measure the bulb output.,number,-1,150,,[md_eqt_pt_flu_avl] >= 1,,,,,,
md_eqt_pt_flu_dstn_1,hfa_neonatal_equipment_and_supplies_clinical_compe,,text,How far (in cm) is the phototherapy light from the baby/cot?,,,number,-1,100,,[md_eqt_pt_flu_avl] >= 1,,,,,,
md_eqt_pt_flu_otp35_1,hfa_neonatal_equipment_and_supplies_clinical_compe,,text,What is the fluorescent bulb output (in µW/cm2/nm) if the phototherapy light is 35 cm from the baby/cot?,,Use the lightmeter to measure the bulb output.,number,-1,150,,[md_eqt_pt_flu_avl] >= 1,,,,,,
md_eqt_pt_flu_hed_2,hfa_neonatal_equipment_and_supplies_clinical_compe,,descriptive,"<div style=""background-color:#fbd0c1;padding:10px"">Phototherapy Unit #2</div>",,,,,,,[md_eqt_pt_flu_avl] >= 2,,,,,,
md_eqt_pt_flu_man_2,hfa_neonatal_equipment_and_supplies_clinical_compe,,text,Who is the manufacturer of phototherapy unit 2?,,,,,,,[md_eqt_pt_flu_avl] >= 2,,,,,,
md_eqt_pt_flu_mod_2,hfa_neonatal_equipment_and_supplies_clinical_compe,,text,What is the model name of phototherapy unit 2?,,,,,,,[md_eqt_pt_flu_avl] >= 2,,,,,,
md_eqt_pt_flu_chg_2,hfa_neonatal_equipment_and_supplies_clinical_compe,,radio,Have the fluorescent bulbs ever been changed?,"1, Yes | 0, No | 9, Unknown",,,,,,[md_eqt_pt_flu_avl] >= 2,,,,,,
md_eqt_pt_flu_dt_2,hfa_neonatal_equipment_and_supplies_clinical_compe,,text,When were fluorescent bulbs last changed?,,"If a date is unknown, enter 1999/01/01.",date_ymd,,,,[md_eqt_pt_flu_chg_2] = '1',,,,,,
md_eqt_pt_flu_otp_2,hfa_neonatal_equipment_and_supplies_clinical_compe,,text,What is the fluorescent bulb output (in µW/cm2/nm)?,,Use the lightmeter to measure the bulb output.,number,-1,150,,[md_eqt_pt_flu_avl] >= 2,,,,,,
md_eqt_pt_flu_dstn_2,hfa_neonatal_equipment_and_supplies_clinical_compe,,text,How far (in cm) is the phototherapy light from the baby/cot?,,,number,-1,100,,[md_eqt_pt_flu_avl] >= 2,,,,,,
md_eqt_pt_flu_otp35_2,hfa_neonatal_equipment_and_supplies_clinical_compe,,text,What is the fluorescent bulb output (in µW/cm2/nm) if the phototherapy light is 35 cm from the baby/cot?,,Use the lightmeter to measure the bulb output.,number,-1,150,,[md_eqt_pt_flu_avl] >= 2,,,,,,
md_eqt_pt_flu_hed_3,hfa_neonatal_equipment_and_supplies_clinical_compe,,descriptive,"<div style=""background-color:#fbd0c1;padding:10px"">Phototherapy Unit #3</div>",,,,,,,[md_eqt_pt_flu_avl] >= 3,,,,,,
md_eqt_pt_flu_man_3,hfa_neonatal_equipment_and_supplies_clinical_compe,,text,Who is the manufacturer of phototherapy unit 3?,,,,,,,[md_eqt_pt_flu_avl] >= 3,,,,,,
md_eqt_pt_flu_mod_3,hfa_neonatal_equipment_and_supplies_clinical_compe,,text,What is the model name of phototherapy unit 3?,,,,,,,[md_eqt_pt_flu_avl] >= 3,,,,,,
md_eqt_pt_flu_chg_3,hfa_neonatal_equipment_and_supplies_clinical_compe,,radio,Have the fluorescent bulbs ever been changed?,"1, Yes | 0, No | 9, Unknown",,,,,,[md_eqt_pt_flu_avl] >= 3,,,,,,
md_eqt_pt_flu_dt_3,hfa_neonatal_equipment_and_supplies_clinical_compe,,text,When were fluorescent bulbs last changed?,,"If a date is unknown, enter 1999/01/01.",date_ymd,,,,[md_eqt_pt_flu_chg_3] = '1',,,,,,
md_eqt_pt_flu_otp_3,hfa_neonatal_equipment_and_supplies_clinical_compe,,text,What is the fluorescent bulb output (in µW/cm2/nm)?,,Use the lightmeter to measure the bulb output.,number,-1,150,,[md_eqt_pt_flu_avl] >= 3,,,,,,
md_eqt_pt_flu_dstn_3,hfa_neonatal_equipment_and_supplies_clinical_compe,,text,How far (in cm) is the phototherapy light from the baby/cot?,,,number,-1,100,,[md_eqt_pt_flu_avl] >= 3,,,,,,
md_eqt_pt_flu_otp35_3,hfa_neonatal_equipment_and_supplies_clinical_compe,,text,What is the fluorescent bulb output (in µW/cm2/nm) if the phototherapy light is 35 cm from the baby/cot?,,Use the lightmeter to measure the bulb output.,number,-1,150,,[md_eqt_pt_flu_avl] >= 3,,,,,,
md_eqt_pt_flu_hed_4,hfa_neonatal_equipment_and_supplies_clinical_compe,,descriptive,"<div style=""background-color:#fbd0c1;padding:10px"">Phototherapy Unit #4</div>",,,,,,,[md_eqt_pt_flu_avl] >= 4,,,,,,
md_eqt_pt_flu_man_4,hfa_neonatal_equipment_and_supplies_clinical_compe,,text,Who is the manufacturer of phototherapy unit 4?,,,,,,,[md_eqt_pt_flu_avl] >= 4,,,,,,
md_eqt_pt_flu_mod_4,hfa_neonatal_equipment_and_supplies_clinical_compe,,text,What is the model name of phototherapy unit 4?,,,,,,,[md_eqt_pt_flu_avl] >= 4,,,,,,
md_eqt_pt_flu_chg_4,hfa_neonatal_equipment_and_supplies_clinical_compe,,radio,Have the fluorescent bulbs ever been changed?,"1, Yes | 0, No | 9, Unknown",,,,,,[md_eqt_pt_flu_avl] >= 4,,,,,,
md_eqt_pt_flu_dt_4,hfa_neonatal_equipment_and_supplies_clinical_compe,,text,When were fluorescent bulbs last changed?,,"If a date is unknown, enter 1999/01/01.",date_ymd,,,,[md_eqt_pt_flu_chg_4] = '1',,,,,,
md_eqt_pt_flu_otp_4,hfa_neonatal_equipment_and_supplies_clinical_compe,,text,What is the fluorescent bulb output (in µW/cm2/nm)?,,Use the lightmeter to measure the bulb output.,number,-1,150,,[md_eqt_pt_flu_avl] >= 4,,,,,,
md_eqt_pt_flu_dstn_4,hfa_neonatal_equipment_and_supplies_clinical_compe,,text,How far (in cm) is the phototherapy light from the baby/cot?,,,number,-1,100,,[md_eqt_pt_flu_avl] >= 4,,,,,,
md_eqt_pt_flu_otp35_4,hfa_neonatal_equipment_and_supplies_clinical_compe,,text,What is the fluorescent bulb output (in µW/cm2/nm) if the phototherapy light is 35 cm from the baby/cot?,,Use the lightmeter to measure the bulb output.,number,-1,150,,[md_eqt_pt_flu_avl] >= 4,,,,,,
md_eqt_pt_flu_hed_5,hfa_neonatal_equipment_and_supplies_clinical_compe,,descriptive,"<div style=""background-color:#fbd0c1;padding:10px"">Phototherapy Unit #5</div>",,,,,,,[md_eqt_pt_flu_avl] >= 5,,,,,,
md_eqt_pt_flu_man_5,hfa_neonatal_equipment_and_supplies_clinical_compe,,text,Who is the manufacturer of phototherapy unit 5?,,,,,,,[md_eqt_pt_flu_avl] >= 5,,,,,,
md_eqt_pt_flu_mod_5,hfa_neonatal_equipment_and_supplies_clinical_compe,,text,What is the model name of phototherapy unit 5?,,,,,,,[md_eqt_pt_flu_avl] >= 5,,,,,,
md_eqt_pt_flu_chg_5,hfa_neonatal_equipment_and_supplies_clinical_compe,,radio,Have the fluorescent bulbs ever been changed?,"1, Yes | 0, No | 9, Unknown",,,,,,[md_eqt_pt_flu_avl] >= 5,,,,,,
md_eqt_pt_flu_dt_5,hfa_neonatal_equipment_and_supplies_clinical_compe,,text,When were fluorescent bulbs last changed?,,"If a date is unknown, enter 1999/01/01.",date_ymd,,,,[md_eqt_pt_flu_chg_5] = '1',,,,,,
md_eqt_pt_flu_otp_5,hfa_neonatal_equipment_and_supplies_clinical_compe,,text,What is the fluorescent bulb output (in µW/cm2/nm)?,,Use the lightmeter to measure the bulb output.,number,-1,150,,[md_eqt_pt_flu_avl] >= 5,,,,,,
md_eqt_pt_flu_dstn_5,hfa_neonatal_equipment_and_supplies_clinical_compe,,text,How far (in cm) is the phototherapy light from the baby/cot?,,,number,-1,100,,[md_eqt_pt_flu_avl] >= 5,,,,,,
md_eqt_pt_flu_otp35_5,hfa_neonatal_equipment_and_supplies_clinical_compe,,text,What is the fluorescent bulb output (in µW/cm2/nm) if the phototherapy light is 35 cm from the baby/cot?,,Use the lightmeter to measure the bulb output.,number,-1,150,,[md_eqt_pt_flu_avl] >= 5,,,,,,
md_eqt_pt_flu_hed_6,hfa_neonatal_equipment_and_supplies_clinical_compe,,descriptive,"<div style=""background-color:#fbd0c1;padding:10px"">Phototherapy Unit #6</div>",,,,,,,[md_eqt_pt_flu_avl] >= 6,,,,,,
md_eqt_pt_flu_man_6,hfa_neonatal_equipment_and_supplies_clinical_compe,,text,Who is the manufacturer of phototherapy unit 6?,,,,,,,[md_eqt_pt_flu_avl] >= 6,,,,,,
md_eqt_pt_flu_mod_6,hfa_neonatal_equipment_and_supplies_clinical_compe,,text,What is the model name of phototherapy unit 6?,,,,,,,[md_eqt_pt_flu_avl] >= 6,,,,,,
md_eqt_pt_flu_chg_6,hfa_neonatal_equipment_and_supplies_clinical_compe,,radio,Have the fluorescent bulbs ever been changed?,"1, Yes | 0, No | 9, Unknown",,,,,,[md_eqt_pt_flu_avl] >= 6,,,,,,
md_eqt_pt_flu_dt_6,hfa_neonatal_equipment_and_supplies_clinical_compe,,text,When were fluorescent bulbs last changed?,,"If a date is unknown, enter 1999/01/01.",date_ymd,,,,[md_eqt_pt_flu_chg_6] = '1',,,,,,
md_eqt_pt_flu_otp_6,hfa_neonatal_equipment_and_supplies_clinical_compe,,text,What is the fluorescent bulb output (in µW/cm2/nm)?,,Use the lightmeter to measure the bulb output.,number,-1,150,,[md_eqt_pt_flu_avl] >= 6,,,,,,
md_eqt_pt_flu_dstn_6,hfa_neonatal_equipment_and_supplies_clinical_compe,,text,How far (in cm) is the phototherapy light from the baby/cot?,,,number,-1,100,,[md_eqt_pt_flu_avl] >= 6,,,,,,
md_eqt_pt_flu_otp35_6,hfa_neonatal_equipment_and_supplies_clinical_compe,,text,What is the fluorescent bulb output (in µW/cm2/nm) if the phototherapy light is 35 cm from the baby/cot?,,Use the lightmeter to measure the bulb output.,number,-1,150,,[md_eqt_pt_flu_avl] >= 6,,,,,,
md_eqt_pt_flu_hed_7,hfa_neonatal_equipment_and_supplies_clinical_compe,,descriptive,"<div style=""background-color:#fbd0c1;padding:10px"">Phototherapy Unit #7</div>",,,,,,,[md_eqt_pt_flu_avl] >= 7,,,,,,
md_eqt_pt_flu_man_7,hfa_neonatal_equipment_and_supplies_clinical_compe,,text,Who is the manufacturer of phototherapy unit 7?,,,,,,,[md_eqt_pt_flu_avl] >= 7,,,,,,
md_eqt_pt_flu_mod_7,hfa_neonatal_equipment_and_supplies_clinical_compe,,text,What is the model name of phototherapy unit 7?,,,,,,,[md_eqt_pt_flu_avl] >= 7,,,,,,
md_eqt_pt_flu_chg_7,hfa_neonatal_equipment_and_supplies_clinical_compe,,radio,Have the fluorescent bulbs ever been changed?,"1, Yes | 0, No | 9, Unknown",,,,,,[md_eqt_pt_flu_avl] >= 7,,,,,,
md_eqt_pt_flu_dt_7,hfa_neonatal_equipment_and_supplies_clinical_compe,,text,When were fluorescent bulbs last changed?,,"If a date is unknown, enter 1999/01/01.",date_ymd,,,,[md_eqt_pt_flu_chg_7] = '1',,,,,,
md_eqt_pt_flu_otp_7,hfa_neonatal_equipment_and_supplies_clinical_compe,,text,What is the fluorescent bulb output (in µW/cm2/nm)?,,Use the lightmeter to measure the bulb output.,number,-1,150,,[md_eqt_pt_flu_avl] >= 7,,,,,,
md_eqt_pt_flu_dstn_7,hfa_neonatal_equipment_and_supplies_clinical_compe,,text,How far (in cm) is the phototherapy light from the baby/cot?,,,number,-1,100,,[md_eqt_pt_flu_avl] >= 7,,,,,,
md_eqt_pt_flu_otp35_7,hfa_neonatal_equipment_and_supplies_clinical_compe,,text,What is the fluorescent bulb output (in µW/cm2/nm) if the phototherapy light is 35 cm from the baby/cot?,,Use the lightmeter to measure the bulb output.,number,-1,150,,[md_eqt_pt_flu_avl] >= 7,,,,,,
md_eqt_pt_flu_hed_8,hfa_neonatal_equipment_and_supplies_clinical_compe,,descriptive,"<div style=""background-color:#fbd0c1;padding:10px"">Phototherapy Unit #8</div>",,,,,,,[md_eqt_pt_flu_avl] >= 8,,,,,,
md_eqt_pt_flu_man_8,hfa_neonatal_equipment_and_supplies_clinical_compe,,text,Who is the manufacturer of phototherapy unit 8?,,,,,,,[md_eqt_pt_flu_avl] >= 8,,,,,,
md_eqt_pt_flu_mod_8,hfa_neonatal_equipment_and_supplies_clinical_compe,,text,What is the model name of phototherapy unit 8?,,,,,,,[md_eqt_pt_flu_avl] >= 8,,,,,,
md_eqt_pt_flu_chg_8,hfa_neonatal_equipment_and_supplies_clinical_compe,,radio,Have the fluorescent bulbs ever been changed?,"1, Yes | 0, No | 9, Unknown",,,,,,[md_eqt_pt_flu_avl] >= 8,,,,,,
md_eqt_pt_flu_dt_8,hfa_neonatal_equipment_and_supplies_clinical_compe,,text,When were fluorescent bulbs last changed?,,"If a date is unknown, enter 1999/01/01.",date_ymd,,,,[md_eqt_pt_flu_chg_8] = '1',,,,,,
md_eqt_pt_flu_otp_8,hfa_neonatal_equipment_and_supplies_clinical_compe,,text,What is the fluorescent bulb output (in µW/cm2/nm)?,,Use the lightmeter to measure the bulb output.,number,-1,150,,[md_eqt_pt_flu_avl] >= 8,,,,,,
md_eqt_pt_flu_dstn_8,hfa_neonatal_equipment_and_supplies_clinical_compe,,text,How far (in cm) is the phototherapy light from the baby/cot?,,,number,-1,100,,[md_eqt_pt_flu_avl] >= 8,,,,,,
md_eqt_pt_flu_otp35_8,hfa_neonatal_equipment_and_supplies_clinical_compe,,text,What is the fluorescent bulb output (in µW/cm2/nm) if the phototherapy light is 35 cm from the baby/cot?,,Use the lightmeter to measure the bulb output.,number,-1,150,,[md_eqt_pt_flu_avl] >= 8,,,,,,
md_eqt_pt_flu_hed_9,hfa_neonatal_equipment_and_supplies_clinical_compe,,descriptive,"<div style=""background-color:#fbd0c1;padding:10px"">Phototherapy Unit #9</div>",,,,,,,[md_eqt_pt_flu_avl] >= 9,,,,,,
md_eqt_pt_flu_man_9,hfa_neonatal_equipment_and_supplies_clinical_compe,,text,Who is the manufacturer of phototherapy unit 9?,,,,,,,[md_eqt_pt_flu_avl] >= 9,,,,,,
md_eqt_pt_flu_mod_9,hfa_neonatal_equipment_and_supplies_clinical_compe,,text,What is the model name of phototherapy unit 9?,,,,,,,[md_eqt_pt_flu_avl] >= 9,,,,,,
md_eqt_pt_flu_chg_9,hfa_neonatal_equipment_and_supplies_clinical_compe,,radio,Have the fluorescent bulbs ever been changed?,"1, Yes | 0, No | 9, Unknown",,,,,,[md_eqt_pt_flu_avl] >= 9,,,,,,
md_eqt_pt_flu_dt_9,hfa_neonatal_equipment_and_supplies_clinical_compe,,text,When were fluorescent bulbs last changed?,,"If a date is unknown, enter 1999/01/01.",date_ymd,,,,[md_eqt_pt_flu_chg_9] = '1',,,,,,
md_eqt_pt_flu_otp_9,hfa_neonatal_equipment_and_supplies_clinical_compe,,text,What is the fluorescent bulb output (in µW/cm2/nm)?,,Use the lightmeter to measure the bulb output.,number,-1,150,,[md_eqt_pt_flu_avl] >= 9,,,,,,
md_eqt_pt_flu_dstn_9,hfa_neonatal_equipment_and_supplies_clinical_compe,,text,How far (in cm) is the phototherapy light from the baby/cot?,,,number,-1,100,,[md_eqt_pt_flu_avl] >= 9,,,,,,
md_eqt_pt_flu_otp35_9,hfa_neonatal_equipment_and_supplies_clinical_compe,,text,What is the fluorescent bulb output (in µW/cm2/nm) if the phototherapy light is 35 cm from the baby/cot?,,Use the lightmeter to measure the bulb output.,number,-1,150,,[md_eqt_pt_flu_avl] >= 9,,,,,,
md_eqt_pt_flu_hed_10,hfa_neonatal_equipment_and_supplies_clinical_compe,,descriptive,"<div style=""background-color:#fbd0c1;padding:10px"">Phototherapy Unit #10</div>",,,,,,,[md_eqt_pt_flu_avl] >= 10,,,,,,
md_eqt_pt_flu_man_10,hfa_neonatal_equipment_and_supplies_clinical_compe,,text,Who is the manufacturer of phototherapy unit 10?,,,,,,,[md_eqt_pt_flu_avl] >= 10,,,,,,
md_eqt_pt_flu_mod_10,hfa_neonatal_equipment_and_supplies_clinical_compe,,text,What is the model name of phototherapy unit 10?,,,,,,,[md_eqt_pt_flu_avl] >= 10,,,,,,
md_eqt_pt_flu_chg_10,hfa_neonatal_equipment_and_supplies_clinical_compe,,radio,Have the fluorescent bulbs ever been changed?,"1, Yes | 0, No | 9, Unknown",,,,,,[md_eqt_pt_flu_avl] >= 10,,,,,,
md_eqt_pt_flu_dt_10,hfa_neonatal_equipment_and_supplies_clinical_compe,,text,When were fluorescent bulbs last changed?,,"If a date is unknown, enter 1999/01/01.",date_ymd,,,,[md_eqt_pt_flu_chg_10] = '1',,,,,,
md_eqt_pt_flu_otp_10,hfa_neonatal_equipment_and_supplies_clinical_compe,,text,What is the fluorescent bulb output (in µW/cm2/nm)?,,Use the lightmeter to measure the bulb output.,number,-1,150,,[md_eqt_pt_flu_avl] >= 10,,,,,,
md_eqt_pt_flu_dstn_10,hfa_neonatal_equipment_and_supplies_clinical_compe,,text,How far (in cm) is the phototherapy light from the baby/cot?,,,number,-1,100,,[md_eqt_pt_flu_avl] >= 10,,,,,,
md_eqt_pt_flu_otp35_10,hfa_neonatal_equipment_and_supplies_clinical_compe,,text,What is the fluorescent bulb output (in µW/cm2/nm) if the phototherapy light is 35 cm from the baby/cot?,,Use the lightmeter to measure the bulb output.,number,-1,150,,[md_eqt_pt_flu_avl] >= 10,,,,,,
md_eqt_pt_flu_hed_11,hfa_neonatal_equipment_and_supplies_clinical_compe,,descriptive,"<div style=""background-color:#fbd0c1;padding:10px"">Phototherapy Unit #11</div>",,,,,,,[md_eqt_pt_flu_avl] >= 11,,,,,,
md_eqt_pt_flu_man_11,hfa_neonatal_equipment_and_supplies_clinical_compe,,text,Who is the manufacturer of phototherapy unit 11?,,,,,,,[md_eqt_pt_flu_avl] >= 11,,,,,,
md_eqt_pt_flu_mod_11,hfa_neonatal_equipment_and_supplies_clinical_compe,,text,What is the model name of phototherapy unit 11?,,,,,,,[md_eqt_pt_flu_avl] >= 11,,,,,,
md_eqt_pt_flu_chg_11,hfa_neonatal_equipment_and_supplies_clinical_compe,,radio,Have the fluorescent bulbs ever been changed?,"1, Yes | 0, No | 9, Unknown",,,,,,[md_eqt_pt_flu_avl] >= 11,,,,,,
md_eqt_pt_flu_dt_11,hfa_neonatal_equipment_and_supplies_clinical_compe,,text,When were fluorescent bulbs last changed?,,"If a date is unknown, enter 1999/01/01.",date_ymd,,,,[md_eqt_pt_flu_chg_11] = '1',,,,,,
md_eqt_pt_flu_otp_11,hfa_neonatal_equipment_and_supplies_clinical_compe,,text,What is the fluorescent bulb output (in µW/cm2/nm)?,,Use the lightmeter to measure the bulb output.,number,-1,150,,[md_eqt_pt_flu_avl] >= 11,,,,,,
md_eqt_pt_flu_dstn_11,hfa_neonatal_equipment_and_supplies_clinical_compe,,text,How far (in cm) is the phototherapy light from the baby/cot?,,,number,-1,100,,[md_eqt_pt_flu_avl] >= 11,,,,,,
md_eqt_pt_flu_otp35_11,hfa_neonatal_equipment_and_supplies_clinical_compe,,text,What is the fluorescent bulb output (in µW/cm2/nm) if the phototherapy light is 35 cm from the baby/cot?,,Use the lightmeter to measure the bulb output.,number,-1,150,,[md_eqt_pt_flu_avl] >= 11,,,,,,
md_eqt_pt_flu_hed_12,hfa_neonatal_equipment_and_supplies_clinical_compe,,descriptive,"<div style=""background-color:#fbd0c1;padding:10px"">Phototherapy Unit #12</div>",,,,,,,[md_eqt_pt_flu_avl] >= 12,,,,,,
md_eqt_pt_flu_man_12,hfa_neonatal_equipment_and_supplies_clinical_compe,,text,Who is the manufacturer of phototherapy unit 12?,,,,,,,[md_eqt_pt_flu_avl] >= 12,,,,,,
md_eqt_pt_flu_mod_12,hfa_neonatal_equipment_and_supplies_clinical_compe,,text,What is the model name of phototherapy unit 12?,,,,,,,[md_eqt_pt_flu_avl] >= 12,,,,,,
md_eqt_pt_flu_chg_12,hfa_neonatal_equipment_and_supplies_clinical_compe,,radio,Have the fluorescent bulbs ever been changed?,"1, Yes | 0, No | 9, Unknown",,,,,,[md_eqt_pt_flu_avl] >= 12,,,,,,
md_eqt_pt_flu_dt_12,hfa_neonatal_equipment_and_supplies_clinical_compe,,text,When were fluorescent bulbs last changed?,,"If a date is unknown, enter 1999/01/01.",date_ymd,,,,[md_eqt_pt_flu_chg_12] = '1',,,,,,
md_eqt_pt_flu_otp_12,hfa_neonatal_equipment_and_supplies_clinical_compe,,text,What is the fluorescent bulb output (in µW/cm2/nm)?,,Use the lightmeter to measure the bulb output.,number,-1,150,,[md_eqt_pt_flu_avl] >= 12,,,,,,
md_eqt_pt_flu_dstn_12,hfa_neonatal_equipment_and_supplies_clinical_compe,,text,How far (in cm) is the phototherapy light from the baby/cot?,,,number,-1,100,,[md_eqt_pt_flu_avl] >= 12,,,,,,
md_eqt_pt_flu_otp35_12,hfa_neonatal_equipment_and_supplies_clinical_compe,,text,What is the fluorescent bulb output (in µW/cm2/nm) if the phototherapy light is 35 cm from the baby/cot?,,Use the lightmeter to measure the bulb output.,number,-1,150,,[md_eqt_pt_flu_avl] >= 12,,,,,,
md_eqt_pt_flu_hed_13,hfa_neonatal_equipment_and_supplies_clinical_compe,,descriptive,"<div style=""background-color:#fbd0c1;padding:10px"">Phototherapy Unit #13</div>",,,,,,,[md_eqt_pt_flu_avl] >= 13,,,,,,
md_eqt_pt_flu_man_13,hfa_neonatal_equipment_and_supplies_clinical_compe,,text,Who is the manufacturer of phototherapy unit 13?,,,,,,,[md_eqt_pt_flu_avl] >= 13,,,,,,
md_eqt_pt_flu_mod_13,hfa_neonatal_equipment_and_supplies_clinical_compe,,text,What is the model name of phototherapy unit 13?,,,,,,,[md_eqt_pt_flu_avl] >= 13,,,,,,
md_eqt_pt_flu_chg_13,hfa_neonatal_equipment_and_supplies_clinical_compe,,radio,Have the fluorescent bulbs ever been changed?,"1, Yes | 0, No | 9, Unknown",,,,,,[md_eqt_pt_flu_avl] >= 13,,,,,,
md_eqt_pt_flu_dt_13,hfa_neonatal_equipment_and_supplies_clinical_compe,,text,When were fluorescent bulbs last changed?,,"If a date is unknown, enter 1999/01/01.",date_ymd,,,,[md_eqt_pt_flu_chg_13] = '1',,,,,,
md_eqt_pt_flu_otp_13,hfa_neonatal_equipment_and_supplies_clinical_compe,,text,What is the fluorescent bulb output (in µW/cm2/nm)?,,Use the lightmeter to measure the bulb output.,number,-1,150,,[md_eqt_pt_flu_avl] >= 13,,,,,,
md_eqt_pt_flu_dstn_13,hfa_neonatal_equipment_and_supplies_clinical_compe,,text,How far (in cm) is the phototherapy light from the baby/cot?,,,number,-1,100,,[md_eqt_pt_flu_avl] >= 13,,,,,,
md_eqt_pt_flu_otp35_13,hfa_neonatal_equipment_and_supplies_clinical_compe,,text,What is the fluorescent bulb output (in µW/cm2/nm) if the phototherapy light is 35 cm from the baby/cot?,,Use the lightmeter to measure the bulb output.,number,-1,150,,[md_eqt_pt_flu_avl] >= 13,,,,,,
md_eqt_pt_flu_hed_14,hfa_neonatal_equipment_and_supplies_clinical_compe,,descriptive,"<div style=""background-color:#fbd0c1;padding:10px"">Phototherapy Unit #14</div>",,,,,,,[md_eqt_pt_flu_avl] >= 14,,,,,,
md_eqt_pt_flu_man_14,hfa_neonatal_equipment_and_supplies_clinical_compe,,text,Who is the manufacturer of phototherapy unit 14?,,,,,,,[md_eqt_pt_flu_avl] >= 14,,,,,,
md_eqt_pt_flu_mod_14,hfa_neonatal_equipment_and_supplies_clinical_compe,,text,What is the model name of phototherapy unit 14?,,,,,,,[md_eqt_pt_flu_avl] >= 14,,,,,,
md_eqt_pt_flu_chg_14,hfa_neonatal_equipment_and_supplies_clinical_compe,,radio,Have the fluorescent bulbs ever been changed?,"1, Yes | 0, No | 9, Unknown",,,,,,[md_eqt_pt_flu_avl] >= 14,,,,,,
md_eqt_pt_flu_dt_14,hfa_neonatal_equipment_and_supplies_clinical_compe,,text,When were fluorescent bulbs last changed?,,"If a date is unknown, enter 1999/01/01.",date_ymd,,,,[md_eqt_pt_flu_chg_14] = '1',,,,,,
md_eqt_pt_flu_otp_14,hfa_neonatal_equipment_and_supplies_clinical_compe,,text,What is the fluorescent bulb output (in µW/cm2/nm)?,,Use the lightmeter to measure the bulb output.,number,-1,150,,[md_eqt_pt_flu_avl] >= 14,,,,,,
md_eqt_pt_flu_dstn_14,hfa_neonatal_equipment_and_supplies_clinical_compe,,text,How far (in cm) is the phototherapy light from the baby/cot?,,,number,-1,100,,[md_eqt_pt_flu_avl] >= 14,,,,,,
md_eqt_pt_flu_otp35_14,hfa_neonatal_equipment_and_supplies_clinical_compe,,text,What is the fluorescent bulb output (in µW/cm2/nm) if the phototherapy light is 35 cm from the baby/cot?,,Use the lightmeter to measure the bulb output.,number,-1,150,,[md_eqt_pt_flu_avl] >= 14,,,,,,
md_eqt_pt_flu_hed_15,hfa_neonatal_equipment_and_supplies_clinical_compe,,descriptive,"<div style=""background-color:#fbd0c1;padding:10px"">Phototherapy Unit #15</div>",,,,,,,[md_eqt_pt_flu_avl] >= 15,,,,,,
md_eqt_pt_flu_man_15,hfa_neonatal_equipment_and_supplies_clinical_compe,,text,Who is the manufacturer of phototherapy unit 15?,,,,,,,[md_eqt_pt_flu_avl] >= 15,,,,,,
md_eqt_pt_flu_mod_15,hfa_neonatal_equipment_and_supplies_clinical_compe,,text,What is the model name of phototherapy unit 15?,,,,,,,[md_eqt_pt_flu_avl] >= 15,,,,,,
md_eqt_pt_flu_chg_15,hfa_neonatal_equipment_and_supplies_clinical_compe,,radio,Have the fluorescent bulbs ever been changed?,"1, Yes | 0, No | 9, Unknown",,,,,,[md_eqt_pt_flu_avl] >= 15,,,,,,
md_eqt_pt_flu_dt_15,hfa_neonatal_equipment_and_supplies_clinical_compe,,text,When were fluorescent bulbs last changed?,,"If a date is unknown, enter 1999/01/01.",date_ymd,,,,[md_eqt_pt_flu_chg_15] = '1',,,,,,
md_eqt_pt_flu_otp_15,hfa_neonatal_equipment_and_supplies_clinical_compe,,text,What is the fluorescent bulb output (in µW/cm2/nm)?,,Use the lightmeter to measure the bulb output.,number,-1,150,,[md_eqt_pt_flu_avl] >= 15,,,,,,
md_eqt_pt_flu_dstn_15,hfa_neonatal_equipment_and_supplies_clinical_compe,,text,How far (in cm) is the phototherapy light from the baby/cot?,,,number,-1,100,,[md_eqt_pt_flu_avl] >= 15,,,,,,
md_eqt_pt_flu_otp35_15,hfa_neonatal_equipment_and_supplies_clinical_compe,,text,What is the fluorescent bulb output (in µW/cm2/nm) if the phototherapy light is 35 cm from the baby/cot?,,Use the lightmeter to measure the bulb output.,number,-1,150,,[md_eqt_pt_flu_avl] >= 15,,,,,,
md_eqt_pt_flu_hed_16,hfa_neonatal_equipment_and_supplies_clinical_compe,,descriptive,"<div style=""background-color:#fbd0c1;padding:10px"">Phototherapy Unit #16</div>",,,,,,,[md_eqt_pt_flu_avl] >= 16,,,,,,
md_eqt_pt_flu_man_16,hfa_neonatal_equipment_and_supplies_clinical_compe,,text,Who is the manufacturer of phototherapy unit 16?,,,,,,,[md_eqt_pt_flu_avl] >= 16,,,,,,
md_eqt_pt_flu_mod_16,hfa_neonatal_equipment_and_supplies_clinical_compe,,text,What is the model name of phototherapy unit 16?,,,,,,,[md_eqt_pt_flu_avl] >= 16,,,,,,
md_eqt_pt_flu_chg_16,hfa_neonatal_equipment_and_supplies_clinical_compe,,radio,Have the fluorescent bulbs ever been changed?,"1, Yes | 0, No | 9, Unknown",,,,,,[md_eqt_pt_flu_avl] >= 16,,,,,,
md_eqt_pt_flu_dt_16,hfa_neonatal_equipment_and_supplies_clinical_compe,,text,When were fluorescent bulbs last changed?,,"If a date is unknown, enter 1999/01/01.",date_ymd,,,,[md_eqt_pt_flu_chg_16] = '1',,,,,,
md_eqt_pt_flu_otp_16,hfa_neonatal_equipment_and_supplies_clinical_compe,,text,What is the fluorescent bulb output (in µW/cm2/nm)?,,Use the lightmeter to measure the bulb output.,number,-1,150,,[md_eqt_pt_flu_avl] >= 16,,,,,,
md_eqt_pt_flu_dstn_16,hfa_neonatal_equipment_and_supplies_clinical_compe,,text,How far (in cm) is the phototherapy light from the baby/cot?,,,number,-1,100,,[md_eqt_pt_flu_avl] >= 16,,,,,,
md_eqt_pt_flu_otp35_16,hfa_neonatal_equipment_and_supplies_clinical_compe,,text,What is the fluorescent bulb output (in µW/cm2/nm) if the phototherapy light is 35 cm from the baby/cot?,,Use the lightmeter to measure the bulb output.,number,-1,150,,[md_eqt_pt_flu_avl] >= 16,,,,,,
md_eqt_pt_flu_hed_17,hfa_neonatal_equipment_and_supplies_clinical_compe,,descriptive,"<div style=""background-color:#fbd0c1;padding:10px"">Phototherapy Unit #17</div>",,,,,,,[md_eqt_pt_flu_avl] >= 17,,,,,,
md_eqt_pt_flu_man_17,hfa_neonatal_equipment_and_supplies_clinical_compe,,text,Who is the manufacturer of phototherapy unit 17?,,,,,,,[md_eqt_pt_flu_avl] >= 17,,,,,,
md_eqt_pt_flu_mod_17,hfa_neonatal_equipment_and_supplies_clinical_compe,,text,What is the model name of phototherapy unit 17?,,,,,,,[md_eqt_pt_flu_avl] >= 17,,,,,,
md_eqt_pt_flu_chg_17,hfa_neonatal_equipment_and_supplies_clinical_compe,,radio,Have the fluorescent bulbs ever been changed?,"1, Yes | 0, No | 9, Unknown",,,,,,[md_eqt_pt_flu_avl] >= 17,,,,,,
md_eqt_pt_flu_dt_17,hfa_neonatal_equipment_and_supplies_clinical_compe,,text,When were fluorescent bulbs last changed?,,"If a date is unknown, enter 1999/01/01.",date_ymd,,,,[md_eqt_pt_flu_chg_17] = '1',,,,,,
md_eqt_pt_flu_otp_17,hfa_neonatal_equipment_and_supplies_clinical_compe,,text,What is the fluorescent bulb output (in µW/cm2/nm)?,,Use the lightmeter to measure the bulb output.,number,-1,150,,[md_eqt_pt_flu_avl] >= 17,,,,,,
md_eqt_pt_flu_dstn_17,hfa_neonatal_equipment_and_supplies_clinical_compe,,text,How far (in cm) is the phototherapy light from the baby/cot?,,,number,-1,100,,[md_eqt_pt_flu_avl] >= 17,,,,,,
md_eqt_pt_flu_otp35_17,hfa_neonatal_equipment_and_supplies_clinical_compe,,text,What is the fluorescent bulb output (in µW/cm2/nm) if the phototherapy light is 35 cm from the baby/cot?,,Use the lightmeter to measure the bulb output.,number,-1,150,,[md_eqt_pt_flu_avl] >= 17,,,,,,
md_eqt_pt_flu_hed_18,hfa_neonatal_equipment_and_supplies_clinical_compe,,descriptive,"<div style=""background-color:#fbd0c1;padding:10px"">Phototherapy Unit #18</div>",,,,,,,[md_eqt_pt_flu_avl] >= 18,,,,,,
md_eqt_pt_flu_man_18,hfa_neonatal_equipment_and_supplies_clinical_compe,,text,Who is the manufacturer of phototherapy unit 18?,,,,,,,[md_eqt_pt_flu_avl] >= 18,,,,,,
md_eqt_pt_flu_mod_18,hfa_neonatal_equipment_and_supplies_clinical_compe,,text,What is the model name of phototherapy unit 18?,,,,,,,[md_eqt_pt_flu_avl] >= 18,,,,,,
md_eqt_pt_flu_chg_18,hfa_neonatal_equipment_and_supplies_clinical_compe,,radio,Have the fluorescent bulbs ever been changed?,"1, Yes | 0, No | 9, Unknown",,,,,,[md_eqt_pt_flu_avl] >= 18,,,,,,
md_eqt_pt_flu_dt_18,hfa_neonatal_equipment_and_supplies_clinical_compe,,text,When were fluorescent bulbs last changed?,,"If a date is unknown, enter 1999/01/01.",date_ymd,,,,[md_eqt_pt_flu_chg_18] = '1',,,,,,
md_eqt_pt_flu_otp_18,hfa_neonatal_equipment_and_supplies_clinical_compe,,text,What is the fluorescent bulb output (in µW/cm2/nm)?,,Use the lightmeter to measure the bulb output.,number,-1,150,,[md_eqt_pt_flu_avl] >= 18,,,,,,
md_eqt_pt_flu_dstn_18,hfa_neonatal_equipment_and_supplies_clinical_compe,,text,How far (in cm) is the phototherapy light from the baby/cot?,,,number,-1,100,,[md_eqt_pt_flu_avl] >= 18,,,,,,
md_eqt_pt_flu_otp35_18,hfa_neonatal_equipment_and_supplies_clinical_compe,,text,What is the fluorescent bulb output (in µW/cm2/nm) if the phototherapy light is 35 cm from the baby/cot?,,Use the lightmeter to measure the bulb output.,number,-1,150,,[md_eqt_pt_flu_avl] >= 18,,,,,,
md_eqt_pt_flu_hed_19,hfa_neonatal_equipment_and_supplies_clinical_compe,,descriptive,"<div style=""background-color:#fbd0c1;padding:10px"">Phototherapy Unit #19</div>",,,,,,,[md_eqt_pt_flu_avl] >= 19,,,,,,
md_eqt_pt_flu_man_19,hfa_neonatal_equipment_and_supplies_clinical_compe,,text,Who is the manufacturer of phototherapy unit 19?,,,,,,,[md_eqt_pt_flu_avl] >= 19,,,,,,
md_eqt_pt_flu_mod_19,hfa_neonatal_equipment_and_supplies_clinical_compe,,text,What is the model name of phototherapy unit 19?,,,,,,,[md_eqt_pt_flu_avl] >= 19,,,,,,
md_eqt_pt_flu_chg_19,hfa_neonatal_equipment_and_supplies_clinical_compe,,radio,Have the fluorescent bulbs ever been changed?,"1, Yes | 0, No | 9, Unknown",,,,,,[md_eqt_pt_flu_avl] >= 19,,,,,,
md_eqt_pt_flu_dt_19,hfa_neonatal_equipment_and_supplies_clinical_compe,,text,When were fluorescent bulbs last changed?,,"If a date is unknown, enter 1999/01/01.",date_ymd,,,,[md_eqt_pt_flu_chg_19] = '1',,,,,,
md_eqt_pt_flu_otp_19,hfa_neonatal_equipment_and_supplies_clinical_compe,,text,What is the fluorescent bulb output (in µW/cm2/nm)?,,Use the lightmeter to measure the bulb output.,number,-1,150,,[md_eqt_pt_flu_avl] >= 19,,,,,,
md_eqt_pt_flu_dstn_19,hfa_neonatal_equipment_and_supplies_clinical_compe,,text,How far (in cm) is the phototherapy light from the baby/cot?,,,number,-1,100,,[md_eqt_pt_flu_avl] >= 19,,,,,,
md_eqt_pt_flu_otp35_19,hfa_neonatal_equipment_and_supplies_clinical_compe,,text,What is the fluorescent bulb output (in µW/cm2/nm) if the phototherapy light is 35 cm from the baby/cot?,,Use the lightmeter to measure the bulb output.,number,-1,150,,[md_eqt_pt_flu_avl] >= 19,,,,,,
md_eqt_pt_flu_hed_20,hfa_neonatal_equipment_and_supplies_clinical_compe,,descriptive,"<div style=""background-color:#fbd0c1;padding:10px"">Phototherapy Unit #20</div>",,,,,,,[md_eqt_pt_flu_avl] >= 20,,,,,,
md_eqt_pt_flu_man_20,hfa_neonatal_equipment_and_supplies_clinical_compe,,text,Who is the manufacturer of phototherapy unit 20?,,,,,,,[md_eqt_pt_flu_avl] >= 20,,,,,,
md_eqt_pt_flu_mod_20,hfa_neonatal_equipment_and_supplies_clinical_compe,,text,What is the model name of phototherapy unit 20?,,,,,,,[md_eqt_pt_flu_avl] >= 20,,,,,,
md_eqt_pt_flu_chg_20,hfa_neonatal_equipment_and_supplies_clinical_compe,,radio,Have the fluorescent bulbs ever been changed?,"1, Yes | 0, No | 9, Unknown",,,,,,[md_eqt_pt_flu_avl] >= 20,,,,,,
md_eqt_pt_flu_dt_20,hfa_neonatal_equipment_and_supplies_clinical_compe,,text,When were fluorescent bulbs last changed?,,"If a date is unknown, enter 1999/01/01.",date_ymd,,,,[md_eqt_pt_flu_chg_20] = '1',,,,,,
md_eqt_pt_flu_otp_20,hfa_neonatal_equipment_and_supplies_clinical_compe,,text,What is the fluorescent bulb output (in µW/cm2/nm)?,,Use the lightmeter to measure the bulb output.,number,-1,150,,[md_eqt_pt_flu_avl] >= 20,,,,,,
md_eqt_pt_flu_dstn_20,hfa_neonatal_equipment_and_supplies_clinical_compe,,text,How far (in cm) is the phototherapy light from the baby/cot?,,,number,-1,100,,[md_eqt_pt_flu_avl] >= 20,,,,,,
md_eqt_pt_flu_otp35_20,hfa_neonatal_equipment_and_supplies_clinical_compe,,text,What is the fluorescent bulb output (in µW/cm2/nm) if the phototherapy light is 35 cm from the baby/cot?,,Use the lightmeter to measure the bulb output.,number,-1,150,,[md_eqt_pt_flu_avl] >= 20,,,,,,
md_eqt_pt_lm_hed,hfa_neonatal_equipment_and_supplies_clinical_compe,,descriptive,"<div style=""background-color:#fbd0c1;padding:10px"">Photolight Meter/Phototherapy Calibrator</div>",,,,,,,[md_eqt_pt_lm] >= 1,,,,,,
md_eqt_pt_lm_avl,hfa_neonatal_equipment_and_supplies_clinical_compe,,text,How many photolight meters and/or phototherapy calibrators are there?,,,integer,-1,50,,[md_eqt_pt_lm] >= 1,,,,,,
md_eqt_pt_lm_fc,hfa_neonatal_equipment_and_supplies_clinical_compe,,text,How many photolight meters and/or phototherapy calibrators are functional?,,,integer,-1,50,,[md_eqt_pt_lm_avl] >= 1,,,,,,
md_eqt_pt_lm_man_1,hfa_neonatal_equipment_and_supplies_clinical_compe,,text,Who is the manufacturer of photolight meter and/or phototherapy calibrator 1?,,,,,,,[md_eqt_pt_lm_avl] >= 1,,,,,,
md_eqt_pt_lm_mod_1,hfa_neonatal_equipment_and_supplies_clinical_compe,,text,What is the model name of photolight meter and/or phototherapy calibrator 1?,,,,,,,[md_eqt_pt_lm_avl] >= 1,,,,,,
md_eqt_pt_lm_man_2,hfa_neonatal_equipment_and_supplies_clinical_compe,,text,Who is the manufacturer of photolight meter and/or phototherapy calibrator 2?,,,,,,,[md_eqt_pt_lm_avl] >= 2,,,,,,
md_eqt_pt_lm_mod_2,hfa_neonatal_equipment_and_supplies_clinical_compe,,text,What is the model name of photolight meter and/or phototherapy calibrator 2?,,,,,,,[md_eqt_pt_lm_avl] >= 2,,,,,,
md_eqt_pt_lm_man_3,hfa_neonatal_equipment_and_supplies_clinical_compe,,text,Who is the manufacturer of photolight meter and/or phototherapy calibrator 3?,,,,,,,[md_eqt_pt_lm_avl] >= 3,,,,,,
md_eqt_pt_lm_mod_3,hfa_neonatal_equipment_and_supplies_clinical_compe,,text,What is the model name of photolight meter and/or phototherapy calibrator 3?,,,,,,,[md_eqt_pt_lm_avl] >= 3,,,,,,
md_eqt_pt_lm_man_4,hfa_neonatal_equipment_and_supplies_clinical_compe,,text,Who is the manufacturer of photolight meter and/or phototherapy calibrator 4?,,,,,,,[md_eqt_pt_lm_avl] >= 4,,,,,,
md_eqt_pt_lm_mod_4,hfa_neonatal_equipment_and_supplies_clinical_compe,,text,What is the model name of photolight meter and/or phototherapy calibrator 4?,,,,,,,[md_eqt_pt_lm_avl] >= 4,,,,,,
md_eqt_pt_lm_man_5,hfa_neonatal_equipment_and_supplies_clinical_compe,,text,Who is the manufacturer of photolight meter and/or phototherapy calibrator 5?,,,,,,,[md_eqt_pt_lm_avl] >= 5,,,,,,
md_eqt_pt_lm_mod_5,hfa_neonatal_equipment_and_supplies_clinical_compe,,text,What is the model name of photolight meter and/or phototherapy calibrator 5?,,,,,,,[md_eqt_pt_lm_avl] >= 5,,,,,,
md_eqt_pt_lm_man_6,hfa_neonatal_equipment_and_supplies_clinical_compe,,text,Who is the manufacturer of photolight meter and/or phototherapy calibrator 6?,,,,,,,[md_eqt_pt_lm_avl] >= 6,,,,,,
md_eqt_pt_lm_mod_6,hfa_neonatal_equipment_and_supplies_clinical_compe,,text,What is the model name of photolight meter and/or phototherapy calibrator 6?,,,,,,,[md_eqt_pt_lm_avl] >= 6,,,,,,
md_eqt_pt_lm_man_7,hfa_neonatal_equipment_and_supplies_clinical_compe,,text,Who is the manufacturer of photolight meter and/or phototherapy calibrator 7?,,,,,,,[md_eqt_pt_lm_avl] >= 7,,,,,,
md_eqt_pt_lm_mod_7,hfa_neonatal_equipment_and_supplies_clinical_compe,,text,What is the model name of photolight meter and/or phototherapy calibrator 7?,,,,,,,[md_eqt_pt_lm_avl] >= 7,,,,,,
md_eqt_pt_lm_man_8,hfa_neonatal_equipment_and_supplies_clinical_compe,,text,Who is the manufacturer of photolight meter and/or phototherapy calibrator 8?,,,,,,,[md_eqt_pt_lm_avl] >= 8,,,,,,
md_eqt_pt_lm_mod_8,hfa_neonatal_equipment_and_supplies_clinical_compe,,text,What is the model name of photolight meter and/or phototherapy calibrator 8?,,,,,,,[md_eqt_pt_lm_avl] >= 8,,,,,,
md_eqt_pt_lm_man_9,hfa_neonatal_equipment_and_supplies_clinical_compe,,text,Who is the manufacturer of photolight meter and/or phototherapy calibrator 9?,,,,,,,[md_eqt_pt_lm_avl] >= 9,,,,,,
md_eqt_pt_lm_mod_9,hfa_neonatal_equipment_and_supplies_clinical_compe,,text,What is the model name of photolight meter and/or phototherapy calibrator 9?,,,,,,,[md_eqt_pt_lm_avl] >= 9,,,,,,
md_eqt_pt_lm_man_10,hfa_neonatal_equipment_and_supplies_clinical_compe,,text,Who is the manufacturer of photolight meter and/or phototherapy calibrator 10?,,,,,,,[md_eqt_pt_lm_avl] >= 10,,,,,,
md_eqt_pt_lm_mod_10,hfa_neonatal_equipment_and_supplies_clinical_compe,,text,What is the model name of photolight meter and/or phototherapy calibrator 10?,,,,,,,[md_eqt_pt_lm_avl] >= 10,,,,,,
md_eqt_pt_bilm_hed,hfa_neonatal_equipment_and_supplies_clinical_compe,,descriptive,"<div style=""background-color:#fbd0c1;padding:10px"">Bilirubinometers</div>",,,,,,,[md_eqt_pt_bilm] >= 1,,,,,,
md_eqt_pt_bilm_avl,hfa_neonatal_equipment_and_supplies_clinical_compe,,text,How many bilirubinometers are there?,,,integer,-1,50,,[md_eqt_pt_bilm] >= 1,,,,,,
md_eqt_pt_bilm_fc,hfa_neonatal_equipment_and_supplies_clinical_compe,,text,How many bilirubinometers are functional?,,,integer,-1,50,,[md_eqt_pt_bilm_avl] >= 1,,,,,,
md_eqt_pt_bilm_man_1,hfa_neonatal_equipment_and_supplies_clinical_compe,,text,Who is the manufacturer of bilirubinometer 1?,,,,,,,[md_eqt_pt_bilm_avl] >= 1,,,,,,
md_eqt_pt_bilm_mod_1,hfa_neonatal_equipment_and_supplies_clinical_compe,,text,What is the model name of bilirubinometer 1?,,,,,,,[md_eqt_pt_bilm_avl] >= 1,,,,,,
md_eqt_pt_bilm_man_2,hfa_neonatal_equipment_and_supplies_clinical_compe,,text,Who is the manufacturer of bilirubinometer 2?,,,,,,,[md_eqt_pt_bilm_avl] >= 2,,,,,,
md_eqt_pt_bilm_mod_2,hfa_neonatal_equipment_and_supplies_clinical_compe,,text,What is the model name of bilirubinometer 2?,,,,,,,[md_eqt_pt_bilm_avl] >= 2,,,,,,
md_eqt_pt_bilm_man_3,hfa_neonatal_equipment_and_supplies_clinical_compe,,text,Who is the manufacturer of bilirubinometer 3?,,,,,,,[md_eqt_pt_bilm_avl] >= 3,,,,,,
md_eqt_pt_bilm_mod_3,hfa_neonatal_equipment_and_supplies_clinical_compe,,text,What is the model name of bilirubinometer 3?,,,,,,,[md_eqt_pt_bilm_avl] >= 3,,,,,,
md_eqt_pt_bilm_man_4,hfa_neonatal_equipment_and_supplies_clinical_compe,,text,Who is the manufacturer of bilirubinometer 4?,,,,,,,[md_eqt_pt_bilm_avl] >= 4,,,,,,
md_eqt_pt_bilm_mod_4,hfa_neonatal_equipment_and_supplies_clinical_compe,,text,What is the model name of bilirubinometer 4?,,,,,,,[md_eqt_pt_bilm_avl] >= 4,,,,,,
md_eqt_pt_bilm_man_5,hfa_neonatal_equipment_and_supplies_clinical_compe,,text,Who is the manufacturer of bilirubinometer 5?,,,,,,,[md_eqt_pt_bilm_avl] >= 5,,,,,,
md_eqt_pt_bilm_mod_5,hfa_neonatal_equipment_and_supplies_clinical_compe,,text,What is the model name of bilirubinometer 5?,,,,,,,[md_eqt_pt_bilm_avl] >= 5,,,,,,
md_eqt_pt_bilm_man_6,hfa_neonatal_equipment_and_supplies_clinical_compe,,text,Who is the manufacturer of bilirubinometer 6?,,,,,,,[md_eqt_pt_bilm_avl] >= 6,,,,,,
md_eqt_pt_bilm_mod_6,hfa_neonatal_equipment_and_supplies_clinical_compe,,text,What is the model name of bilirubinometer 6?,,,,,,,[md_eqt_pt_bilm_avl] >= 6,,,,,,
md_eqt_pt_bilm_man_7,hfa_neonatal_equipment_and_supplies_clinical_compe,,text,Who is the manufacturer of bilirubinometer 7?,,,,,,,[md_eqt_pt_bilm_avl] >= 7,,,,,,
md_eqt_pt_bilm_mod_7,hfa_neonatal_equipment_and_supplies_clinical_compe,,text,What is the model name of bilirubinometer 7?,,,,,,,[md_eqt_pt_bilm_avl] >= 7,,,,,,
md_eqt_pt_bilm_man_8,hfa_neonatal_equipment_and_supplies_clinical_compe,,text,Who is the manufacturer of bilirubinometer 8?,,,,,,,[md_eqt_pt_bilm_avl] >= 8,,,,,,
md_eqt_pt_bilm_mod_8,hfa_neonatal_equipment_and_supplies_clinical_compe,,text,What is the model name of bilirubinometer 8?,,,,,,,[md_eqt_pt_bilm_avl] >= 8,,,,,,
md_eqt_pt_bilm_man_9,hfa_neonatal_equipment_and_supplies_clinical_compe,,text,Who is the manufacturer of bilirubinometer 9?,,,,,,,[md_eqt_pt_bilm_avl] >= 9,,,,,,
md_eqt_pt_bilm_mod_9,hfa_neonatal_equipment_and_supplies_clinical_compe,,text,What is the model name of bilirubinometer 9?,,,,,,,[md_eqt_pt_bilm_avl] >= 9,,,,,,
md_eqt_pt_bilm_man_10,hfa_neonatal_equipment_and_supplies_clinical_compe,,text,Who is the manufacturer of bilirubinometer 10?,,,,,,,[md_eqt_pt_bilm_avl] >= 10,,,,,,
md_eqt_pt_bilm_mod_10,hfa_neonatal_equipment_and_supplies_clinical_compe,,text,What is the model name of bilirubinometer 10?,,,,,,,[md_eqt_pt_bilm_avl] >= 10,,,,,,
md_eqt_pt_tbilm_hed,hfa_neonatal_equipment_and_supplies_clinical_compe,,descriptive,"<div style=""background-color:#fbd0c1;padding:10px"">Transcutaneous Bilirubinometers</div>",,,,,,,[md_eqt_pt_tbilm] >= 1,,,,,,
md_eqt_pt_tbilm_avl,hfa_neonatal_equipment_and_supplies_clinical_compe,,text,How many transcutaneous bilirubinometers are there?,,,integer,-1,50,,[md_eqt_pt_tbilm] >= 1,,,,,,
md_eqt_pt_tbilm_fc,hfa_neonatal_equipment_and_supplies_clinical_compe,,text,How many transcutaneous bilirubinometers are functional?,,,integer,-1,50,,[md_eqt_pt_tbilm_avl] >= 1,,,,,,
md_eqt_pt_tbilm_man_1,hfa_neonatal_equipment_and_supplies_clinical_compe,,text,Who is the manufacturer of transcutaneous bilirubinometer 1?,,,,,,,[md_eqt_pt_tbilm_avl] >= 1,,,,,,
md_eqt_pt_tbilm_mod_1,hfa_neonatal_equipment_and_supplies_clinical_compe,,text,What is the model name of transcutaneous bilirubinometer 1?,,,,,,,[md_eqt_pt_tbilm_avl] >= 1,,,,,,
md_eqt_pt_tbilm_man_2,hfa_neonatal_equipment_and_supplies_clinical_compe,,text,Who is the manufacturer of transcutaneous bilirubinometer 2?,,,,,,,[md_eqt_pt_tbilm_avl] >= 2,,,,,,
md_eqt_pt_tbilm_mod_2,hfa_neonatal_equipment_and_supplies_clinical_compe,,text,What is the model name of transcutaneous bilirubinometer 2?,,,,,,,[md_eqt_pt_tbilm_avl] >= 2,,,,,,
md_eqt_pt_tbilm_man_3,hfa_neonatal_equipment_and_supplies_clinical_compe,,text,Who is the manufacturer of transcutaneous bilirubinometer 3?,,,,,,,[md_eqt_pt_tbilm_avl] >= 3,,,,,,
md_eqt_pt_tbilm_mod_3,hfa_neonatal_equipment_and_supplies_clinical_compe,,text,What is the model name of transcutaneous bilirubinometer 3?,,,,,,,[md_eqt_pt_tbilm_avl] >= 3,,,,,,
md_eqt_pt_tbilm_man_4,hfa_neonatal_equipment_and_supplies_clinical_compe,,text,Who is the manufacturer of transcutaneous bilirubinometer 4?,,,,,,,[md_eqt_pt_tbilm_avl] >= 4,,,,,,
md_eqt_pt_tbilm_mod_4,hfa_neonatal_equipment_and_supplies_clinical_compe,,text,What is the model name of transcutaneous bilirubinometer 4?,,,,,,,[md_eqt_pt_tbilm_avl] >= 4,,,,,,
md_eqt_pt_tbilm_man_5,hfa_neonatal_equipment_and_supplies_clinical_compe,,text,Who is the manufacturer of transcutaneous bilirubinometer 5?,,,,,,,[md_eqt_pt_tbilm_avl] >= 5,,,,,,
md_eqt_pt_tbilm_mod_5,hfa_neonatal_equipment_and_supplies_clinical_compe,,text,What is the model name of transcutaneous bilirubinometer 5?,,,,,,,[md_eqt_pt_tbilm_avl] >= 5,,,,,,
md_eqt_pt_tbilm_man_6,hfa_neonatal_equipment_and_supplies_clinical_compe,,text,Who is the manufacturer of transcutaneous bilirubinometer 6?,,,,,,,[md_eqt_pt_tbilm_avl] >= 6,,,,,,
md_eqt_pt_tbilm_mod_6,hfa_neonatal_equipment_and_supplies_clinical_compe,,text,What is the model name of transcutaneous bilirubinometer 6?,,,,,,,[md_eqt_pt_tbilm_avl] >= 6,,,,,,
md_eqt_pt_tbilm_man_7,hfa_neonatal_equipment_and_supplies_clinical_compe,,text,Who is the manufacturer of transcutaneous bilirubinometer 7?,,,,,,,[md_eqt_pt_tbilm_avl] >= 7,,,,,,
md_eqt_pt_tbilm_mod_7,hfa_neonatal_equipment_and_supplies_clinical_compe,,text,What is the model name of transcutaneous bilirubinometer 7?,,,,,,,[md_eqt_pt_tbilm_avl] >= 7,,,,,,
md_eqt_pt_tbilm_man_8,hfa_neonatal_equipment_and_supplies_clinical_compe,,text,Who is the manufacturer of transcutaneous bilirubinometer 8?,,,,,,,[md_eqt_pt_tbilm_avl] >= 8,,,,,,
md_eqt_pt_tbilm_mod_8,hfa_neonatal_equipment_and_supplies_clinical_compe,,text,What is the model name of transcutaneous bilirubinometer 8?,,,,,,,[md_eqt_pt_tbilm_avl] >= 8,,,,,,
md_eqt_pt_tbilm_man_9,hfa_neonatal_equipment_and_supplies_clinical_compe,,text,Who is the manufacturer of transcutaneous bilirubinometer 9?,,,,,,,[md_eqt_pt_tbilm_avl] >= 9,,,,,,
md_eqt_pt_tbilm_mod_9,hfa_neonatal_equipment_and_supplies_clinical_compe,,text,What is the model name of transcutaneous bilirubinometer 9?,,,,,,,[md_eqt_pt_tbilm_avl] >= 9,,,,,,
md_eqt_pt_tbilm_man_10,hfa_neonatal_equipment_and_supplies_clinical_compe,,text,Who is the manufacturer of transcutaneous bilirubinometer 10?,,,,,,,[md_eqt_pt_tbilm_avl] >= 10,,,,,,
md_eqt_pt_tbilm_mod_10,hfa_neonatal_equipment_and_supplies_clinical_compe,,text,What is the model name of transcutaneous bilirubinometer 10?,,,,,,,[md_eqt_pt_tbilm_avl] >= 10,,,,,,
md_eqt_cp_hed,hfa_neonatal_equipment_and_supplies_clinical_compe,,descriptive,"<div style=""background-color:#82cdbf;padding:10px"">CPAP Equipment and Supplies</div>",,,,,,,,,,,,,
md_eqt_cp_cp,hfa_neonatal_equipment_and_supplies_clinical_compe,,radio,CPAP driver system (standard or bubble CPAP) with accessories*,"1, Available today and no stockout in last 4 weeks | 3, Available today, but stockout in last 4 weeks | 0, Not available today",,,,,,,y,,,md_eqt_cp,,
md_eqt_cp_hat,hfa_neonatal_equipment_and_supplies_clinical_compe,,radio,CPAP hats,"1, Available today and no stockout in last 4 weeks | 3, Available today, but stockout in last 4 weeks | 0, Not available today",,,,,,,y,,,md_eqt_cp,,
md_eqt_cp_can,hfa_neonatal_equipment_and_supplies_clinical_compe,,radio,CPAP nasal cannula,"1, Available today and no stockout in last 4 weeks | 3, Available today, but stockout in last 4 weeks | 0, Not available today",,,,,,,y,,,md_eqt_cp,,
md_eqt_cp_cpg_000,hfa_neonatal_equipment_and_supplies_clinical_compe,,radio,CPAP prongs (size 000),"1, Available today and no stockout in last 4 weeks | 3, Available today, but stockout in last 4 weeks | 0, Not available today",,,,,,,y,,,md_eqt_cp,,
md_eqt_cp_cpg_0,hfa_neonatal_equipment_and_supplies_clinical_compe,,radio,CPAP prongs (size 0),"1, Available today and no stockout in last 4 weeks | 3, Available today, but stockout in last 4 weeks | 0, Not available today",,,,,,,y,,,md_eqt_cp,,
md_eqt_cp_cpg_1,hfa_neonatal_equipment_and_supplies_clinical_compe,,radio,CPAP prongs (size 1),"1, Available today and no stockout in last 4 weeks | 3, Available today, but stockout in last 4 weeks | 0, Not available today",,,,,,,y,,,md_eqt_cp,,
md_eqt_cp_cpg_2,hfa_neonatal_equipment_and_supplies_clinical_compe,,radio,CPAP prongs (size 2),"1, Available today and no stockout in last 4 weeks | 3, Available today, but stockout in last 4 weeks | 0, Not available today",,,,,,,y,,,md_eqt_cp,,
md_eqt_cp_tub,hfa_neonatal_equipment_and_supplies_clinical_compe,,radio,CPAP tubing,"1, Available today and no stockout in last 4 weeks | 3, Available today, but stockout in last 4 weeks | 0, Not available today",,,,,,,y,,,md_eqt_cp,,
md_eqt_cp_h2o,hfa_neonatal_equipment_and_supplies_clinical_compe,,radio,Distilled water,"1, Available today and no stockout in last 4 weeks | 3, Available today, but stockout in last 4 weeks | 0, Not available today",,,,,,,y,,,md_eqt_cp,,
md_eqt_cp_ket,hfa_neonatal_equipment_and_supplies_clinical_compe,,radio,Kettle for boiling water,"1, Available today and no stockout in last 4 weeks | 3, Available today, but stockout in last 4 weeks | 0, Not available today",,,,,,,y,,,md_eqt_cp,,
md_eqt_cp_hmicp,hfa_neonatal_equipment_and_supplies_clinical_compe,,checkbox,Do you use improvised or homemade CPAP?,"0, None | 1, Improvised CPAP | 2, Homemade CPAP",,,,,,,y,,,,, @NONEOFTHEABOVE=0
md_eqt_cp_cp_hed,hfa_neonatal_equipment_and_supplies_clinical_compe,,descriptive,"<div style=""background-color:#fbd0c1;padding:10px"">CPAP Driver System with Accessories</div>",,,,,,,[md_eqt_cp_cp] >= 1,,,,,,
md_eqt_cp_cp_avl,hfa_neonatal_equipment_and_supplies_clinical_compe,,text,How many CPAP driver systems are there?,,,integer,-1,50,,[md_eqt_cp_cp] >= 1,,,,,,
md_eqt_cp_cp_fc,hfa_neonatal_equipment_and_supplies_clinical_compe,,text,How many CPAP driver systems are functional?,,,integer,-1,50,,[md_eqt_cp_cp_avl] >= 1,,,,,,
md_eqt_cp_cp_man_1,hfa_neonatal_equipment_and_supplies_clinical_compe,,text,Who is the manufacturer of CPAP driver system 1?,,,,,,,[md_eqt_cp_cp_avl] >= 1,,,,,,
md_eqt_cp_cp_mod_1,hfa_neonatal_equipment_and_supplies_clinical_compe,,text,What is the model name of CPAP driver system 1?,,,,,,,[md_eqt_cp_cp_avl] >= 1,,,,,,
md_eqt_cp_cp_man_2,hfa_neonatal_equipment_and_supplies_clinical_compe,,text,Who is the manufacturer of CPAP driver system 2?,,,,,,,[md_eqt_cp_cp_avl] >= 2,,,,,,
md_eqt_cp_cp_mod_2,hfa_neonatal_equipment_and_supplies_clinical_compe,,text,What is the model name of CPAP driver system 2?,,,,,,,[md_eqt_cp_cp_avl] >= 2,,,,,,
md_eqt_cp_cp_man_3,hfa_neonatal_equipment_and_supplies_clinical_compe,,text,Who is the manufacturer of CPAP driver system 3?,,,,,,,[md_eqt_cp_cp_avl] >= 3,,,,,,
md_eqt_cp_cp_mod_3,hfa_neonatal_equipment_and_supplies_clinical_compe,,text,What is the model name of CPAP driver system 3?,,,,,,,[md_eqt_cp_cp_avl] >= 3,,,,,,
md_eqt_cp_cp_man_4,hfa_neonatal_equipment_and_supplies_clinical_compe,,text,Who is the manufacturer of CPAP driver system 4?,,,,,,,[md_eqt_cp_cp_avl] >= 4,,,,,,
md_eqt_cp_cp_mod_4,hfa_neonatal_equipment_and_supplies_clinical_compe,,text,What is the model name of CPAP driver system 4?,,,,,,,[md_eqt_cp_cp_avl] >= 4,,,,,,
md_eqt_cp_cp_man_5,hfa_neonatal_equipment_and_supplies_clinical_compe,,text,Who is the manufacturer of CPAP driver system 5?,,,,,,,[md_eqt_cp_cp_avl] >= 5,,,,,,
md_eqt_cp_cp_mod_5,hfa_neonatal_equipment_and_supplies_clinical_compe,,text,What is the model name of CPAP driver system 5?,,,,,,,[md_eqt_cp_cp_avl] >= 5,,,,,,
md_eqt_cp_cp_man_6,hfa_neonatal_equipment_and_supplies_clinical_compe,,text,Who is the manufacturer of CPAP driver system 6?,,,,,,,[md_eqt_cp_cp_avl] >= 6,,,,,,
md_eqt_cp_cp_mod_6,hfa_neonatal_equipment_and_supplies_clinical_compe,,text,What is the model name of CPAP driver system 6?,,,,,,,[md_eqt_cp_cp_avl] >= 6,,,,,,
md_eqt_cp_cp_man_7,hfa_neonatal_equipment_and_supplies_clinical_compe,,text,Who is the manufacturer of CPAP driver system 7?,,,,,,,[md_eqt_cp_cp_avl] >= 7,,,,,,
md_eqt_cp_cp_mod_7,hfa_neonatal_equipment_and_supplies_clinical_compe,,text,What is the model name of CPAP driver system 7?,,,,,,,[md_eqt_cp_cp_avl] >= 7,,,,,,
md_eqt_cp_cp_man_8,hfa_neonatal_equipment_and_supplies_clinical_compe,,text,Who is the manufacturer of CPAP driver system 8?,,,,,,,[md_eqt_cp_cp_avl] >= 8,,,,,,
md_eqt_cp_cp_mod_8,hfa_neonatal_equipment_and_supplies_clinical_compe,,text,What is the model name of CPAP driver system 8?,,,,,,,[md_eqt_cp_cp_avl] >= 8,,,,,,
md_eqt_cp_cp_man_9,hfa_neonatal_equipment_and_supplies_clinical_compe,,text,Who is the manufacturer of CPAP driver system 9?,,,,,,,[md_eqt_cp_cp_avl] >= 9,,,,,,
md_eqt_cp_cp_mod_9,hfa_neonatal_equipment_and_supplies_clinical_compe,,text,What is the model name of CPAP driver system 9?,,,,,,,[md_eqt_cp_cp_avl] >= 9,,,,,,
md_eqt_cp_cp_man_10,hfa_neonatal_equipment_and_supplies_clinical_compe,,text,Who is the manufacturer of CPAP driver system 10?,,,,,,,[md_eqt_cp_cp_avl] >= 10,,,,,,
md_eqt_cp_cp_mod_10,hfa_neonatal_equipment_and_supplies_clinical_compe,,text,What is the model name of CPAP driver system 10?,,,,,,,[md_eqt_cp_cp_avl] >= 10,,,,,,
md_eqt_cp_hmicp_hed,hfa_neonatal_equipment_and_supplies_clinical_compe,,descriptive,"<div style=""background-color:#fbd0c1;padding:10px"">Improvised or Homemade CPAP</div>",,,,,,,[md_eqt_cp_hmicp(1)] = '1' or [md_eqt_cp_hmicp(2)] = '1',,,,,,
md_eqt_cp_icp_avl,hfa_neonatal_equipment_and_supplies_clinical_compe,,text,How many improvised CPAP systems are there?,,,integer,-1,50,,[md_eqt_cp_hmicp(1)] = '1',,,,,,
md_eqt_cp_icp_fc,hfa_neonatal_equipment_and_supplies_clinical_compe,,text,How many improvised CPAP systems are functional?,,,integer,-1,50,,[md_eqt_cp_hmicp(1)] = '1',,,,,,
md_eqt_cp_hmcp_avl,hfa_neonatal_equipment_and_supplies_clinical_compe,,text,How many homemade CPAP systems are there?,,,integer,-1,50,,[md_eqt_cp_hmicp(2)] = '1',,,,,,
md_eqt_cp_hmcp_fc,hfa_neonatal_equipment_and_supplies_clinical_compe,,text,How many homemade CPAP systems are functional?,,,integer,-1,50,,[md_eqt_cp_hmicp(2)] = '1',,,,,,
md_eqt_cp_hmicp_blen,hfa_neonatal_equipment_and_supplies_clinical_compe,,yesno,Do you have blender capability for your improvised and/or homemade CPAP?,,,,,,,[md_eqt_cp_hmicp(1)] = '1' or [md_eqt_cp_hmicp(2)] = '1',,,,,,
md_eqt_mv_hed,hfa_neonatal_equipment_and_supplies_clinical_compe,,descriptive,"<div style=""background-color:#82cdbf;padding:10px"">Mechanical Ventilation Equipment and Supplies</div>",,,,,,,,,,,,,
md_eqt_mv_vent,hfa_neonatal_equipment_and_supplies_clinical_compe,,radio,Respirator/ventilators plus accessories*,"1, Available today and no stockout in last 4 weeks | 3, Available today, but stockout in last 4 weeks | 0, Not available today",,,,,,,y,,,md_eqt_mv,,
md_eqt_mv_xray,hfa_neonatal_equipment_and_supplies_clinical_compe,,radio,Portable x-ray (may be shared with other units)*,"1, Available today and no stockout in last 4 weeks | 3, Available today, but stockout in last 4 weeks | 0, Not available today",,,,,,,y,,,md_eqt_mv,,
md_eqt_mv_istat,hfa_neonatal_equipment_and_supplies_clinical_compe,,radio,Hand-held blood gas analyzer (e.g. iSTAT machine)*,"1, Available today and no stockout in last 4 weeks | 3, Available today, but stockout in last 4 weeks | 0, Not available today",,,,,,,y,,,md_eqt_mv,,
md_eqt_mv_istatcons,hfa_neonatal_equipment_and_supplies_clinical_compe,,radio,"Cartridges for hand-held blood gas analyzer (e.g. iSTAT, match gas analyzer)  ","1, Available today and no stockout in last 4 weeks | 3, Available today, but stockout in last 4 weeks | 0, Not available today",,,,,,,y,,,md_eqt_mv,,
md_eqt_mv_lryn,hfa_neonatal_equipment_and_supplies_clinical_compe,,radio,"Infant laryngoscope (size 0 or 1, straight blades)*","1, Available today and no stockout in last 4 weeks | 3, Available today, but stockout in last 4 weeks | 0, Not available today",,,,,,,y,,,md_eqt_mv,,
md_eqt_mv_lrynlght,hfa_neonatal_equipment_and_supplies_clinical_compe,,radio,Laryngoscope light bulb (spare),"1, Available today and no stockout in last 4 weeks | 3, Available today, but stockout in last 4 weeks | 0, Not available today",,,,,,,y,,,md_eqt_mv,,
md_eqt_mv_ilum,hfa_neonatal_equipment_and_supplies_clinical_compe,,radio,Transilluminators*,"1, Available today and no stockout in last 4 weeks | 3, Available today, but stockout in last 4 weeks | 0, Not available today",,,,,,,y,,,md_eqt_mv,,
md_eqt_mv_drain,hfa_neonatal_equipment_and_supplies_clinical_compe,,radio,Chest drain set,"1, Available today and no stockout in last 4 weeks | 3, Available today, but stockout in last 4 weeks | 0, Not available today",,,,,,,y,,,md_eqt_mv,,
md_eqt_mv_tub,hfa_neonatal_equipment_and_supplies_clinical_compe,,radio,Drainage tubing and under water seal drainage bottle plus accessories,"1, Available today and no stockout in last 4 weeks | 3, Available today, but stockout in last 4 weeks | 0, Not available today",,,,,,,y,,,md_eqt_mv,,
md_eqt_mv_co2,hfa_neonatal_equipment_and_supplies_clinical_compe,,radio,CO<sub>2</sub> detector (capnometer)*,"1, Available today and no stockout in last 4 weeks | 3, Available today, but stockout in last 4 weeks | 0, Not available today",,,,,,,y,,,md_eqt_mv,,
md_eqt_mv_vent_hed,hfa_neonatal_equipment_and_supplies_clinical_compe,,descriptive,"<div style=""background-color:#fbd0c1;padding:10px"">Respirator/Ventilators Plus Accessories</div>",,,,,,,[md_eqt_mv_vent] >= 1,,,,,,
md_eqt_mv_vent_avl,hfa_neonatal_equipment_and_supplies_clinical_compe,,text,How many respirator/ventilators plus accessories are there?,,,integer,-1,50,,[md_eqt_mv_vent] >= 1,,,,,,
md_eqt_mv_vent_fc,hfa_neonatal_equipment_and_supplies_clinical_compe,,text,How many respirator/ventilators plus accessories are functional?,,,integer,-1,50,,[md_eqt_mv_vent_avl] >= 1,,,,,,
md_eqt_mv_vent_man_1,hfa_neonatal_equipment_and_supplies_clinical_compe,,text,Who is the manufacturer of respirator/ventilator 1 plus accessories?,,,,,,,[md_eqt_mv_vent_avl] >= 1,,,,,,
md_eqt_mv_vent_mod_1,hfa_neonatal_equipment_and_supplies_clinical_compe,,text,What is the model name of respirator/ventilator 1 plus accessories?,,,,,,,[md_eqt_mv_vent_avl] >= 1,,,,,,
md_eqt_mv_vent_man_2,hfa_neonatal_equipment_and_supplies_clinical_compe,,text,Who is the manufacturer of respirator/ventilator 2 plus accessories?,,,,,,,[md_eqt_mv_vent_avl] >= 2,,,,,,
md_eqt_mv_vent_mod_2,hfa_neonatal_equipment_and_supplies_clinical_compe,,text,What is the model name of respirator/ventilator 2 plus accessories?,,,,,,,[md_eqt_mv_vent_avl] >= 2,,,,,,
md_eqt_mv_vent_man_3,hfa_neonatal_equipment_and_supplies_clinical_compe,,text,Who is the manufacturer of respirator/ventilator 3 plus accessories?,,,,,,,[md_eqt_mv_vent_avl] >= 3,,,,,,
md_eqt_mv_vent_mod_3,hfa_neonatal_equipment_and_supplies_clinical_compe,,text,What is the model name of respirator/ventilator 3 plus accessories?,,,,,,,[md_eqt_mv_vent_avl] >= 3,,,,,,
md_eqt_mv_vent_man_4,hfa_neonatal_equipment_and_supplies_clinical_compe,,text,Who is the manufacturer of respirator/ventilator 4 plus accessories?,,,,,,,[md_eqt_mv_vent_avl] >= 4,,,,,,
md_eqt_mv_vent_mod_4,hfa_neonatal_equipment_and_supplies_clinical_compe,,text,What is the model name of respirator/ventilator 4 plus accessories?,,,,,,,[md_eqt_mv_vent_avl] >= 4,,,,,,
md_eqt_mv_vent_man_5,hfa_neonatal_equipment_and_supplies_clinical_compe,,text,Who is the manufacturer of respirator/ventilator 5 plus accessories?,,,,,,,[md_eqt_mv_vent_avl] >= 5,,,,,,
md_eqt_mv_vent_mod_5,hfa_neonatal_equipment_and_supplies_clinical_compe,,text,What is the model name of respirator/ventilator 5 plus accessories?,,,,,,,[md_eqt_mv_vent_avl] >= 5,,,,,,
md_eqt_mv_vent_man_6,hfa_neonatal_equipment_and_supplies_clinical_compe,,text,Who is the manufacturer of respirator/ventilator 6 plus accessories?,,,,,,,[md_eqt_mv_vent_avl] >= 6,,,,,,
md_eqt_mv_vent_mod_6,hfa_neonatal_equipment_and_supplies_clinical_compe,,text,What is the model name of respirator/ventilator 6 plus accessories?,,,,,,,[md_eqt_mv_vent_avl] >= 6,,,,,,
md_eqt_mv_vent_man_7,hfa_neonatal_equipment_and_supplies_clinical_compe,,text,Who is the manufacturer of respirator/ventilator 7 plus accessories?,,,,,,,[md_eqt_mv_vent_avl] >= 7,,,,,,
md_eqt_mv_vent_mod_7,hfa_neonatal_equipment_and_supplies_clinical_compe,,text,What is the model name of respirator/ventilator 7 plus accessories?,,,,,,,[md_eqt_mv_vent_avl] >= 7,,,,,,
md_eqt_mv_vent_man_8,hfa_neonatal_equipment_and_supplies_clinical_compe,,text,Who is the manufacturer of respirator/ventilator 8 plus accessories?,,,,,,,[md_eqt_mv_vent_avl] >= 8,,,,,,
md_eqt_mv_vent_mod_8,hfa_neonatal_equipment_and_supplies_clinical_compe,,text,What is the model name of respirator/ventilator 8 plus accessories?,,,,,,,[md_eqt_mv_vent_avl] >= 8,,,,,,
md_eqt_mv_vent_man_9,hfa_neonatal_equipment_and_supplies_clinical_compe,,text,Who is the manufacturer of respirator/ventilator 9 plus accessories?,,,,,,,[md_eqt_mv_vent_avl] >= 9,,,,,,
md_eqt_mv_vent_mod_9,hfa_neonatal_equipment_and_supplies_clinical_compe,,text,What is the model name of respirator/ventilator 9 plus accessories?,,,,,,,[md_eqt_mv_vent_avl] >= 9,,,,,,
md_eqt_mv_vent_man_10,hfa_neonatal_equipment_and_supplies_clinical_compe,,text,Who is the manufacturer of respirator/ventilator 10 plus accessories?,,,,,,,[md_eqt_mv_vent_avl] >= 10,,,,,,
md_eqt_mv_vent_mod_10,hfa_neonatal_equipment_and_supplies_clinical_compe,,text,What is the model name of respirator/ventilator 10 plus accessories?,,,,,,,[md_eqt_mv_vent_avl] >= 10,,,,,,
md_eqt_mv_xray_hed,hfa_neonatal_equipment_and_supplies_clinical_compe,,descriptive,"<div style=""background-color:#fbd0c1;padding:10px"">Portable x-ray</div>",,,,,,,[md_eqt_mv_xray] >= 1,,,,,,
md_eqt_mv_xray_avl,hfa_neonatal_equipment_and_supplies_clinical_compe,,text,How many portable x-rays are there?,,,integer,-1,50,,[md_eqt_mv_xray] >= 1,,,,,,
md_eqt_mv_xray_fc,hfa_neonatal_equipment_and_supplies_clinical_compe,,text,How many portable x-rays are functional?,,,integer,-1,50,,[md_eqt_mv_xray_avl] >= 1,,,,,,
md_eqt_mv_istat_hed,hfa_neonatal_equipment_and_supplies_clinical_compe,,descriptive,"<div style=""background-color:#fbd0c1;padding:10px"">iSTAT machine (hand-held blood gas analyzer)</div>",,,,,,,[md_eqt_mv_istat] >= 1,,,,,,
md_eqt_mv_istat_avl,hfa_neonatal_equipment_and_supplies_clinical_compe,,text,How many iSTAT machines are there?,,,integer,-1,50,,[md_eqt_mv_istat] >= 1,,,,,,
md_eqt_mv_istat_fc,hfa_neonatal_equipment_and_supplies_clinical_compe,,text,How many iSTAT machines are functional?,,,integer,-1,50,,[md_eqt_mv_istat_avl] >= 1,,,,,,
md_eqt_mv_lryn_hed,hfa_neonatal_equipment_and_supplies_clinical_compe,,descriptive,"<div style=""background-color:#fbd0c1;padding:10px"">Infant laryngoscope</div>",,,,,,,[md_eqt_mv_lryn] >= 1,,,,,,
md_eqt_mv_lryn_avl,hfa_neonatal_equipment_and_supplies_clinical_compe,,text,How many infant laryngoscopes are there?,,,integer,-1,50,,[md_eqt_mv_lryn] >= 1,,,,,,
md_eqt_mv_lryn_fc,hfa_neonatal_equipment_and_supplies_clinical_compe,,text,How many infant laryngoscopes are functional?,,,integer,-1,50,,[md_eqt_mv_lryn_avl] >= 1,,,,,,
md_eqt_mv_ilum_hed,hfa_neonatal_equipment_and_supplies_clinical_compe,,descriptive,"<div style=""background-color:#fbd0c1;padding:10px"">Transilluminators</div>",,,,,,,[md_eqt_mv_ilum] >= 1,,,,,,
md_eqt_mv_ilum_avl,hfa_neonatal_equipment_and_supplies_clinical_compe,,text,How many transilluminators are there?,,,integer,-1,50,,[md_eqt_mv_ilum] >= 1,,,,,,
md_eqt_mv_ilum_fc,hfa_neonatal_equipment_and_supplies_clinical_compe,,text,How many transilluminators are functional?,,,integer,-1,50,,[md_eqt_mv_ilum_avl] >= 1,,,,,,
md_eqt_mv_co2_hed,hfa_neonatal_equipment_and_supplies_clinical_compe,,descriptive,"<div style=""background-color:#fbd0c1;padding:10px"">CO2 detector (Capnometer)</div>",,,,,,,[md_eqt_mv_co2] >= 1,,,,,,
md_eqt_mv_co2_avl,hfa_neonatal_equipment_and_supplies_clinical_compe,,text,How many CO2  detectors (capnometer) are there?,,,integer,-1,50,,[md_eqt_mv_co2] >= 1,,,,,,
md_eqt_mv_co2_fc,hfa_neonatal_equipment_and_supplies_clinical_compe,,text,How many CO2 detectors (capnometer) are functional?,,,integer,-1,50,,[md_eqt_mv_co2_avl] >= 1,,,,,,
md_eqt_rop_hed,hfa_neonatal_equipment_and_supplies_clinical_compe,,descriptive,"<div style=""background-color:#82cdbf;padding:10px"">Retinopathy of Prematurity Equipment and Supplies</div>",,,,,,,,,,,,,
md_eqt_rop_opht,hfa_neonatal_equipment_and_supplies_clinical_compe,,radio,Indirect ophthalmoscope (with small pupil adjustments)*,"1, Available today and no stockout in last 4 weeks | 3, Available today, but stockout in last 4 weeks | 0, Not available today",,,,,,,y,,,md_eqt_rop,,
md_eqt_rop_lens_20,hfa_neonatal_equipment_and_supplies_clinical_compe,,radio,Condensing lenses 20D for indirect ophthalmoscope,"1, Available today and no stockout in last 4 weeks | 3, Available today, but stockout in last 4 weeks | 0, Not available today",,,,,,,y,,,md_eqt_rop,,
md_eqt_rop_lens_28,hfa_neonatal_equipment_and_supplies_clinical_compe,,radio,Condensing lenses 28D for indirect ophthalmoscope,"1, Available today and no stockout in last 4 weeks | 3, Available today, but stockout in last 4 weeks | 0, Not available today",,,,,,,y,,,md_eqt_rop,,
md_eqt_rop_specl,hfa_neonatal_equipment_and_supplies_clinical_compe,,radio,Neonatal lid speculums (e.g. Alfonso),"1, Available today and no stockout in last 4 weeks | 3, Available today, but stockout in last 4 weeks | 0, Not available today",,,,,,,y,,,md_eqt_rop,,
md_eqt_rop_scler,hfa_neonatal_equipment_and_supplies_clinical_compe,,radio,Scleral depressors (Schoket/wire vectis),"1, Available today and no stockout in last 4 weeks | 3, Available today, but stockout in last 4 weeks | 0, Not available today",,,,,,,y,,,md_eqt_rop,,
md_eqt_rop_ring,hfa_neonatal_equipment_and_supplies_clinical_compe,,radio,Solution for corneal wetting (e.g. Ringer's lactate),"1, Available today and no stockout in last 4 weeks | 3, Available today, but stockout in last 4 weeks | 0, Not available today",,,,,,,y,,,md_eqt_rop,,
md_eqt_rop_lsr,hfa_neonatal_equipment_and_supplies_clinical_compe,,radio,Laser (may be shared with other units)*,"1, Available today and no stockout in last 4 weeks | 3, Available today, but stockout in last 4 weeks | 0, Not available today",,,,,,,y,,,md_eqt_rop,,
md_eqt_rop_diod,hfa_neonatal_equipment_and_supplies_clinical_compe,,radio,Portable diode/green laser with indirect delivery system (may be shared with other units)*,"1, Available today and no stockout in last 4 weeks | 3, Available today, but stockout in last 4 weeks | 0, Not available today",,,,,,,y,,,md_eqt_rop,,
md_eqt_rop_msk,hfa_neonatal_equipment_and_supplies_clinical_compe,,radio,Laser goggles,"1, Available today and no stockout in last 4 weeks | 3, Available today, but stockout in last 4 weeks | 0, Not available today",,,,,,,y,,,md_eqt_rop,,
md_eqt_rop_opht_hed,hfa_neonatal_equipment_and_supplies_clinical_compe,,descriptive,"<div style=""background-color:#fbd0c1;padding:10px"">Indirect ophthalmoscope (with small pupil adjustments)</div>",,,,,,,[md_eqt_rop_opht] >= 1,,,,,,
md_eqt_rop_opht_avl,hfa_neonatal_equipment_and_supplies_clinical_compe,,text,How many indirect ophthalmoscopes (with small pupil adjustments) are there?,,,integer,-1,50,,[md_eqt_rop_opht] >= 1,,,,,,
md_eqt_rop_opht_fc,hfa_neonatal_equipment_and_supplies_clinical_compe,,text,How many indirect ophthalmoscopes (with small pupil adjustments) are functional?,,,integer,-1,50,,[md_eqt_rop_opht_avl] >= 1,,,,,,
md_eqt_rop_lsr_hed,hfa_neonatal_equipment_and_supplies_clinical_compe,,descriptive,"<div style=""background-color:#fbd0c1;padding:10px"">Lasers</div>",,,,,,,[md_eqt_rop_lsr] >= 1,,,,,,
md_eqt_rop_lsr_avl,hfa_neonatal_equipment_and_supplies_clinical_compe,,text,How many lasers are there?,,,integer,-1,50,,[md_eqt_rop_lsr] >= 1,,,,,,
md_eqt_rop_lsr_fc,hfa_neonatal_equipment_and_supplies_clinical_compe,,text,How many lasers are functional?,,,integer,-1,50,,[md_eqt_rop_lsr_avl] >= 1,,,,,,
md_eqt_rop_diod_hed,hfa_neonatal_equipment_and_supplies_clinical_compe,,descriptive,"<div style=""background-color:#fbd0c1;padding:10px"">Portable diode/green laser with indirect delivery system</div>",,,,,,,[md_eqt_rop_diod] >= 1,,,,,,
md_eqt_rop_diod_avl,hfa_neonatal_equipment_and_supplies_clinical_compe,,text,How many portable diodes/green lasers are there?,,,integer,-1,50,,[md_eqt_rop_diod] >= 1,,,,,,
md_eqt_rop_diod_fc,hfa_neonatal_equipment_and_supplies_clinical_compe,,text,How many portable diodes/green lasers are functional?,,,integer,-1,50,,[md_eqt_rop_diod_avl] >= 1,,,,,,
md_eqt_hed_4,hfa_neonatal_equipment_and_supplies_clinical_compe,,descriptive,"<div style=""background-color:#82cdbf; padding:5px""></div>",,,,,,,,,,,,,
md_eqt_com,hfa_neonatal_equipment_and_supplies_clinical_compe,,notes,Comments:,,,,,,,,,,,,,
md_mtrn_hed_1,hfa_maintenance_and_repair_nurse,,descriptive,"<div style=""background-color:#82cdbf; padding:5px""></div>",,,,,,,,,,,,,
md_mtrn_ban_1,hfa_maintenance_and_repair_nurse,,descriptive,,,,,,,,,,,,,,
md_mtrn_hed_2,hfa_maintenance_and_repair_nurse,,descriptive,"<div class=""h4"" style=""background-color:#82cdbf;padding:10px"">Maintenance and Repair (Nurse)</div>",,,,,,,,,,,,,
md_mtrn_ins_1,hfa_maintenance_and_repair_nurse,,descriptive,"<p style=""font-weight:normal""><i><b>INSTRUCTIONS:</b> Direct these questions to the nurse. Do not leave any variable blank. </i></p>",,,,,,,,,,,,,
md_mtrn_hed_3,hfa_maintenance_and_repair_nurse,,descriptive,"<div style=""background-color:#82cdbf;padding:10px"">Questions for Nurse</div>",,,,,,,,,,,,,
md_mtrn_rp_num,hfa_maintenance_and_repair_nurse,,radio,Number of Respondents Interviewed:,"1, 1 respondent|2, 2 respondents|3, 3 respondents|4, 4 respondents|5, 5 respondents",,,,,,,y,,,,,
md_mtrn_rp_hed_1,hfa_maintenance_and_repair_nurse,,descriptive,"<div style=""background-color:#82cdbf; padding:5px"">Respondent #1</div>",,,,,,,[md_mtrn_rp_num] >= 1,,,,,,
md_mtrn_rp_nam_1,hfa_maintenance_and_repair_nurse,,text,Respondent Name (First and Last):,,,,,,y,[md_mtrn_rp_num] >= 1,y,,,,,
md_mtrn_rp_pos_1,hfa_maintenance_and_repair_nurse,,radio,Respondent Position:,"6, Hospital Management | 5, Biomedical Engineering Technician | 1, NEST Coordinator | 2, Nurse | 7, Nurse-in-charge | 3, Data Clerk | 4, Clinician | 99, Other <i>(specify below)</i>",,,,,,[md_mtrn_rp_num] >= 1,y,,,,,
md_mtrn_rp_othpos_1,hfa_maintenance_and_repair_nurse,,text,"If other position, please specify: ",,,,,,,[md_mtrn_rp_pos_1] = '99',,,,,,
md_mtrn_rp_ph_1,hfa_maintenance_and_repair_nurse,,text,Respondent Phone Number:,,,,,,y,[md_mtrn_rp_num] >= 1,,,,,,
md_mtrn_rp_hed_2,hfa_maintenance_and_repair_nurse,,descriptive,"<div style=""background-color:#82cdbf; padding:5px"">Respondent #2</div>",,,,,,,[md_mtrn_rp_num] >= 2,,,,,,
md_mtrn_rp_nam_2,hfa_maintenance_and_repair_nurse,,text,Respondent Name (First and Last):,,,,,,y,[md_mtrn_rp_num] >= 2,,,,,,
md_mtrn_rp_pos_2,hfa_maintenance_and_repair_nurse,,radio,Respondent Position:,"6, Hospital Management | 5, Biomedical Engineering Technician | 1, NEST Coordinator | 2, Nurse | 7, Nurse-in-charge | 3, Data Clerk | 4, Clinician | 99, Other <i>(specify below)</i>",,,,,,[md_mtrn_rp_num] >= 2,,,,,,
md_mtrn_rp_othpos_2,hfa_maintenance_and_repair_nurse,,text,"If other position, please specify: ",,,,,,,[md_mtrn_rp_pos_2] = '99',,,,,,
md_mtrn_rp_ph_2,hfa_maintenance_and_repair_nurse,,text,Respondent Phone Number:,,,,,,y,[md_mtrn_rp_num] >= 2,,,,,,
md_mtrn_rp_hed_3,hfa_maintenance_and_repair_nurse,,descriptive,"<div style=""background-color:#82cdbf; padding:5px"">Respondent #3</div>",,,,,,,[md_mtrn_rp_num] >= 3,,,,,,
md_mtrn_rp_nam_3,hfa_maintenance_and_repair_nurse,,text,Respondent Name (First and Last):,,,,,,y,[md_mtrn_rp_num] >= 3,,,,,,
md_mtrn_rp_pos_3,hfa_maintenance_and_repair_nurse,,radio,Respondent Position:,"6, Hospital Management | 5, Biomedical Engineering Technician | 1, NEST Coordinator | 2, Nurse | 7, Nurse-in-charge | 3, Data Clerk | 4, Clinician | 99, Other <i>(specify below)</i>",,,,,,[md_mtrn_rp_num] >= 3,,,,,,
md_mtrn_rp_othpos_3,hfa_maintenance_and_repair_nurse,,text,"If other position, please specify: ",,,,,,,[md_mtrn_rp_pos_3] = '99',,,,,,
md_mtrn_rp_ph_3,hfa_maintenance_and_repair_nurse,,text,Respondent Phone Number:,,,,,,y,[md_mtrn_rp_num] >= 3,,,,,,
md_mtrn_rp_hed_4,hfa_maintenance_and_repair_nurse,,descriptive,"<div style=""background-color:#82cdbf; padding:5px"">Respondent #4</div>",,,,,,,[md_mtrn_rp_num] >= 4,,,,,,
md_mtrn_rp_nam_4,hfa_maintenance_and_repair_nurse,,text,Respondent Name (First and Last):,,,,,,y,[md_mtrn_rp_num] >= 4,,,,,,
md_mtrn_rp_pos_4,hfa_maintenance_and_repair_nurse,,radio,Respondent Position:,"6, Hospital Management | 5, Biomedical Engineering Technician | 1, NEST Coordinator | 2, Nurse | 7, Nurse-in-charge | 3, Data Clerk | 4, Clinician | 99, Other <i>(specify below)</i>",,,,,,[md_mtrn_rp_num] >= 4,,,,,,
md_mtrn_rp_othpos_4,hfa_maintenance_and_repair_nurse,,text,"If other position, please specify: ",,,,,,,[md_mtrn_rp_pos_4] = '99',,,,,,
md_mtrn_rp_ph_4,hfa_maintenance_and_repair_nurse,,text,Respondent Phone Number:,,,,,,y,[md_mtrn_rp_num] >= 4,,,,,,
md_mtrn_rp_hed_5,hfa_maintenance_and_repair_nurse,,descriptive,"<div style=""background-color:#82cdbf; padding:5px"">Respondent #5</div>",,,,,,,[md_mtrn_rp_num] >= 5,,,,,,
md_mtrn_rp_nam_5,hfa_maintenance_and_repair_nurse,,text,Respondent Name (First and Last):,,,,,,y,[md_mtrn_rp_num] >= 5,,,,,,
md_mtrn_rp_pos_5,hfa_maintenance_and_repair_nurse,,radio,Respondent Position:,"6, Hospital Management | 5, Biomedical Engineering Technician | 1, NEST Coordinator | 2, Nurse | 7, Nurse-in-charge | 3, Data Clerk | 4, Clinician | 99, Other <i>(specify below)</i>",,,,,,[md_mtrn_rp_num] >= 5,,,,,,
md_mtrn_rp_othpos_5,hfa_maintenance_and_repair_nurse,,text,"If other position, please specify: ",,,,,,,[md_mtrn_rp_pos_5] = '99',,,,,,
md_mtrn_rp_ph_5,hfa_maintenance_and_repair_nurse,,text,Respondent Phone Number:,,,,,,y,[md_mtrn_rp_num] >= 5,,,,,,
md_mtrn_hed_4,hfa_maintenance_and_repair_nurse,,descriptive,"<div style=""background-color:#82cdbf; padding:10px""></div>",,,,,,,,,,,,,
md_mtrn_avl,hfa_maintenance_and_repair_nurse,,radio,"Is there a dedicated technician for repairing equipment available at this facility?
","1, Yes | 0, No",,,,,,,y,,,,,
md_mtrn_meth,hfa_maintenance_and_repair_nurse,,radio,"When a piece of equipment breaks, what is the first step in contacting the technician? 

","1, Fill out a form | 2, Call on phone | 3, Visit in person | 4, Other <i>(specify below)</i>",,,,,,,y,,,,,
md_mtrn_othmeth,hfa_maintenance_and_repair_nurse,,text,Please specify other method of contacting the technician:,,,,,,,[md_mtrn_meth] = '4',,,,,,
md_mtrn_tm,hfa_maintenance_and_repair_nurse,,radio,"When a piece of equipment breaks, how long does it usually take for a technician to arrive? 

","0, Within 1 hour | 1, Same day | 2, Within a week | 3, Within 4 weeks | 4, More than 4 weeks",,,,,,,y,,,,,
md_mtrn_conf,hfa_maintenance_and_repair_nurse,,radio,"When a piece of equipment breaks and you give it to a technician, how confident are you that it will be returned?","1, Very confident | 2, Somewhat confident | 0, Not confident",,,,,,,y,,,,,
md_mtrn_frq,hfa_maintenance_and_repair_nurse,,radio,How often is maintenance provided by the technician on the equipment in the neonatal unit?,"0, Never |  1, Daily | 2, Weekly | 3, Monthly | 4, Quarterly | 6, Annually | 5, Irregularly | 7, Other <i>(specify below)</i>",,,,,,,y,,,,,
md_mtrn_frq_oth,hfa_maintenance_and_repair_nurse,,text,Other time maintenance is provided by the technician on the equipment in the neonatal unit:,,,,,,,[md_mtrn_frq] = '7',,,,,,
md_mtrn_hed_5,hfa_maintenance_and_repair_nurse,,descriptive,"<div style=""background-color:#82cdbf; padding:5px""></div>",,,,,,,,,,,,,
md_mtrn_com,hfa_maintenance_and_repair_nurse,,notes,Comments:,,,,,,,,,,,,,