Variable / Field Name,Form Name,Section Header,Field Type,Field Label,"Choices, Calculations, OR Slider Labels",Field Note,Text Validation Type OR Show Slider Number,Text Validation Min,Text Validation Max,Identifier?,Branching Logic (Show field only if...),Required Field?,Custom Alignment,Question Number (surveys only),Matrix Group Name,Matrix Ranking?,Field Annotation
inf_id2_recid2,hfa_identification,,text,Record ID,,,,,,,,,,,,,
inf_id2_hed_1,hfa_identification,,descriptive,"<div style=""background-color:#82cdbf; padding:5px""></div>",,,,,,,,,,,,,
inf_id2_ban_1,hfa_identification,,descriptive,,,,,,,,,,,,,,
inf_id2_hed_2,hfa_identification,,descriptive,"<div class=""h4"" style=""background-color:#82cdbf;padding:10px"">Facility Identification</div>",,,,,,,,,,,,,
inf_id2_ins_1,hfa_identification,,descriptive,"<p style=""font-weight:normal""><i><b>INSTRUCTIONS:</b> 

This module consists of five sections:<br>
Section 1: Neonatal unit infrastructure (direct questions to nurse in charge)<br>
Section 2: Neonatal unit infection prevention and control (direct questions to nurse in charge)<br>
Section 3: Neonatal unit electricity (direct questions to nurse in charge and technician)<br>
Section 4: Neonatal unit layout<br>
Section 5: Admission and referral criteria (direct questions to nurse in charge)<br>
</i></p>",,,,,,,,,,,,,
inf_id2_hed_3,hfa_identification,,descriptive,"<div style=""background-color:#82cdbf; padding:5px""></div>",,,,,,,,,,,,,
inf_id2_ctry,hfa_identification,,radio,Country:,"1, Malawi | 2, Kenya | 3, Tanzania | 4, Nigeria",,,,,,,y,,,,,
inf_id2_facid2_mw,hfa_identification,,dropdown,Facility Name:,"1, Fill in Facility IDs",,,,,,[inf_id2_ctry] = '1',y,,,,,
inf_id2_facid2_ke,hfa_identification,,dropdown,Facility Name:,"1, Fill in Facility IDs",,,,,,[inf_id2_ctry] = '2',y,,,,,
inf_id2_facid2_tz,hfa_identification,,dropdown,Facility Name:,"1, Fill in Facility IDs",,,,,,[inf_id2_ctry] = '3',y,,,,,
inf_id2_facid2_nga,hfa_identification,,dropdown,Facility Name:,"1, Fill in Facility IDs",,,,,,[inf_id2_ctry] = '4',y,,,,,
inf_id2_dtfrm,hfa_identification,,text,Data Collection Date:,,,date_ymd,,,,,y,,,,,
inf_id2_hed_4,hfa_identification,,descriptive,"<div style=""background-color:#82cdbf; padding:5px"">Data Collectors</div>",,,,,,,,,,,,,
inf_id2_iw_num,hfa_identification,,radio,How many data collectors collected this data?,"1, 1 data collector | 2, 2 data collectors",,,,,,,y,,,,,
inf_id2_hed_5,hfa_identification,,descriptive,"<div style=""background-color:#82cdbf; padding:5px"">Data Collector #1</div>",,,,,,,[inf_id2_iw_num] = '1' or [inf_id2_iw_num] = '2',,,,,,
inf_id2_iw_nam_1,hfa_identification,,text,Data Collector First and Last Name:,,,,,,y,[inf_id2_iw_num] = '1' or [inf_id2_iw_num] = '2',y,,,,,
inf_id2_hed_6,hfa_identification,,descriptive,"<div style=""background-color:#82cdbf; padding:5px"">Data Collector #2</div>",,,,,,,[inf_id2_iw_num] = '2',,,,,,
inf_id2_iw_nam_2,hfa_identification,,text,Data Collector First and Last Name:,,,,,,y,[inf_id2_iw_num] = '2',,,,,,
inf_id2_hed_7,hfa_identification,,descriptive,"<div style=""background-color:#82cdbf; padding:5px""></div>",,,,,,,,,,,,,
inf_id2_com,hfa_identification,,notes,Comments:,,,,,,,,,,,,,
inf_nu_hed_1,hfa_neonatal_unit_infrastructure,,descriptive,"<div style=""background-color:#82cdbf; padding:5px""></div>",,,,,,,,,,,,,
inf_nu_ban_1,hfa_neonatal_unit_infrastructure,,descriptive,,,,,,,,,,,,,,
inf_nu_hed_2,hfa_neonatal_unit_infrastructure,,descriptive,"<div class=""h4"" style=""background-color:#82cdbf;padding:10px"">Neonatal Unit Infrastructure</div>",,,,,,,,,,,,,
inf_nu_ins_1,hfa_neonatal_unit_infrastructure,,descriptive,"<p style=""font-weight:normal""><i><b>INSTRUCTIONS:</b> Direct these questions to the nurse in charge of the neonatal unit. <br><br> For some questions, you will need to ask and observe the staff or specific items/spaces at the facility. An item is not functional if it is in need of repair. Please do not leave any variable blank. If a date is unknown, enter 1999/01/01. If a free text variable is unknown and an answer is required, write ""-1"" for numeric fields and ""unknown"" for text fields. If a multiple-choice variable is unknown, select ""unknown"".<br>
<b>Prompt:</b> I'd like to ask you a few questions and make some observations about the neonatal unit's infrastructure.""</i></p>

",,,,,,,,,,,,,
inf_nu_hed_3,hfa_neonatal_unit_infrastructure,,descriptive,"<div style=""background-color:#82cdbf; padding:5px""></div>",,,,,,,,,,,,,
inf_nu_rp_num,hfa_neonatal_unit_infrastructure,,radio,Number of Respondents Interviewed:,"1, 1 respondent|2, 2 respondents|3, 3 respondents|4, 4 respondents|5, 5 respondents",,,,,,,y,,,,,
inf_nu_rp_hed_1,hfa_neonatal_unit_infrastructure,,descriptive,"<div style=""background-color:#82cdbf; padding:5px"">Respondent #1</div>",,,,,,,[inf_nu_rp_num] >= 1,,,,,,
inf_nu_rp_nam_1,hfa_neonatal_unit_infrastructure,,text,Respondent Name (First and Last):,,,,,,y,[inf_nu_rp_num] >= 1,y,,,,,
inf_nu_rp_pos_1,hfa_neonatal_unit_infrastructure,,radio,Respondent Position:,"6, Hospital Management | 5, Biomedical Engineering Technician | 1, NEST Coordinator | 2, Nurse | 7, Nurse-in-charge | 3, Data Clerk | 4, Clinician | 99, Other <i>(specify below)</i>",,,,,,[inf_nu_rp_num] >= 1,y,,,,,
inf_nu_rp_othpos_1,hfa_neonatal_unit_infrastructure,,text,"If other position, please specify: ",,,,,,,[inf_nu_rp_pos_1] = '99',,,,,,
inf_nu_rp_ph_1,hfa_neonatal_unit_infrastructure,,text,Respondent Phone Number:,,,,,,y,[inf_nu_rp_num] >= 1,,,,,,
inf_nu_rp_hed_2,hfa_neonatal_unit_infrastructure,,descriptive,"<div style=""background-color:#82cdbf; padding:5px"">Respondent #2</div>",,,,,,,[inf_nu_rp_num] >= 2,,,,,,
inf_nu_rp_nam_2,hfa_neonatal_unit_infrastructure,,text,Respondent Name (First and Last):,,,,,,y,[inf_nu_rp_num] >= 2,,,,,,
inf_nu_rp_pos_2,hfa_neonatal_unit_infrastructure,,radio,Respondent Position:,"6, Hospital Management | 5, Biomedical Engineering Technician | 1, NEST Coordinator | 2, Nurse | 7, Nurse-in-charge | 3, Data Clerk | 4, Clinician | 99, Other <i>(specify below)</i>",,,,,,[inf_nu_rp_num] >= 2,,,,,,
inf_nu_rp_othpos_2,hfa_neonatal_unit_infrastructure,,text,"If other position, please specify: ",,,,,,,[inf_nu_rp_pos_2] = '99',,,,,,
inf_nu_rp_ph_2,hfa_neonatal_unit_infrastructure,,text,Respondent Phone Number:,,,,,,y,[inf_nu_rp_num] >= 2,,,,,,
inf_nu_rp_hed_3,hfa_neonatal_unit_infrastructure,,descriptive,"<div style=""background-color:#82cdbf; padding:5px"">Respondent #3</div>",,,,,,,[inf_nu_rp_num] >= 3,,,,,,
inf_nu_rp_nam_3,hfa_neonatal_unit_infrastructure,,text,Respondent Name (First and Last):,,,,,,y,[inf_nu_rp_num] >= 3,,,,,,
inf_nu_rp_pos_3,hfa_neonatal_unit_infrastructure,,radio,Respondent Position:,"6, Hospital Management | 5, Biomedical Engineering Technician | 1, NEST Coordinator | 2, Nurse | 7, Nurse-in-charge | 3, Data Clerk | 4, Clinician | 99, Other <i>(specify below)</i>",,,,,,[inf_nu_rp_num] >= 3,,,,,,
inf_nu_rp_othpos_3,hfa_neonatal_unit_infrastructure,,text,"If other position, please specify: ",,,,,,,[inf_nu_rp_pos_3] = '99',,,,,,
inf_nu_rp_ph_3,hfa_neonatal_unit_infrastructure,,text,Respondent Phone Number:,,,,,,y,[inf_nu_rp_num] >= 3,,,,,,
inf_nu_rp_hed_4,hfa_neonatal_unit_infrastructure,,descriptive,"<div style=""background-color:#82cdbf; padding:5px"">Respondent #4</div>",,,,,,,[inf_nu_rp_num] >= 4,,,,,,
inf_nu_rp_nam_4,hfa_neonatal_unit_infrastructure,,text,Respondent Name (First and Last):,,,,,,y,[inf_nu_rp_num] >= 4,,,,,,
inf_nu_rp_pos_4,hfa_neonatal_unit_infrastructure,,radio,Respondent Position:,"6, Hospital Management | 5, Biomedical Engineering Technician | 1, NEST Coordinator | 2, Nurse | 7, Nurse-in-charge | 3, Data Clerk | 4, Clinician | 99, Other <i>(specify below)</i>",,,,,,[inf_nu_rp_num] >= 4,,,,,,
inf_nu_rp_othpos_4,hfa_neonatal_unit_infrastructure,,text,"If other position, please specify: ",,,,,,,[inf_nu_rp_pos_4] = '99',,,,,,
inf_nu_rp_ph_4,hfa_neonatal_unit_infrastructure,,text,Respondent Phone Number:,,,,,,y,[inf_nu_rp_num] >= 4,,,,,,
inf_nu_rp_hed_5,hfa_neonatal_unit_infrastructure,,descriptive,"<div style=""background-color:#82cdbf; padding:5px"">Respondent #5</div>",,,,,,,[inf_nu_rp_num] >= 5,,,,,,
inf_nu_rp_nam_5,hfa_neonatal_unit_infrastructure,,text,Respondent Name (First and Last):,,,,,,y,[inf_nu_rp_num] >= 5,,,,,,
inf_nu_rp_pos_5,hfa_neonatal_unit_infrastructure,,radio,Respondent Position:,"6, Hospital Management | 5, Biomedical Engineering Technician | 1, NEST Coordinator | 2, Nurse | 7, Nurse-in-charge | 3, Data Clerk | 4, Clinician | 99, Other <i>(specify below)</i>",,,,,,[inf_nu_rp_num] >= 5,,,,,,
inf_nu_rp_othpos_5,hfa_neonatal_unit_infrastructure,,text,"If other position, please specify: ",,,,,,,[inf_nu_rp_pos_5] = '99',,,,,,
inf_nu_rp_ph_5,hfa_neonatal_unit_infrastructure,,text,Respondent Phone Number:,,,,,,y,[inf_nu_rp_num] >= 5,,,,,,
inf_nu_cap_hed,hfa_neonatal_unit_infrastructure,,descriptive,"<div style=""background-color:#82cdbf;padding:5px"">Neonatal Unit Capacity</div>",,,,,,,,,,,,,
inf_nu_cap_24h,hfa_neonatal_unit_infrastructure,,yesno,"Does the facility provide neonatal care 24 hours a day, 7 days a week?",,,,,,,,y,,,,,
inf_nu_cap,hfa_neonatal_unit_infrastructure,,text,"What is the total capacity of your neonatal unit if you have one baby per bed including cots, radiant warmers, incubators, etc.?",,,integer,-1,300,,,y,,,,,
inf_nu_cap_cot_num,hfa_neonatal_unit_infrastructure,,text,How many baby cots do you have in your neonatal unit?,,Count all mobile and stationary baby cots.,integer,-1,300,,,y,,,,,
inf_nu_cap_mcot_avl,hfa_neonatal_unit_infrastructure,,text,"Of all baby cots, how many are mobile baby cots with castors? ",,,integer,-1,300,,,y,,,,,
inf_nu_cap_mcot_fc,hfa_neonatal_unit_infrastructure,,text,"Of the mobile baby cots, how many are functional for a baby to use? ",,,integer,-1,300,,[inf_nu_cap_mcot_avl] >= 1,,,,,,
inf_nu_cap_scot_avl,hfa_neonatal_unit_infrastructure,,text,"Of all baby cots, how many are stationary baby cots without castors? ",,,integer,-1,300,,,y,,,,,
inf_nu_cap_scot_fc,hfa_neonatal_unit_infrastructure,,text,"Of the stationary baby cots, how many are functional for a baby to use? ",,,integer,-1,300,,[inf_nu_cap_scot_avl] >= 1,,,,,,
inf_nu_cap_mat_avl,hfa_neonatal_unit_infrastructure,,yesno,Is there a mattress for every baby cot?,,,,,,,,y,,,,,
inf_nu_cap_mat_num,hfa_neonatal_unit_infrastructure,,text,"If no, how many mattresses are there?",,Count all mattresses.,integer,-1,300,,[inf_nu_cap_mat_avl] = '0',,,,,,
inf_nu_cap_net,hfa_neonatal_unit_infrastructure,,yesno,Do all the baby cots have insecticide treated bednets?,,,,,,,,y,,,,,
inf_nu_cap_cot_dstn,hfa_neonatal_unit_infrastructure,,text,How close to each other are the closest two cots?,,Measure the space between the sides/walls of the two closest cots in centimeters.,integer,-1,200,,,y,,,,,
inf_nu_cap_frq_cot,hfa_neonatal_unit_infrastructure,,radio,"Do you ever have more than one baby per <b>cot</b>? If yes, how often?","1, Frequently | 2, Sometimes | 3, Rarely | 4, Never | 8, Not Applicable (no cot)",Frequently - 2+ times every week; Sometimes - Less than 1 time every week; Rarely - Less than 1 time every month.,,,,,,y,,,,,
inf_nu_cap_frq_rsus,hfa_neonatal_unit_infrastructure,,radio,"Do you ever have more than one baby per <b>radiant warmer</b>? If yes, how often?","1, Frequently | 2, Sometimes | 3, Rarely | 4, Never | 8, Not Applicable (no radiant warmer)",Frequently - 2+ times every week; Sometimes - Less than 1 time every week; Rarely - Less than 1 time every month.,,,,,,y,,,,,
inf_nu_cap_frq_icb,hfa_neonatal_unit_infrastructure,,radio,"Do you ever have more than one baby per <b>incubator</b>? If yes, how often?","1, Frequently | 2, Sometimes | 3, Rarely | 4, Never | 8, Not Applicable (no incubator)",Frequently - 2+ times every week; Sometimes - Less than 1 time every week; Rarely - Less than 1 time every month.,,,,,,y,,,,,
inf_nu_cap_frq_ptu,hfa_neonatal_unit_infrastructure,,radio,"Do you ever have more than one baby per <b>phototherapy light</b>? If yes, how often?","1, Frequently | 2, Sometimes | 3, Rarely | 4, Never | 8, Not Applicable (no phototherapy light)",Frequently - 2+ times every week; Sometimes - Less than 1 time every week; Rarely - Less than 1 time every month.,,,,,,y,,,,,
inf_nu_cap_by_num,hfa_neonatal_unit_infrastructure,,text,How many babies are currently in the neonatal unit?,,Count the number of babies currently in the neonatal unit. <b>Do not count babies in the Kangaroo Mother Care (KMC) unit.</b>,integer,-1,250,,,y,,,,,
inf_nu_cap_byptu_num,hfa_neonatal_unit_infrastructure,,text,How many babies are currently under phototherapy lights in the neonatal unit? ,,Count the number of babies currently under phototherapy lights in the unit.,integer,-1,50,,,y,,,,,
inf_nu_cap_byrsus_num,hfa_neonatal_unit_infrastructure,,text,How many babies are currently under radiant warmers in the neonatal unit?,,Count the number of babies currently under radiant warmers in the unit.,integer,-1,50,,,y,,,,,
inf_nu_cap_byicb_num,hfa_neonatal_unit_infrastructure,,text,How many babies are currently in incubators on the neonatal unit?,,Count the number of babies currently in incubators in the unit.,integer,-1,50,,,y,,,,,
inf_nu_cap_noadm,hfa_neonatal_unit_infrastructure,,yesno,Did you ever refuse admission or refer a neonate to another facility because of inadequate number of beds in your neonatal unit in the last year?,,,,,,,,y,,,,,
inf_nu_cap_pedadm,hfa_neonatal_unit_infrastructure,,yesno,Do you ever admit neonates in the pediatric ward?,,,,,,,,y,,,,,
inf_nu_trf_hed,hfa_neonatal_unit_infrastructure,,descriptive,"<div style=""background-color:#82cdbf;padding:5px"">Transfers</div>",,,,,,,,,,,,,
inf_nu_trf_ld_meth,hfa_neonatal_unit_infrastructure,,checkbox,How do you usually transfer the neonates from the labor ward to the neonatal unit?,"1, Carried by hand | 6, Carried in plastic wrap | 2, Carried by KMC | 3, Carried in an incubator/radiant warmer | 4, Carried in a cot | 5, Other <i>(specify below)</i>",Select all that apply.,,,,,,y,,,,,
inf_nu_trf_ld_othmeth,hfa_neonatal_unit_infrastructure,,text,Specify other method of transfer from labor ward to the neonatal unit:,,,,,,,[inf_nu_trf_ld_meth(5)] = '1',,,,,,
inf_nu_trf_ld_loc,hfa_neonatal_unit_infrastructure,,radio,Is the neonatal unit in the same building as the labor ward?,"1, Yes | 0, No | 9, Not applicable (no labour ward)","Select NO if the units are located in different buildings, even if they are connected by a covered walkway with no walls. If you have to walk outside, the units are located in different buildings.",,,,,,y,,,,,
inf_nu_trf_mor_loc,hfa_neonatal_unit_infrastructure,,radio,Is the neonatal unit in the same building as the maternity theater?,"1, Yes | 0, No | 9, Not applicable (no maternity theater)","Select NO if the units are located in different buildings, even if they are connected by a covered walkway with no walls. If you have to walk outside, the units are located in different buildings.",,,,,,y,,,,,
inf_nu_ar_hed,hfa_neonatal_unit_infrastructure,,descriptive,"<div style=""background-color:#82cdbf;padding:5px"">Dedicated Space Observations</div>",,,,,,,,,,,,,
inf_nu_ar_avl,hfa_neonatal_unit_infrastructure,,checkbox,Which of the following areas do you have in the neonatal unit?,"5, None of the below |1, High risk/acute area | 2, Low risk/stable area | 3, Area for those admitted from outside the facility | 4, Isolation room | 6, Other <i>(specify below)</i>",Read all answer options aloud and select all that apply.,,,,,,y,,,,, @NONEOFTHEABOVE=5
inf_nu_ar_othavl,hfa_neonatal_unit_infrastructure,,text,Please specify other areas you have In your facility's neonatal unit:,,,,,,,[inf_nu_ar_avl(6)] = '1',,,,,,
inf_nu_ar_trg,hfa_neonatal_unit_infrastructure,,radio,Is there a dedicated area for examination and triage when a newborn first arrives in the unit?,"1, Yes | 0, No | 99,  Yes, but not observed",,,,,,,y,,,,,
inf_nu_tmp_hed,hfa_neonatal_unit_infrastructure,,descriptive,"<div style=""background-color:#82cdbf;padding:5px"">Neonatal Unit Temperature</div>",,,,,,,,,,,,,
inf_nu_tmp_ht_typ,hfa_neonatal_unit_infrastructure,,checkbox,"Which, if any, functional heating arrangements are there for the neonatal unit?","0, None | 1, Central heating | 2, Electric space heater | 3, Gas heater | 99, Other (<i>please specify</i>)","This does not include a radiant warmer or heating for neonates. Central heating is a system of heating buildings by warming air or water at one place and then sending it to different rooms through pipes or vents. When combined with other systems to control the building temperature (for example, cooling) the whole system can be an HVAC system. Select all that apply.",,,,,,y,,,,, @NONEOFTHEABOVE=0
inf_nu_tmp_ht_othtyp,hfa_neonatal_unit_infrastructure,,text,Please specify other functional heating arrangements:,,,,,,,[inf_nu_tmp_ht_typ(99)] = '1',,,,,,
inf_nu_tmp_rmht_avl,hfa_neonatal_unit_infrastructure,,text,How many electric space heaters are <b>available</b>?,,,integer,-1,30,,[inf_nu_tmp_ht_typ(2)] = '1',,,,,,
inf_nu_tmp_rmht_fc,hfa_neonatal_unit_infrastructure,,text,How many electric space heaters are <b>functional</b>?,,,integer,-1,30,,[inf_nu_tmp_rmht_avl] >= 1,,,,,,
inf_nu_tmp_rmht_loc,hfa_neonatal_unit_infrastructure,,yesno,<b>For observation only:</b> Are space heaters placed appropriately? ,,"Appropriate placement means there are no cables across the floor, the heaters are at a safe distance from babies, and not touching items that could catch fire.",,,,,[inf_nu_tmp_rmht_avl] >= 1,,,,,,
inf_nu_tmp_thm_avl,hfa_neonatal_unit_infrastructure,,radio,Is there a functional room thermometer within the neonatal unit?,"1, Yes | 0, No | 99, Yes, but not observed",,,,,,,y,,,,,
inf_nu_tmp_thm_num,hfa_neonatal_unit_infrastructure,,text,How many rooms within the neonatal unit have functional room thermometers? ,,,integer,-1,15,,[inf_nu_tmp_thm_avl] >= 1,,,,,,
inf_nu_tmp_thm_1,hfa_neonatal_unit_infrastructure,,text,Ambient room temperature in room 1:,,Enter a number in degrees Celsius to one decimal place.,number_1dp,,,,[inf_nu_tmp_thm_num] >=1,,,,,,
inf_nu_tmp_thm_2,hfa_neonatal_unit_infrastructure,,text,Ambient room temperature in room 2:,,Enter a number in degrees Celsius to one decimal place.,number_1dp,,,,[inf_nu_tmp_thm_num] >=2,,,,,,
inf_nu_tmp_thm_3,hfa_neonatal_unit_infrastructure,,text,Ambient room temperature in room 3:,,Enter a number in degrees Celsius to one decimal place.,number_1dp,,,,[inf_nu_tmp_thm_num] >=3,,,,,,
inf_nu_tmp_thm_4,hfa_neonatal_unit_infrastructure,,text,Ambient room temperature in room 4:,,Enter a number in degrees Celsius to one decimal place.,number_1dp,,,,[inf_nu_tmp_thm_num] >=4,,,,,,
inf_nu_tmp_thm_5,hfa_neonatal_unit_infrastructure,,text,Ambient room temperature in room 5:,,Enter a number in degrees Celsius to one decimal place.,number_1dp,,,,[inf_nu_tmp_thm_num] >=5,,,,,,
inf_nu_tmp_thm_6,hfa_neonatal_unit_infrastructure,,text,Ambient room temperature in room 6:,,Enter a number in degrees Celsius to one decimal place.,number_1dp,,,,[inf_nu_tmp_thm_num] >=6,,,,,,
inf_nu_tmp_thm_7,hfa_neonatal_unit_infrastructure,,text,Ambient room temperature in room 7:,,Enter a number in degrees Celsius to one decimal place.,number_1dp,,,,[inf_nu_tmp_thm_num] >=7,,,,,,
inf_nu_tmp_thm_8,hfa_neonatal_unit_infrastructure,,text,Ambient room temperature in room 8:,,Enter a number in degrees Celsius to one decimal place.,number_1dp,,,,[inf_nu_tmp_thm_num] >=8,,,,,,
inf_nu_tmp_thm_9,hfa_neonatal_unit_infrastructure,,text,Ambient room temperature in room 9:,,Enter a number in degrees Celsius to one decimal place.,number_1dp,,,,[inf_nu_tmp_thm_num] >=9,,,,,,
inf_nu_tmp_thm_10,hfa_neonatal_unit_infrastructure,,text,Ambient room temperature in room 10:,,Enter a number in degrees Celsius to one decimal place.,number_1dp,,,,[inf_nu_tmp_thm_num] >=10,,,,,,
inf_nu_tmp_thm_tm,hfa_neonatal_unit_infrastructure,,text,<b>For observation only:</b> What time was the ambient room temperature observed?,,,time,,,,[inf_nu_tmp_thm_avl] >= 1,,,,,,
inf_nu_tmp_drf,hfa_neonatal_unit_infrastructure,,radio,<b>For observation only:</b> Observe if there is a draught coming from any of the windows (e.g. broken or open window). ,"1, Yes | 0, No",,,,,,,y,,,,,
inf_nu_tmp_drf_com,hfa_neonatal_unit_infrastructure,,notes,Comments on draught from windows:,,,,,,,,,,,,,
inf_nu_lght_hed,hfa_neonatal_unit_infrastructure,,descriptive,"<div style=""background-color:#82cdbf;padding:5px"">Lighting</div>",,,,,,,,,,,,,
inf_nu_lght_adq_dy,hfa_neonatal_unit_infrastructure,,radio,Is there adequate lighting to ensure good illumination during the day?,"1, Yes | 0, No",There should be enough lighting for staff to easily carry out their work and complete any documentation at any time of day.,,,,,,y,,,,,
inf_nu_lght_adq_ngt,hfa_neonatal_unit_infrastructure,,radio,Is there adequate lighting to ensure good illumination during the night?,"1, Yes | 0, No",There should be enough lighting for staff to easily carry out their work and complete any documentation at any time of night.,,,,,,y,,,,,
inf_nu_o2_hed,hfa_neonatal_unit_infrastructure,,descriptive,"<div style=""background-color:#82cdbf;padding:5px"">Medical Gases Systems</div>",,,,,,,,,,,,,
inf_nu_o2_prt_avl,hfa_neonatal_unit_infrastructure,,yesno,Are there any oxygen wall outlets/ports in the neonatal unit? ,,,,,,,,y,,,,,
inf_nu_o2_prt_num,hfa_neonatal_unit_infrastructure,,text,How many oxygen wall outlets/ports are there in the neonatal unit?,,,integer,-1,500,,[inf_nu_o2_prt_avl] = '1',,,,,,
inf_nu_o2_blen_avl,hfa_neonatal_unit_infrastructure,,radio,Is there walled/piped blended oxygen in the neonatal unit?,"1, Yes | 0, No | 99, Yes, but not observed",Blended oxygen is a mixture of medical grade oxygen and room air. It is used to regulate the concentration of oxygen delivered.,,,,,[inf_nu_o2_prt_avl] = '1',,,,,,
inf_nu_o2_med_avl,hfa_neonatal_unit_infrastructure,,radio,Is there walled/piped medical air in the neonatal unit? ,"1, Yes | 0, No | 99, Yes, but not observed","Medical air is a clean supply of compressed or ambient air, which is free of contaminants and impurities.",,,,,[inf_nu_o2_prt_avl] = '1',,,,,,
inf_nu_rnar,hfa_neonatal_unit_infrastructure,,descriptive,"<div style=""background-color:#82cdbf;padding:5px"">Nurses Station</div>",,,,,,,,,,,,,
inf_nu_rnar_avl,hfa_neonatal_unit_infrastructure,,yesno,Is there a nurse's station or staff work area within the neonatal unit?,,,,,,,,y,,,,,
inf_nu_rnar_sit,hfa_neonatal_unit_infrastructure,,yesno,"Is there a place for staff to sit (e.g. chair, bench, <i>not</i> on the floor)?",,,,,,,"[inf_nu_rnar_avl] = ""1""",,,,,,
inf_nu_rnar_by,hfa_neonatal_unit_infrastructure,,yesno,Can the nurses see every baby from the nurses station?,,,,,,,"[inf_nu_rnar_avl] = ""1""",,,,,,
inf_nu_h2o_hed,hfa_neonatal_unit_infrastructure,,descriptive,"<div style=""background-color:#82cdbf;padding:5px"">Water</div>",,,,,,,,,,,,,
inf_nu_h2o_sho,hfa_neonatal_unit_infrastructure,,radio,Is there a time of the year when the neonatal unit routinely has a shortage or lack of water?,"1, Yes | 0, No",,,,,,,y,,,,,
inf_nu_bh2o_avl,hfa_neonatal_unit_infrastructure,,radio,Is there a reliable backup source of water?,"1, Yes | 0, No",Reliable is defined as providing the facility with water supply to meet all its needs while the main water source is not functioning.,,,,,,y,,,,,
inf_nu_fire_hed,hfa_neonatal_unit_infrastructure,,descriptive,"<div style=""background-color:#82cdbf;padding:5px"">Fire Prevention</div>",,,,,,,,,,,,,
inf_nu_fire_avl,hfa_neonatal_unit_infrastructure,,yesno,Is there a fire extinguisher?,,,,,,,,y,,,,,
inf_nu_fire_insp,hfa_neonatal_unit_infrastructure,,radio,Has the fire extinguisher ever been formally inspected for functionality?,"1, Yes | 0, No | 9, Unknown",,,,,,[inf_nu_fire_avl] = '1',,,,,,
inf_nu_fire_insp_dt,hfa_neonatal_unit_infrastructure,,text,When was it last inspected?,,"If a date is unknown, enter 1999/01/01.",date_ymd,,,,[inf_nu_fire_insp] = '1',,,,,,
inf_nu_fire_drl,hfa_neonatal_unit_infrastructure,,radio,Does the facility conduct fire drills at least once per year?,"1, Yes | 0, No | 9, Unknown",,,,,,,y,,,,,
inf_nu_fire_pl,hfa_neonatal_unit_infrastructure,,radio,Does the facility have a neonatal evacuation plan in case of a fire?,"1, Yes | 0, No | 9, Unknown",,,,,,,y,,,,,
inf_nu_drl_hed,hfa_neonatal_unit_infrastructure,,descriptive,"<div style=""background-color:#82cdbf;padding:5px"">Emergency Drills</div>",,,,,,,,,,,,,
inf_nu_drl,hfa_neonatal_unit_infrastructure,,radio,Has there been an emergency care drill on the neonatal unit in the last 12 months?,"1, Yes | 0, No | 9, Unknown",,,,,,,y,,,,,
inf_nu_hed_4,hfa_neonatal_unit_infrastructure,,descriptive,"<div style=""background-color:#82cdbf; padding:5px""></div>",,,,,,,,,,,,,
inf_nu_com,hfa_neonatal_unit_infrastructure,,notes,Comments:,,,,,,,,,,,,,
inf_if_hed_1,hfa_neonatal_unit_infection_prevention_and_control,,descriptive,"<div style=""background-color:#82cdbf; padding:5px""></div>",,,,,,,,,,,,,
inf_if_ban_1,hfa_neonatal_unit_infection_prevention_and_control,,descriptive,,,,,,,,,,,,,,
inf_if_hed_2,hfa_neonatal_unit_infection_prevention_and_control,,descriptive,"<div class=""h4"" style=""background-color:#82cdbf;padding:10px"">Neonatal Unit Infection Prevention and Control</div>",,,,,,,,,,,,,
inf_if_ins_1,hfa_neonatal_unit_infection_prevention_and_control,,descriptive,"<p style=""font-weight:normal""><i><b>INSTRUCTIONS:</b> Direct these questions to the nurse in charge.<br><br> For some questions, you will need to observe the staff or specific items/spaces at the facility. If a guideline is available, continue to ask if it is easily accessible. All guidelines must be seen in order to select ""Yes"" to being available and to being easily accessible. In order to select ""Yes"" to easily accessible the nurse must know where the guideline is stored and be able to retrieve it quickly. Please do not leave any variable blank. If a date is unknown, enter 1999/01/01. If a free text variable is unknown and an answer is required, write ""-1"" for numeric fields and ""unknown"" for text fields. If a multiple-choice variable is unknown, select ""unknown"". 

<b>Prompt:</b> ""Next I'll ask you a few questions about the neonatal unit's infection prevention.""
</i>",,,,,,,,,,,,,
inf_if_gui_hed_1,hfa_neonatal_unit_infection_prevention_and_control,,descriptive,"<div style=""background-color:#82cdbf;padding:5px"">Guidelines</div>",,,,,,,,,,,,,
inf_if_gui_ifp_hed,hfa_neonatal_unit_infection_prevention_and_control,,descriptive,"<div style=""background-color:#fbd0c1;padding:5px"">Infection prevention protocols: Does the facility have...?</div>",,,,,,,,,,,,,
inf_if_gui_ifp_by,hfa_neonatal_unit_infection_prevention_and_control,,radio,Prevention of neonatal infections protocol,"1, Available and easily accessible | 2, Available, but not easily accessible | 0, Not available",,,,,,,,,,ifp,,
inf_if_gui_ifp_hwsh,hfa_neonatal_unit_infection_prevention_and_control,,radio,Handwashing wall chart,"1, Available and easily accessible | 2, Available, but not easily accessible | 0, Not available",,,,,,,,,,ifp,,
inf_if_gui_ifp_nucln,hfa_neonatal_unit_infection_prevention_and_control,,radio,Cleaning the neonatal unit guidelines,"1, Available and easily accessible | 2, Available, but not easily accessible | 0, Not available",,,,,,,,,,ifp,,
inf_if_gui_ifp_eqtcln,hfa_neonatal_unit_infection_prevention_and_control,,radio,Cleaning medical equipment guidelines,"1, Available and easily accessible | 2, Available, but not easily accessible | 0, Not available",,,,,,,,,,ifp,,
inf_if_gui_ifc_hed,hfa_neonatal_unit_infection_prevention_and_control,,descriptive,"<div style=""background-color:#fbd0c1;padding:5px"">Infection control protocols: Does the facility have...?</div>",,,,,,,,,,,,,
inf_if_gui_ifc,hfa_neonatal_unit_infection_prevention_and_control,,radio,Infection control guidelines,"1, Available and easily accessible | 2, Available, but not easily accessible | 0, Not available",,,,,,,,,,ifc,,
inf_if_gui_ifc_dxpl,hfa_neonatal_unit_infection_prevention_and_control,,radio,Early diagnosis and management of neonatal infections protocol,"1, Available and easily accessible | 2, Available, but not easily accessible | 0, Not available",,,,,,,,,,ifc,,
inf_if_gui_ifc_dil,hfa_neonatal_unit_infection_prevention_and_control,,radio,"Drug doses, dilutions and preparations for the neonatal unit guidelines","1, Available and easily accessible | 2, Available, but not easily accessible | 0, Not available",,,,,,,,,,ifc,,
inf_if_gui_ifc_abx,hfa_neonatal_unit_infection_prevention_and_control,,radio,Safe and rational use of antibiotics and other medications based on weight and age guidelines (e.g. antibiotic stewardship),"1, Available and easily accessible | 2, Available, but not easily accessible | 0, Not available",,,,,,,,,,ifc,,
inf_if_gui_ifc_rx,hfa_neonatal_unit_infection_prevention_and_control,,radio,Prescription chart,"1, Available and easily accessible | 2, Available, but not easily accessible | 0, Not available",,,,,,,,,,ifc,,
inf_if_gui_ifc_otbrk,hfa_neonatal_unit_infection_prevention_and_control,,radio,Care of small and sick newborns in outbreak guidelines,"1, Available and easily accessible | 2, Available, but not easily accessible | 0, Not available",,,,,,,,,,ifc,,
inf_if_gui_ifc_ndl,hfa_neonatal_unit_infection_prevention_and_control,,radio,Accidental needle prick protocol,"1, Available and easily accessible | 2, Available, but not easily accessible | 0, Not available",,,,,,,,,,ifc,,
inf_if_surv_hed,hfa_neonatal_unit_infection_prevention_and_control,,descriptive,"<div style=""background-color:#82cdbf;padding:5px"">Surveillance</div>",,,,,,,,,,,,,
inf_if_surv_eqt,hfa_neonatal_unit_infection_prevention_and_control,,yesno,"Is surveillance conducted for device-associated infections (for example, catheter-associated urinary tract infections, central line-associated bloodstream infections)?",,,,,,,,y,,,,,
inf_if_surv_aqif,hfa_neonatal_unit_infection_prevention_and_control,,yesno,Is surveillance conducted for hospital-acquired infection outbreaks for neonates?,,,,,,,,y,,,,,
inf_if_hh_hed_1,hfa_neonatal_unit_infection_prevention_and_control,,descriptive,"<div style=""background-color:#82cdbf;padding:5px"">Hand Hygiene Policies</div>",,,,,,,,,,,,,
inf_if_hh_gui_hwsh,hfa_neonatal_unit_infection_prevention_and_control,,yesno,Is there a policy for staff to wash their hands with soap before or immediately upon entry to the neonatal unit?,,,,,,,,y,,,,,
inf_if_hh_gui_abhs,hfa_neonatal_unit_infection_prevention_and_control,,yesno,Is there a policy for staff to use hand sanitizer before or immediately upon entry to the neonatal unit?,,,,,,,,y,,,,,
inf_if_hh_gui_vis,hfa_neonatal_unit_infection_prevention_and_control,,yesno,Is there a policy for visitors to wash their hands with soap and/or use hand sanitizer before or immediately upon entry to the neonatal unit?,,,,,,,,,,,,,
inf_if_hh_entn_hed,hfa_neonatal_unit_infection_prevention_and_control,,descriptive,"<div style=""background-color:#fbd0c1;padding:5px"">Hand Hygiene <b>before or immediately at the entrance</b> to the neonatal unit</div>",,,,,,,,,,,,,
inf_if_hh_entn_avl,hfa_neonatal_unit_infection_prevention_and_control,,yesno,Are hand hygiene options available <b>before or immediately at the entrance</b> to the neonatal unit?,,,,,,,,y,,,,,
inf_if_hh_entn_typ,hfa_neonatal_unit_infection_prevention_and_control,,checkbox,What hand hygiene options are available <b>before or immediately at the entrance</b> to the neonatal unit? ,"1, Sink with soap | 2, Sink without soap | 3, Sink with hand sanitizer | 4, Free-standing hand sanitizer or alcohol-based rub | 5, Bucket | 99, Other <i>(specify below)</i>",Select all that apply.,,,,,[inf_if_hh_entn_avl] = '1',,,,,,
inf_if_hh_entn_othtyp,hfa_neonatal_unit_infection_prevention_and_control,,text,Please specify other hand hygiene options available:,,,,,,,[inf_if_hh_entn_typ(99)] = '1',,,,,,
inf_if_hh_entn_h20_nw,hfa_neonatal_unit_infection_prevention_and_control,,checkbox,How are water taps <b>before or immediately at the entrance</b> operated?,"1, Hand | 2, Elbow | 3, Foot | 4, Knee | 9, Not applicable (no taps)",Select all that apply.,,,,,([inf_if_hh_entn_typ(1)] = '1' or [inf_if_hh_entn_typ(3)] = '1' or [inf_if_hh_entn_typ(2)] = '1' or [inf_if_hh_entn_typ(5)] = '1' or [inf_if_hh_entn_typ(99)] = '1'),,,,,, @NONEOFTHEABOVE=9
inf_if_hh_entn_dry,hfa_neonatal_unit_infection_prevention_and_control,,checkbox,"What, if any, options for hand drying are available <b>before or immediately at the entrance</b> to the neonatal unit?","0, None | 1, Single use hand drying towels | 2, Cloth towel | 3, Electric hand dryer | 99, Other <i>(specify below)</i>",Select all that apply.,,,,,,y,,,,, @NONEOFTHEABOVE=0
inf_if_hh_entn_othdry,hfa_neonatal_unit_infection_prevention_and_control,,text,Please specify other hand drying options available:,,,,,,,[inf_if_hh_entn_dry(99)] = '1',,,,,,
inf_if_hh_entr_hed,hfa_neonatal_unit_infection_prevention_and_control,,descriptive,"<div style=""background-color:#fbd0c1;padding:5px"">Hand Hygiene <b>before entry to and in each room</b> in the neonatal unit</div>",,,,,,,,,,,,,
inf_if_hh_entr_avl,hfa_neonatal_unit_infection_prevention_and_control,,radio,Are hand hygiene options available <b>before entry to and in each room</b> in the neonatal unit?,"1, All rooms | 2, Some rooms | 0, No rooms",,,,,,,y,,,,,
inf_if_hh_hed_2,hfa_neonatal_unit_infection_prevention_and_control,,descriptive,"<div style=""background-color:#fbd0c1;padding:5px"">All Sinks</div>",,,,,,,,,,,,,
inf_if_hh_snk,hfa_neonatal_unit_infection_prevention_and_control,,radio,<b>For observation only:</b> Are all of the sinks functioning?,"1, All sinks | 2, Some sinks | 0, No sinks","All sinks should have running water, not be clogged up, and not have leaks.",,,,,,y,,,,,
inf_if_hh_spdil,hfa_neonatal_unit_infection_prevention_and_control,,radio,Have liquid soaps been diluted with water?,"1, All | 2, Some | 0, None | 9, Not applicable (no soap)",Observe all soaps in the neonatal unit.,,,,,,,,,,,
inf_if_tl_hed,hfa_neonatal_unit_infection_prevention_and_control,,descriptive,"<div style=""background-color:#82cdbf;padding:5px"">Toilets/Latrines</div>",,,,,,,,,,,,,
inf_if_tl_avl,hfa_neonatal_unit_infection_prevention_and_control,,checkbox,Are there toilets for staff or caretaker/guardian use?,"0, No toilets | 1, Yes, separate toilet for staff | 2, Yes, separate toilet for caretaker/guardian | 3, Yes, shared toilet for staff and caretaker/guardian ",Select all that apply.,,,,,,y,,,,, @NONEOFTHEABOVE=0
inf_if_tl_hr_hed,hfa_neonatal_unit_infection_prevention_and_control,,descriptive,"<div style=""background-color:#fbd0c1;padding:5px"">Separate Staff Toilet</div>",,,,,,,[inf_if_tl_avl(1)] = '1',,,,,,
inf_if_tl_hr_acc_now,hfa_neonatal_unit_infection_prevention_and_control,,yesno,Can staff access the toilet at the time of the visit?,,,,,,,[inf_if_tl_avl(1)] = '1',,,,,,
inf_if_tl_hr_acc_24h,hfa_neonatal_unit_infection_prevention_and_control,,yesno,Can staff access the toilet 24 hours per day 7 days per week?,,,,,,,[inf_if_tl_avl(1)] = '1',,,,,,
inf_if_tl_hr_fc,hfa_neonatal_unit_infection_prevention_and_control,,radio,Is the toilet for staff use visibly clean and functional?,"1, Yes | 0, No | 99, Yes, but not observed",Functioning means that it does not require any maintenance for appropriate use.,,,,,[inf_if_tl_avl(1)] = '1',,,,,,
inf_if_tl_hr_hh_avl,hfa_neonatal_unit_infection_prevention_and_control,,checkbox,What hand hygiene options are available in the staff toilet?,"0, None | 1, Sink with soap | 2, Sink without soap | 3, Sink with hand sanitizer | 4, Free-standing hand sanitizer or alcohol-based rub | 5, Bucket | 99, Other <i>(specify below)</i>",Select all that apply.,,,,,[inf_if_tl_avl(1)] = '1',,,,,, @NONEOFTHEABOVE=0
inf_if_tl_hr_othhh,hfa_neonatal_unit_infection_prevention_and_control,,text,Please specify other hand hygiene options available:,,,,,,,[inf_if_tl_hr_hh_avl(99)] = '1',,,,,,
inf_if_tl_hr_dry,hfa_neonatal_unit_infection_prevention_and_control,,checkbox,"What, if any, options for hand drying are available in the staff toilet?","0, None | 1, Single use hand drying towels | 2, Cloth towel | 3, Electric hand dryer | 99, Other <i>(specify below)</i>",Select all that apply.,,,,,[inf_if_tl_avl(1)] = '1',,,,,, @NONEOFTHEABOVE=0
inf_if_tl_hr_othdry,hfa_neonatal_unit_infection_prevention_and_control,,text,Please specify other hand drying options available:,,,,,,,[inf_if_tl_hr_dry(99)] = '1',,,,,,
inf_if_tl_hr_loc,hfa_neonatal_unit_infection_prevention_and_control,,radio,Location of nearest toilet for staff use from the neonatal unit:,"1, Neonatal unit | 2, Postnatal unit | 4, Kangaroo Mother Care (KMC) unit | 3, Elsewhere in facility | 0, Not on premises",,,,,,[inf_if_tl_avl(1)] = '1',,,,,,
inf_if_tl_hr_typ,hfa_neonatal_unit_infection_prevention_and_control,,radio,What type of toilet or latrine is it?,"1, Flush or pour flush toilet | 2, Ventilated improved pit latrine | 3, Pit latrine with slab | 4, Pit latrine without slab/open pit | 5, Composting toilet | 7, Unknown | 6, Other <i>(specify below)</i>",,,,,,[inf_if_tl_avl(1)] = '1',,,,,,
inf_if_tl_hr_othtyp,hfa_neonatal_unit_infection_prevention_and_control,,text,Please specify other type of toilet:,,,,,,,[inf_if_tl_hr_typ] = '6',,,,,,
inf_if_tl_hr_cln,hfa_neonatal_unit_infection_prevention_and_control,,radio,How often are toilets for staff use cleaned?,"1, Daily | 2, Weekly | 3, Irregularly | 0, Never | 99, Other <i>(specify below)</i>",,,,,,[inf_if_tl_avl(1)] = '1',,,,,,
inf_if_tl_hr_othcln,hfa_neonatal_unit_infection_prevention_and_control,,text,Please specify other frequency of cleaning:,,,,,,,[inf_if_tl_hr_cln] = '99',,,,,,
inf_if_tl_hr_rot,hfa_neonatal_unit_infection_prevention_and_control,,radio,Is there a rota of times they are cleaned?,"1, Yes | 0, No | 99, Yes, but not observed",,,,,,[inf_if_tl_avl(1)] = '1',,,,,,
inf_if_tl_hr_rotcdr,hfa_neonatal_unit_infection_prevention_and_control,,yesno,Is there a dedicated person whose job it is to clean the staff toilets?  ,,,,,,,[inf_if_tl_avl(1)] = '1',,,,,,
inf_if_tl_fam_hed,hfa_neonatal_unit_infection_prevention_and_control,,descriptive,"<div style=""background-color:#fbd0c1;padding:5px"">Separate Caretaker/Guardian Toilet</div>",,,,,,,[inf_if_tl_avl(2)] = '1',,,,,,
inf_if_tl_fam_acc_now,hfa_neonatal_unit_infection_prevention_and_control,,yesno,Can caretakers/guardians access the toilet at the time of the visit?,,,,,,,[inf_if_tl_avl(2)] = '1',,,,,,
inf_if_tl_fam_acc_typ,hfa_neonatal_unit_infection_prevention_and_control,,checkbox,Which family members are permitted to use the toilet?,"1, Mother | 2, Father | 3, Grandmother | 4, Caretaker/Guardian | 99, Other <i>(specify below)</i>",Select all that apply.,,,,,[inf_if_tl_avl(2)] = '1',,,,,,
inf_if_tl_fam_acc_othtyp,hfa_neonatal_unit_infection_prevention_and_control,,text,Please specify other family members permitted to use the toilet:,,,,,,,[inf_if_tl_fam_acc_typ(99)] = '1',,,,,,
inf_if_tl_fam_acc_24h,hfa_neonatal_unit_infection_prevention_and_control,,yesno,Can caretakers/guardians access the toilet 24 hours per day 7 days per week?,,,,,,,[inf_if_tl_avl(2)] = '1',,,,,,
inf_if_tl_fam_fc,hfa_neonatal_unit_infection_prevention_and_control,,radio,Is the toilet for caretaker/guardian use visibly clean and functional?,"1, Yes | 0, No | 99, Yes, but not observed",Functioning means that it does not require any maintenance for appropriate use.,,,,,[inf_if_tl_avl(2)] = '1',,,,,,
inf_if_tl_fam_hh_avl,hfa_neonatal_unit_infection_prevention_and_control,,checkbox,What hand hygiene options are available in the caretaker/guardian toilet?,"0, None | 1, Sink with soap | 2, Sink without soap | 3, Sink with hand sanitizer | 4, Free-standing hand sanitizer or alcohol-based rub | 5, Bucket | 99, Other <i>(specify below)</i>",Select all that apply.,,,,,[inf_if_tl_avl(2)] = '1',,,,,, @NONEOFTHEABOVE=0
inf_if_tl_fam_othhh,hfa_neonatal_unit_infection_prevention_and_control,,text,Please specify other hand hygiene options available:,,,,,,,[inf_if_tl_fam_hh_avl(99)] = '1',,,,,,
inf_if_tl_fam_dry,hfa_neonatal_unit_infection_prevention_and_control,,checkbox,"What, if any, options for hand drying are available in the caretaker/guardian toilet?","0, None | 1, Single use hand drying towels | 2, Cloth towel | 3, Electric hand dryer | 99, Other <i>(specify below)</i>",Select all that apply.,,,,,[inf_if_tl_avl(2)] = '1',,,,,, @NONEOFTHEABOVE=0
inf_if_tl_fam_othdry,hfa_neonatal_unit_infection_prevention_and_control,,text,Please specify other hand drying options available:,,,,,,,[inf_if_tl_fam_dry(99)] = '1',,,,,,
inf_if_tl_fam_loc,hfa_neonatal_unit_infection_prevention_and_control,,radio,Location of nearest toilet for caretaker/guardian use from the neonatal unit:,"1, Neonatal unit | 2, Postnatal unit | 4, Kangaroo Mother Care (KMC) unit | 3, Elsewhere in facility | 0, Not on premises",,,,,,[inf_if_tl_avl(2)] = '1',,,,,,
inf_if_tl_fam_typ,hfa_neonatal_unit_infection_prevention_and_control,,radio,What type of toilet or latrine is it?,"1, Flush or pour flush toilet | 2, Ventilated improved pit latrine | 3, Pit latrine with slab | 4, Pit latrine without slab/open pit | 5, Composting toilet | 7, Unknown | 6, Other <i>(specify below)</i>",,,,,,[inf_if_tl_avl(2)] = '1',,,,,,
inf_if_tl_fam_othtyp,hfa_neonatal_unit_infection_prevention_and_control,,text,Please specify other type of toilet:,,,,,,,[inf_if_tl_fam_typ] = '6',,,,,,
inf_if_tl_fam_cln,hfa_neonatal_unit_infection_prevention_and_control,,radio,How often are toilets for caretaker/guardian use cleaned?,"1, Daily | 2, Weekly | 3, Irregularly | 0, Never | 99, Other <i>(specify below)</i>",,,,,,[inf_if_tl_avl(2)] = '1',,,,,,
inf_if_tl_fam_othcln,hfa_neonatal_unit_infection_prevention_and_control,,text,Please specify other frequency of cleaning:,,,,,,,[inf_if_tl_fam_cln] = '99',,,,,,
inf_if_tl_fam_rot,hfa_neonatal_unit_infection_prevention_and_control,,radio,Is there a rota of times they are cleaned?,"1, Yes | 0, No | 99, Yes, but not observed",,,,,,[inf_if_tl_avl(2)] = '1',,,,,,
inf_if_tl_fam_rotcdr,hfa_neonatal_unit_infection_prevention_and_control,,yesno,Is there a dedicated person whose job it is to clean the caretaker/guardian toilets?  ,,,,,,,[inf_if_tl_avl(2)] = '1',,,,,,
inf_if_tl_hrfam_hed,hfa_neonatal_unit_infection_prevention_and_control,,descriptive,"<div style=""background-color:#fbd0c1;padding:5px"">Shared Staff and Caretaker/Guardian Toilet</div>",,,,,,,[inf_if_tl_avl(3)] = '1',,,,,,
inf_if_tl_hrfam_acc_now,hfa_neonatal_unit_infection_prevention_and_control,,yesno,Can staff and caretakers/guardians access the shared toilet at the time of the visit?,,,,,,,[inf_if_tl_avl(3)] = '1',,,,,,
inf_if_tl_hrfam_acc_typ,hfa_neonatal_unit_infection_prevention_and_control,,checkbox,Which family members are permitted to use the shared toilet?,"1, Mother | 2, Father | 3, Grandmother | 4, Caretaker/Guardian | 99, Other <i>(specify below)</i>",Select all that apply.,,,,,[inf_if_tl_avl(3)] = '1',,,,,,
inf_if_tl_hrfam_acc_othtyp,hfa_neonatal_unit_infection_prevention_and_control,,text,Please specify other family members permitted to use the shared toilet:,,,,,,,[inf_if_tl_hrfam_acc_typ(99)] = '1',,,,,,
inf_if_tl_hrfam_acc_24h,hfa_neonatal_unit_infection_prevention_and_control,,yesno,Can staff and caretakers/guardians access the shared toilet 24 hours per day 7 days per week?,,,,,,,[inf_if_tl_avl(3)] = '1',,,,,,
inf_if_tl_hrfam_fc,hfa_neonatal_unit_infection_prevention_and_control,,radio,Is the shared toilet for staff and caretaker/guardian use visibly clean and functional?,"1, Yes | 0, No | 99, Yes, but not observed",Functioning means that it does not require any maintenance for appropriate use.,,,,,[inf_if_tl_avl(3)] = '1',,,,,,
inf_if_tl_hrfam_hh_avl,hfa_neonatal_unit_infection_prevention_and_control,,checkbox,What hand hygiene options are available in the shared toilet?,"0, None | 1, Sink with soap | 2, Sink without soap | 3, Sink with hand sanitizer | 4, Free-standing hand sanitizer or alcohol-based rub | 5, Bucket | 99, Other <i>(specify below)</i>",Select all that apply.,,,,,[inf_if_tl_avl(3)] = '1',,,,,, @NONEOFTHEABOVE=0
inf_if_tl_hrfam_othhh,hfa_neonatal_unit_infection_prevention_and_control,,text,Please specify other hand hygiene options available:,,,,,,,[inf_if_tl_hrfam_hh_avl(99)] = '1',,,,,,
inf_if_tl_hrfam_dry,hfa_neonatal_unit_infection_prevention_and_control,,checkbox,"What, if any, options for hand drying are available in the staff and caretaker/guardian toilet?","0, None | 1, Single use hand drying towels | 2, Cloth towel | 3, Electric hand dryer | 99, Other <i>(specify below)</i>",Select all that apply.,,,,,[inf_if_tl_avl(3)] = '1',,,,,, @NONEOFTHEABOVE=0
inf_if_tl_hrfam_othdry,hfa_neonatal_unit_infection_prevention_and_control,,text,Please specify other hand drying options available:,,,,,,,[inf_if_tl_hrfam_dry(99)] = '1',,,,,,
inf_if_tl_hrfam_loc,hfa_neonatal_unit_infection_prevention_and_control,,radio,Location of nearest shared toilet for staff and caretaker/guardian use from the neonatal unit:,"1, Neonatal unit | 2, Postnatal unit | 4, Kangaroo Mother Care (KMC) unit | 3, Elsewhere in facility | 0, Not on premises",,,,,,[inf_if_tl_avl(3)] = '1',,,,,,
inf_if_tl_hrfam_typ,hfa_neonatal_unit_infection_prevention_and_control,,radio,What type of toilet or latrine is it?,"1, Flush or pour flush toilet | 2, Ventilated improved pit latrine | 3, Pit latrine with slab | 4, Pit latrine without slab/open pit | 5, Composting toilet | 7, Unknown | 6, Other <i>(specify below)</i>",,,,,,[inf_if_tl_avl(3)] = '1',,,,,,
inf_if_tl_hrfam_othtyp,hfa_neonatal_unit_infection_prevention_and_control,,text,Please specify other type of toilet:,,,,,,,[inf_if_tl_hrfam_typ] = '6',,,,,,
inf_if_tl_hrfam_cln,hfa_neonatal_unit_infection_prevention_and_control,,radio,How often are shared toilets cleaned?,"1, Daily | 2, Weekly | 3, Irregularly | 0, Never | 99, Other <i>(specify below)</i>",,,,,,[inf_if_tl_avl(3)] = '1',,,,,,
inf_if_tl_hrfam_othcln,hfa_neonatal_unit_infection_prevention_and_control,,text,Please specify other frequency of cleaning:,,,,,,,[inf_if_tl_hrfam_cln] = '99',,,,,,
inf_if_tl_hrfam_rot,hfa_neonatal_unit_infection_prevention_and_control,,radio,Is there a rota of times they are cleaned?,"1, Yes | 0, No | 99, Yes, but not observed",,,,,,[inf_if_tl_avl(3)] = '1',,,,,,
inf_if_tl_hrfam_rotcdr,hfa_neonatal_unit_infection_prevention_and_control,,yesno,Is there a dedicated person whose job it is to clean the shared toilets?  ,,,,,,,[inf_if_tl_avl(3)] = '1',,,,,,
inf_if_strl_hed,hfa_neonatal_unit_infection_prevention_and_control,,descriptive,"<div style=""background-color:#82cdbf;padding:5px"">Sterilisation and Equipment Disinfection</div>",,,,,,,,,,,,,
inf_if_strl_areqt_avl,hfa_neonatal_unit_infection_prevention_and_control,,radio,Is there an area for cleaning and disinfecting supplies and equipment on the neonatal unit?,"1, Yes | 0, No | 99, Yes, but not observed",,,,,,,y,,,,,
inf_if_strl_buc,hfa_neonatal_unit_infection_prevention_and_control,,radio,Are disinfection buckets available on the day of the visit?  ,"1, Yes | 0, No | 99, Yes, but not observed",,,,,,,y,,,,,
inf_if_strl_areqt_typ,hfa_neonatal_unit_infection_prevention_and_control,,checkbox,What areas are there for cleaning and disinfecting supplies and equipment on the neonatal unit?,"0, None | 1, Separate sluice or soiled utility room | 2, Separate sink used exclusively for supplies and equipment | 3, Sink, but shared for hand washing | 4, Disinfection bucket | 99, Other <i>(specify below)</i>",Select all that apply.,,,,,[inf_if_strl_areqt_avl] >= 1,,,,,, @NONEOFTHEABOVE=0
inf_if_strl_areqt_othtyp,hfa_neonatal_unit_infection_prevention_and_control,,text,Please specify other areas for cleaning and disinfecting supplies and equipment:,,,,,,,[inf_if_strl_areqt_typ(99)] = '1',,,,,,
inf_if_strl_ar_avl,hfa_neonatal_unit_infection_prevention_and_control,,radio,Is there a space for sterilisation?,"1, Yes | 0, No | 99, Yes, but not observed","For example, space for dry heat, steam, electric boiler, steamer, non-electrics with cover for boiling and steaming & drum and stand.",,,,,,y,,,,,
inf_if_strl_sto_avl,hfa_neonatal_unit_infection_prevention_and_control,,radio,"Is there a storage space on the neonatal unit for supplies, including linen, clinical supplies, and general equipment? ","1, Yes | 0, No",,,,,,,y,,,,,
inf_if_strl_sto_cln,hfa_neonatal_unit_infection_prevention_and_control,,yesno,"<b>For observation only:</b> Is the storage space clean and tidy, and organised?",,"Items should be neatly stacked, easily visible, and accessible, the space should not be over filled, and it should be free of spills.",,,,,[inf_if_strl_sto_avl] = '1',,,,,,
inf_if_vnt_hed,hfa_neonatal_unit_infection_prevention_and_control,,descriptive,"<div style=""background-color:#82cdbf;padding:5px"">Ventilation</div>",,,,,,,,,,,,,
inf_if_vnt_avl_new,hfa_neonatal_unit_infection_prevention_and_control,,radio,Is there a functioning air filtration system to prevent risk of airborne infection?,"1, Yes | 0, No",An air filtration system can include any freestanding equipment or building system that filters the air in the neonatal unit.,,,,,,y,,,,,
inf_if_wst_hed,hfa_neonatal_unit_infection_prevention_and_control,,descriptive,"<div style=""background-color:#82cdbf;padding:5px"">Waste Management</div>",,,,,,,,,,,,,
inf_if_wst_incin,hfa_neonatal_unit_infection_prevention_and_control,,radio,"Is there a functioning incinerator (e.g. burn in incinerator, non-burning incinerator, off-site incineration)?","1, Yes | 0, No | 99, Yes, but not observed",May be shared with other units.,,,,,,y,,,,,
inf_if_wst_bin_avl,hfa_neonatal_unit_infection_prevention_and_control,,checkbox,What types of separate covered waste bins are available on the neonatal unit?,"1, Puncture-proofs sharps container | 2, Contaminated waste (red) | 3, Discarded medicines (black) | 4, Anatomical/human waste (yellow) | 5, Glass (blue) | 6, General trash bin | 99, Other <i>(specify below)</i>",Select all that apply.,,,,,,y,,,,,
inf_if_wst_bin_oth,hfa_neonatal_unit_infection_prevention_and_control,,text,Please specify other waste bins available:,,,,,,,[inf_if_wst_bin_avl(99)] = '1',,,,,,
inf_if_wst_bin_adq,hfa_neonatal_unit_infection_prevention_and_control,,radio,<b>For observation only:</b> Are waste bins used appropriately on the day of the visit? ,"1, All | 2, Some | 0, None","Appropriate use of waste bins includes the covering of bins with a lid, correct designation of waste, and bins not overflowing.",,,,,[inf_if_wst_bin_avl(1)] = '1' or [inf_if_wst_bin_avl(2)] = '1' or [inf_if_wst_bin_avl(3)] = '1' or [inf_if_wst_bin_avl(4)] = '1' or [inf_if_wst_bin_avl(5)] = '1' or [inf_if_wst_bin_avl(6)] = '1' or [inf_if_wst_bin_avl(99)] = '1',,,,,,
inf_if_wst_col,hfa_neonatal_unit_infection_prevention_and_control,,yesno,Is trash collected at least once per day from the neonatal unit?,,,,,,,,y,,,,,
inf_if_wst_cdr,hfa_neonatal_unit_infection_prevention_and_control,,yesno,Are there designated staff for waste handling?,,,,,,,,y,,,,,
inf_if_wst_sto,hfa_neonatal_unit_infection_prevention_and_control,,radio,Is there storage space for soiled utility? ,"1, Yes | 0, No",,,,,,,y,,,,,
inf_if_wst_nu_cln,hfa_neonatal_unit_infection_prevention_and_control,,yesno,<b>For observation only:</b> Can you see any liquid spills or trash on the floor in the neonatal unit?,,,,,,,,y,,,,,
inf_if_wst_verm,hfa_neonatal_unit_infection_prevention_and_control,,yesno,"Do you ever see any vermin like mice or cockroaches, or animal feces on the neonatal unit?",,,,,,,,y,,,,,
inf_if_wst_hrar,hfa_neonatal_unit_infection_prevention_and_control,,yesno,Is there a staff rest area (e.g. tea room)?,,,,,,,,y,,,,,
inf_if_wst_fd,hfa_neonatal_unit_infection_prevention_and_control,,yesno,Is food allowed in patient areas?,,,,,,,,y,,,,,
inf_if_itm_hed,hfa_neonatal_unit_infection_prevention_and_control,,descriptive,"<div style=""background-color:#82cdbf;padding:5px"">Personal Items</div>",,,,,,,,,,,,,
inf_if_itm_uni_num,hfa_neonatal_unit_infection_prevention_and_control,,text,How many neonatal unit uniforms do you own?,,,integer,-1,15,,,y,,,,,
inf_if_itm_ar,hfa_neonatal_unit_infection_prevention_and_control,,radio,"Is there a place for staff to leave their personal items (e.g. lockers, cubbies, etc.)?","1, Yes | 0, No | 99, Yes, but not observed",,,,,,,y,,,,,
inf_if_itm_ph_hr,hfa_neonatal_unit_infection_prevention_and_control,,radio,Are staff mobile phones allowed in the neonatal unit?,"1, Yes, any phones | 2, Yes, if disinfected before entry | 0, No | 9, No regulations for mobile phones",,,,,,,y,,,,,
inf_if_itm_ph_fam,hfa_neonatal_unit_infection_prevention_and_control,,radio,Are caretaker/guardian mobile phones allowed in the neonatal unit?,"1, Yes, any phones | 2, Yes, if disinfected before entry | 0, No | 9, No regulations for mobile phones",,,,,,,y,,,,,
inf_if_hed_4,hfa_neonatal_unit_infection_prevention_and_control,,descriptive,"<div style=""background-color:#82cdbf; padding:5px""></div>",,,,,,,,,,,,,
inf_if_com,hfa_neonatal_unit_infection_prevention_and_control,,notes,Comments:,,,,,,,,,,,,,
inf_elc_hed_1,hfa_neonatal_unit_electricity,,descriptive,"<div style=""background-color:#82cdbf; padding:5px""></div>",,,,,,,,,,,,,
inf_elc_ban_1,hfa_neonatal_unit_electricity,,descriptive,,,,,,,,,,,,,,
inf_elc_hed_2,hfa_neonatal_unit_electricity,,descriptive,"<div class=""h4"" style=""background-color:#82cdbf;padding:10px"">Neonatal Unit Electricity (Nurse)</div>",,,,,,,,,,,,,
inf_elc_ins_1,hfa_neonatal_unit_electricity,,descriptive,"<p style=""font-weight:normal""><i><b>INSTRUCTIONS:</b> Direct these questions to the nurse in charge.

For some questions, you will need to observe the staff or specific items/spaces at the facility. Please do not leave any variable blank. If a free text variable is unknown and an answer is required, write ""-1"" for numeric fields and ""unknown"" for text fields. If a multiple-choice variable is unknown, select ""unknown"". </i>
</p>",,,,,,,,,,,,,
inf_elc_gen_hed,hfa_neonatal_unit_electricity,,descriptive,"<div style=""background-color:#fbd0c1;padding:5px"">Fuel-operated Generator</div>",,,,,,,,,,,,,
inf_elc_gen,hfa_neonatal_unit_electricity,,radio,Does this facility have a fuel-operated generator?,"1, Yes | 0, No | 99, Yes, but not observed",,,,,,,y,,,,,
inf_elc_gen_avl,hfa_neonatal_unit_electricity,,yesno,Is the neonatal unit covered by this generator?,,,,,,,[inf_elc_gen] = '1' or [inf_elc_gen] = '99',,,,,,
inf_elc_gen_exc,hfa_neonatal_unit_electricity,,radio,Does this generator exclusively cover the neonatal unit?,"1, Yes | 0, No | 9, Unknown",,,,,,[inf_elc_gen_avl] = '1',,,,,,
inf_elc_gen_lght,hfa_neonatal_unit_electricity,,radio,What neonatal unit <b>lighting</b> does the fuel-operated generator cover?,"1, All lighting | 2, Some lighting | 0, No lighting",,,,,,[inf_elc_gen_avl] = '1',,,,,,
inf_elc_gen_eqt,hfa_neonatal_unit_electricity,,radio,What neonatal unit <b>equipment</b> does the fuel-operated generator cover? ,"1, All equipment | 2, Some equipment | 0, No equipment",,,,,,[inf_elc_gen_avl] = '1',,,,,,
inf_elc_gen_eqtdes_new,hfa_neonatal_unit_electricity,,checkbox,Specify what neonatal unit equipment is powered by the fuel-operated generator:,"1, Oxygen Concentrator | 2, Oxygen Flow Splitter | 3, CPAP | 6, Suction Pump | 7, Syringe Pump | 8, Phototherapy Light | 9, Radiant Warmer | 11, Incubator | 10, Other <i>(specify below)</i>",Select all that apply.,,,,,[inf_elc_gen_eqt] = '2',,,,,,
inf_elc_gen_eqtdes_oth,hfa_neonatal_unit_electricity,,text,Please specify other equipment powered by the fuel-operated generator:,,,,,,,[inf_elc_gen_eqtdes_new(10)] = '1',,,,,,
inf_elc_bat_hed,hfa_neonatal_unit_electricity,,descriptive,"<div style=""background-color:#fbd0c1;padding:5px"">Battery Inverter</div>",,,,,,,,,,,,,
inf_elc_bat,hfa_neonatal_unit_electricity,,radio,Does this facility have a battery inverter?,"1, Yes | 0, No | 99, Yes, but not observed",,,,,,,y,,,,,
inf_elc_bat_avl,hfa_neonatal_unit_electricity,,yesno,Is the neonatal unit covered by the battery inverter?,,,,,,,[inf_elc_bat] = '1' or [inf_elc_bat] = '99',,,,,,
inf_elc_bat_exc,hfa_neonatal_unit_electricity,,radio,Does the battery inverter exclusively cover the neonatal unit?,"1, Yes | 0, No | 9, Unknown",,,,,,[inf_elc_bat_avl] = '1',,,,,,
inf_elc_bat_lght,hfa_neonatal_unit_electricity,,radio,What neonatal unit <b>lighting</b> does the battery inverter cover?,"1, All lighting | 2, Some lighting | 0, No lighting",,,,,,[inf_elc_bat_avl] = '1',,,,,,
inf_elc_bat_eqt,hfa_neonatal_unit_electricity,,radio,What neonatal unit <b>equipment</b> does the battery inverter cover?,"1, All equipment | 2, Some equipment | 0, No equipment",,,,,,[inf_elc_bat_avl] = '1',,,,,,
inf_elc_bat_eqtdes_new,hfa_neonatal_unit_electricity,,checkbox,Specify what neonatal unit equipment is powered by the battery inverter:,"1, Oxygen Concentrator | 2, Oxygen Flow Splitter | 3, CPAP | 6, Suction Pump | 7, Syringe Pump | 8, Phototherapy Light | 9, Radiant Warmer | 11, Incubator | 10, Other <i>(specify below)</i>",Select all that apply.,,,,,[inf_elc_bat_eqt] = '2',,,,,,
inf_elc_bat_eqtdes_oth,hfa_neonatal_unit_electricity,,text,Please specify other equipment powered by the battery inverter:,,,,,,,[inf_elc_bat_eqtdes_new(10)] = '1',,,,,,
inf_elc_sol_hed,hfa_neonatal_unit_electricity,,descriptive,"<div style=""background-color:#fbd0c1;padding:5px"">Solar Power</div>",,,,,,,,,,,,,
inf_elc_sol,hfa_neonatal_unit_electricity,,radio,Does this facility have solar power?,"1, Yes | 0, No | 99, Yes, but not observed",,,,,,,y,,,,,
inf_elc_sol_avl,hfa_neonatal_unit_electricity,,yesno,Is the neonatal unit covered by solar power?,,,,,,,[inf_elc_sol] = '1' or [inf_elc_sol] = '99',,,,,,
inf_elc_sol_exc,hfa_neonatal_unit_electricity,,radio,Does the solar power exclusively cover the neonatal unit?,"1, Yes | 0, No | 9, Unknown",,,,,,[inf_elc_sol_avl] = '1',,,,,,
inf_elc_sol_lght,hfa_neonatal_unit_electricity,,radio,What neonatal unit <b>lighting</b> does the solar power cover?,"1, All lighting | 2, Some lighting | 0, No lighting",,,,,,[inf_elc_sol_avl] = '1',,,,,,
inf_elc_sol_eqt,hfa_neonatal_unit_electricity,,radio,What neonatal unit <b>equipment</b> does the solar power cover? ,"1, All equipment | 2, Some equipment | 0, No equipment",,,,,,[inf_elc_sol_avl] = '1',,,,,,
inf_elc_sol_eqtdes_new,hfa_neonatal_unit_electricity,,checkbox,Specify what neonatal unit equipment is powered by the solar power:,"1, Oxygen Concentrator | 2, Oxygen Flow Splitter | 3, CPAP | 6, Suction Pump | 7, Syringe Pump | 8, Phototherapy Light | 9, Radiant Warmer | 11, Incubator | 10, Other <i>(specify below)</i>",Select all that apply.,,,,,[inf_elc_sol_eqt] = '2',,,,,,
inf_elc_sol_eqtdes_oth,hfa_neonatal_unit_electricity,,text,Please specify other equipment powered by the solar power:,,,,,,,[inf_elc_sol_eqtdes_new(10)] = '1',,,,,,
inf_elc_oth_hed,hfa_neonatal_unit_electricity,,descriptive,"<div style=""background-color:#fbd0c1;padding:5px"">Other</div>",,,,,,,,,,,,,
inf_elc_oth_nu,hfa_neonatal_unit_electricity,,yesno,Do you feel that power outages are impacting care on the neonatal unit?,,,,,,,,y,,,,,
inf_elc_hed_4,hfa_neonatal_unit_electricity,,descriptive,"<div class=""h4"" style=""background-color:#82cdbf;padding:10px"">Neonatal Unit Electricity (Technician)</div>",,,,,,,,,,,,,
inf_elc_ins_2,hfa_neonatal_unit_electricity,,descriptive,"<p style=""font-weight:normal""><i><b>INSTRUCTIONS:</b> Direct these questions to the technician.

For some questions, you will need to observe the staff or specific items/spaces at the facility. Please do not leave any variable blank. If a free text variable is unknown and an answer is required, write ""-1"". If a multiple-choice variable is unknown, select ""unknown"".</i>
</p>",,,,,,,,,,,,,
inf_elc_pws_hed,hfa_neonatal_unit_electricity,,descriptive,"<div style=""background-color:#fbd0c1;padding:5px"">Outlets and Power Strips</div>",,,,,,,,,,,,,
inf_elc_pws_adq_new,hfa_neonatal_unit_electricity,,radio,"Given the amount of equipment on the unit, are electrical outlets sufficient?","1, Yes | 0, No",Sufficient means all equipment can be plugged in. Select <b>No</b> if devices or equipment ever need to be unplugged from electrical outlets to accommodate other devices.,,,,,,y,,,,,
inf_elc_pws_num,hfa_neonatal_unit_electricity,,text,How many outlets are in the neonatal unit?,,Count each outlet in the neonatal unit. Count double outlets as two separate outlets.,integer,-1,50,,,y,,,,,
inf_elc_pws_avl,hfa_neonatal_unit_electricity,,text,How many power strips/surge protectors are <b>available for use</b> in the neonatal unit?,,,integer,-1,100,,,y,,,,,
inf_elc_pws_plg,hfa_neonatal_unit_electricity,,text,How many outlets are there among <b>all</b> of the power strips/surge protectors that are <b>available for use</b>? ,,Please count all available spaces to connect devices.,integer,-1,100,,[inf_elc_pws_avl] >= 1,,,,,,
inf_elc_pws_use,hfa_neonatal_unit_electricity,,text,How many power strips/surge protectors are <b>in use</b> on the neonatal unit?,,,number,-1,100,,[inf_elc_pws_avl] >= 1,,,,,,
inf_elc_pws_eqt_num,hfa_neonatal_unit_electricity,,text,How many devices are currently connected to any of the power strips/surge protectors? ,,Please count the number of devices connected to power strips/surge protectors at the time of the visit.,integer,-1,100,,[inf_elc_pws_avl] >= 1,,,,,,
inf_elc_pws_eqt_typ,hfa_neonatal_unit_electricity,,checkbox,Which devices are connected to the surge protectors? ,"1, Oxygen Concentrator | 2, Oxygen Flow Splitter | 3, CPAP | 6, Suction Pump | 7, Syringe Pump | 8, Phototherapy Light | 9, Radiant Warmer | 10, Incubator | 11, Other <i>(specify below)</i>",Select all that apply.,,,,,[inf_elc_pws_avl] >= 1,,,,,,
inf_elc_pws_eqt_othtyp,hfa_neonatal_unit_electricity,,text,Please specify other devices connected to the surge protectors:,,,,,,,[inf_elc_pws_eqt_typ(11)] = '1',,,,,,
inf_elc_pws_ivsp,hfa_neonatal_unit_electricity,,yesno,Do you have an inline voltage surge protector (e.g. AVS)?,,,,,,,,,,,,,
inf_elc_pws_cln,hfa_neonatal_unit_electricity,,yesno,<b>For observation only:</b> Are there cables running across the floor that can be tripped over?,,,,,,,,y,,,,,
inf_elc_pwq_hed,hfa_neonatal_unit_electricity,,descriptive,"<div style=""background-color:#fbd0c1;padding:5px"">Power Quality Assessment</div>",,,,,,,,,,,,,
inf_elc_pwq_volt,hfa_neonatal_unit_electricity,,radio,Is there a voltage stabilizer in the unit?,"1, Yes | 0, No | 99, Yes, but not observed",,,,,,,y,,,,,
inf_elc_pwq_aud,hfa_neonatal_unit_electricity,,radio,Was a power audit and certification for electric load done for the unit in the last 12 months?,"1, Yes | 0, No | 9, Unknown",,,,,,,y,,,,,
inf_elc_pwq_brk,hfa_neonatal_unit_electricity,,radio,Has any equipment broken in the last 12 months due to problems with the electricity?,"1, Yes | 0, No | 9, Unknown",,,,,,,y,,,,,
inf_elc_pwq,hfa_neonatal_unit_electricity,,radio,Does the facility conduct internal power quality assessments? ,"1, Yes | 0, No | 9, Unknown",,,,,,,y,,,,,
inf_elc_pwq_out,hfa_neonatal_unit_electricity,,checkbox,Does the facility experience power surges or lags?,"0, None | 1, Power surges | 2, Power lags",Select all that apply.,,,,,[inf_elc_pwq] = '1',,,,,, @NONEOFTHEABOVE=0
inf_elc_pwq_adq,hfa_neonatal_unit_electricity,,radio,"Given the equipment on the neonatal unit, is the amperage of the power supply appropriate?","1, Yes | 0, No | 9, Unknown",,,,,,,y,,,,,
inf_elc_pwq_des,hfa_neonatal_unit_electricity,,notes,Make any comments regarding your observation on the amperage of the power supply.,,,,,,,[inf_elc_pwq_adq] = '1' or [inf_elc_pwq_adq] = '0',,,,,,
inf_elc_hed_5,hfa_neonatal_unit_electricity,,descriptive,"<div style=""background-color:#82cdbf; padding:5px""></div>",,,,,,,,,,,,,
inf_elc_com,hfa_neonatal_unit_electricity,,notes,Comments:,,,,,,,,,,,,,
inf_lyt_hed_1,hfa_neonatal_unit_layout,,descriptive,"<div style=""background-color:#82cdbf; padding:5px""></div>",,,,,,,,,,,,,
inf_lyt_ban_1,hfa_neonatal_unit_layout,,descriptive,,,,,,,,,,,,,,
inf_lyt_hed_2,hfa_neonatal_unit_layout,,descriptive,"<div class=""h4"" style=""background-color:#82cdbf;padding:10px"">Neonatal Unit Layout</div>",,,,,,,,,,,,,
inf_lyt_ins_1,hfa_neonatal_unit_layout,,descriptive,"<p style=""font-weight:normal""><i><b>INSTRUCTIONS:</b> Take at least 3 photos of the neonatal unit from different angles. Try to take photos when there are no caretakers in the room. Please respect the privacy and confidentiality of patients and their caretakers. When photographing the neonatal unit, avoid up-close photographs depicting the face of neonates, and ensure caretakers are not in the frame. Do not photograph the KMC ward if mothers are present. For each photo, label what areas (e.g. high-risk area, low risk area, area for those admitted from outside the facility, isolation room, KMC unit, waiting area) are pictured.<br>
Please measure the dimensions of the neonatal unit in cm and draw a basic outline on paper. Include all rooms, including patient areas, the KMC unit, and the waiting area for caretakers. For the waiting area, include any seating such as chairs or benches. See the appendix on neonatal unit layout for instructions. If the neonatal unit is made up of multiple rooms, please draw each room on a separate sheet of paper. The first diagram should be an overview of all the rooms and subsequent drawings should be detailed diagrams of each room. For each diagram, label what areas are in the diagram (e.g. overall layout, detailed diagram of KMC unit). Include the following items:

1. Room dimensions (in cm)<br>
2. Doors<br>
3. Windows<br>
4. Sinks/water sources<br>
5. Electrical plugs<br>
6. Baby beds/cots<br>
7. Beds intended for mothers<br>
8. CPAPs<br>
9. Oxygen concentrators/cylinders<br>
10. Oxygen wall ports<br>
11. Phototherapy lights<br>
12. Suction pumps<br>
13. Radiant Warmers<br>
14. Incubators<br>
15. Space Heaters<br>
16. Hand Sanitiser<br>
17. Nurse's station<br>
18. Sluice room<br>
19. Indicate isolation areas<br>
</i></p>",,,,,,,,,,,,,
inf_lyt_hed_4,hfa_neonatal_unit_layout,,descriptive,"<div style=""background-color:#82cdbf; padding:5px"">Photographs</div>",,,,,,,,,,,,,
inf_lyt_pic_num,hfa_neonatal_unit_layout,,text,How many photographs would you like to upload?,,,integer,3,20,,,y,,,,,
inf_lyt_pic_1_hed,hfa_neonatal_unit_layout,,descriptive,"<div style=""background-color:#fbd0c1;padding:5px"">Photograph #1</div>",,,,,,,,,,,,,
inf_lyt_pic_1,hfa_neonatal_unit_layout,,file,Upload the photograph of the neonatal unit:,,,,,,,,y,,,,,
inf_lyt_pic_1_ar,hfa_neonatal_unit_layout,,checkbox,Which areas are in the photograph?,"1, High risk area | 2, Low risk area | 3, Area for those admitted from outside the facility | 4, Isolation room | 5, KMC unit | 6, Waiting area | 7, Other <i>(specify below)</i>",,,,,,,y,,,,,
inf_lyt_pic_1_othar,hfa_neonatal_unit_layout,,text,Please specify other areas in the photograph:,,,,,,,[inf_lyt_pic_1_ar(7)] = '1',,,,,,
inf_lyt_pic_2_hed,hfa_neonatal_unit_layout,,descriptive,"<div style=""background-color:#fbd0c1;padding:5px"">Photograph #2</div>",,,,,,,,,,,,,
inf_lyt_pic_2,hfa_neonatal_unit_layout,,file,Upload the photograph of the neonatal unit:,,,,,,,,y,,,,,
inf_lyt_pic_2_ar,hfa_neonatal_unit_layout,,checkbox,Which areas are in the photograph?,"1, High risk area | 2, Low risk area | 3, Area for those admitted from outside the facility | 4, Isolation room | 5, KMC unit | 6, Waiting area | 7, Other <i>(specify below)</i>",,,,,,,y,,,,,
inf_lyt_pic_2_othar,hfa_neonatal_unit_layout,,text,Please specify other areas in the photograph:,,,,,,,[inf_lyt_pic_2_ar(7)] = '1',,,,,,
inf_lyt_pic_3_hed,hfa_neonatal_unit_layout,,descriptive,"<div style=""background-color:#fbd0c1;padding:5px"">Photograph #3</div>",,,,,,,,,,,,,
inf_lyt_pic_3,hfa_neonatal_unit_layout,,file,Upload the photograph of the neonatal unit:,,,,,,,,y,,,,,
inf_lyt_pic_3_ar,hfa_neonatal_unit_layout,,checkbox,Which areas are in the photograph?,"1, High risk area | 2, Low risk area | 3, Area for those admitted from outside the facility | 4, Isolation room | 5, KMC unit | 6, Waiting area | 7, Other <i>(specify below)</i>",,,,,,,y,,,,,
inf_lyt_pic_3_othar,hfa_neonatal_unit_layout,,text,Please specify other areas in the photograph:,,,,,,,[inf_lyt_pic_3_ar(7)] = '1',,,,,,
inf_lyt_pic_4_hed,hfa_neonatal_unit_layout,,descriptive,"<div style=""background-color:#fbd0c1;padding:5px"">Photograph #4</div>",,,,,,,[inf_lyt_pic_num] >= 4,,,,,,
inf_lyt_pic_4,hfa_neonatal_unit_layout,,file,Upload the photograph of the neonatal unit:,,,,,,,[inf_lyt_pic_num] >= 4,,,,,,
inf_lyt_pic_4_ar,hfa_neonatal_unit_layout,,checkbox,Which areas are in the photograph?,"1, High risk area | 2, Low risk area | 3, Area for those admitted from outside the facility | 4, Isolation room | 5, KMC unit | 6, Waiting area | 7, Other <i>(specify below)</i>",,,,,,[inf_lyt_pic_num] >= 4,,,,,,
inf_lyt_pic_4_othar,hfa_neonatal_unit_layout,,text,Please specify other areas in the photograph:,,,,,,,[inf_lyt_pic_4_ar(7)] = '1',,,,,,
inf_lyt_pic_5_hed,hfa_neonatal_unit_layout,,descriptive,"<div style=""background-color:#fbd0c1;padding:5px"">Photograph #5</div>",,,,,,,[inf_lyt_pic_num] >= 5,,,,,,
inf_lyt_pic_5,hfa_neonatal_unit_layout,,file,Upload the photograph of the neonatal unit:,,,,,,,[inf_lyt_pic_num] >= 5,,,,,,
inf_lyt_pic_5_ar,hfa_neonatal_unit_layout,,checkbox,Which areas are in the photograph?,"1, High risk area | 2, Low risk area | 3, Area for those admitted from outside the facility | 4, Isolation room | 5, KMC unit | 6, Waiting area | 7, Other <i>(specify below)</i>",,,,,,[inf_lyt_pic_num] >= 5,,,,,,
inf_lyt_pic_5_othar,hfa_neonatal_unit_layout,,text,Please specify other areas in the photograph:,,,,,,,[inf_lyt_pic_5_ar(7)] = '1',,,,,,
inf_lyt_pic_6_hed,hfa_neonatal_unit_layout,,descriptive,"<div style=""background-color:#fbd0c1;padding:5px"">Photograph #6</div>",,,,,,,[inf_lyt_pic_num] >= 6,,,,,,
inf_lyt_pic_6,hfa_neonatal_unit_layout,,file,Upload the photograph of the neonatal unit:,,,,,,,[inf_lyt_pic_num] >= 6,,,,,,
inf_lyt_pic_6_ar,hfa_neonatal_unit_layout,,checkbox,Which areas are in the photograph?,"1, High risk area | 2, Low risk area | 3, Area for those admitted from outside the facility | 4, Isolation room | 5, KMC unit | 6, Waiting area | 7, Other <i>(specify below)</i>",,,,,,[inf_lyt_pic_num] >= 6,,,,,,
inf_lyt_pic_6_othar,hfa_neonatal_unit_layout,,text,Please specify other areas in the photograph:,,,,,,,[inf_lyt_pic_6_ar(7)] = '1',,,,,,
inf_lyt_pic_7_hed,hfa_neonatal_unit_layout,,descriptive,"<div style=""background-color:#fbd0c1;padding:5px"">Photograph #7</div>",,,,,,,[inf_lyt_pic_num] >= 7,,,,,,
inf_lyt_pic_7,hfa_neonatal_unit_layout,,file,Upload the photograph of the neonatal unit:,,,,,,,[inf_lyt_pic_num] >= 7,,,,,,
inf_lyt_pic_7_ar,hfa_neonatal_unit_layout,,checkbox,Which areas are in the photograph?,"1, High risk area | 2, Low risk area | 3, Area for those admitted from outside the facility | 4, Isolation room | 5, KMC unit | 6, Waiting area | 7, Other <i>(specify below)</i>",,,,,,[inf_lyt_pic_num] >= 7,,,,,,
inf_lyt_pic_7_othar,hfa_neonatal_unit_layout,,text,Please specify other areas in the photograph:,,,,,,,[inf_lyt_pic_7_ar(7)] = '1',,,,,,
inf_lyt_pic_8_hed,hfa_neonatal_unit_layout,,descriptive,"<div style=""background-color:#fbd0c1;padding:5px"">Photograph #8</div>",,,,,,,[inf_lyt_pic_num] >= 8,,,,,,
inf_lyt_pic_8,hfa_neonatal_unit_layout,,file,Upload the photograph of the neonatal unit:,,,,,,,[inf_lyt_pic_num] >= 8,,,,,,
inf_lyt_pic_8_ar,hfa_neonatal_unit_layout,,checkbox,Which areas are in the photograph?,"1, High risk area | 2, Low risk area | 3, Area for those admitted from outside the facility | 4, Isolation room | 5, KMC unit | 6, Waiting area | 7, Other <i>(specify below)</i>",,,,,,[inf_lyt_pic_num] >= 8,,,,,,
inf_lyt_pic_8_othar,hfa_neonatal_unit_layout,,text,Please specify other areas in the photograph:,,,,,,,[inf_lyt_pic_8_ar(7)] = '1',,,,,,
inf_lyt_pic_9_hed,hfa_neonatal_unit_layout,,descriptive,"<div style=""background-color:#fbd0c1;padding:5px"">Photograph #9</div>",,,,,,,[inf_lyt_pic_num] >= 9,,,,,,
inf_lyt_pic_9,hfa_neonatal_unit_layout,,file,Upload the photograph of the neonatal unit:,,,,,,,[inf_lyt_pic_num] >= 9,,,,,,
inf_lyt_pic_9_ar,hfa_neonatal_unit_layout,,checkbox,Which areas are in the photograph?,"1, High risk area | 2, Low risk area | 3, Area for those admitted from outside the facility | 4, Isolation room | 5, KMC unit | 6, Waiting area | 7, Other <i>(specify below)</i>",,,,,,[inf_lyt_pic_num] >= 9,,,,,,
inf_lyt_pic_9_othar,hfa_neonatal_unit_layout,,text,Please specify other areas in the photograph:,,,,,,,[inf_lyt_pic_9_ar(7)] = '1',,,,,,
inf_lyt_pic_10_hed,hfa_neonatal_unit_layout,,descriptive,"<div style=""background-color:#fbd0c1;padding:5px"">Photograph #10</div>",,,,,,,[inf_lyt_pic_num] >= 10,,,,,,
inf_lyt_pic_10,hfa_neonatal_unit_layout,,file,Upload the photograph of the neonatal unit:,,,,,,,[inf_lyt_pic_num] >= 10,,,,,,
inf_lyt_pic_10_ar,hfa_neonatal_unit_layout,,checkbox,Which areas are in the photograph?,"1, High risk area | 2, Low risk area | 3, Area for those admitted from outside the facility | 4, Isolation room | 5, KMC unit | 6, Waiting area | 7, Other <i>(specify below)</i>",,,,,,[inf_lyt_pic_num] >= 10,,,,,,
inf_lyt_pic_10_othar,hfa_neonatal_unit_layout,,text,Please specify other areas in the photograph:,,,,,,,[inf_lyt_pic_10_ar(7)] = '1',,,,,,
inf_lyt_pic_11_hed,hfa_neonatal_unit_layout,,descriptive,"<div style=""background-color:#fbd0c1;padding:5px"">Photograph #11</div>",,,,,,,[inf_lyt_pic_num] >= 11,,,,,,
inf_lyt_pic_11,hfa_neonatal_unit_layout,,file,Upload the photograph of the neonatal unit:,,,,,,,[inf_lyt_pic_num] >= 11,,,,,,
inf_lyt_pic_11_ar,hfa_neonatal_unit_layout,,checkbox,Which areas are in the photograph?,"1, High risk area | 2, Low risk area | 3, Area for those admitted from outside the facility | 4, Isolation room | 5, KMC unit | 6, Waiting area | 7, Other <i>(specify below)</i>",,,,,,[inf_lyt_pic_num] >= 11,,,,,,
inf_lyt_pic_11_othar,hfa_neonatal_unit_layout,,text,Please specify other areas in the photograph:,,,,,,,[inf_lyt_pic_11_ar(7)] = '1',,,,,,
inf_lyt_pic_12_hed,hfa_neonatal_unit_layout,,descriptive,"<div style=""background-color:#fbd0c1;padding:5px"">Photograph #12</div>",,,,,,,[inf_lyt_pic_num] >= 12,,,,,,
inf_lyt_pic_12,hfa_neonatal_unit_layout,,file,Upload the photograph of the neonatal unit:,,,,,,,[inf_lyt_pic_num] >= 12,,,,,,
inf_lyt_pic_12_ar,hfa_neonatal_unit_layout,,checkbox,Which areas are in the photograph?,"1, High risk area | 2, Low risk area | 3, Area for those admitted from outside the facility | 4, Isolation room | 5, KMC unit | 6, Waiting area | 7, Other <i>(specify below)</i>",,,,,,[inf_lyt_pic_num] >= 12,,,,,,
inf_lyt_pic_12_othar,hfa_neonatal_unit_layout,,text,Please specify other areas in the photograph:,,,,,,,[inf_lyt_pic_12_ar(7)] = '1',,,,,,
inf_lyt_pic_13_hed,hfa_neonatal_unit_layout,,descriptive,"<div style=""background-color:#fbd0c1;padding:5px"">Photograph #13</div>",,,,,,,[inf_lyt_pic_num] >= 13,,,,,,
inf_lyt_pic_13,hfa_neonatal_unit_layout,,file,Upload the photograph of the neonatal unit:,,,,,,,[inf_lyt_pic_num] >= 13,,,,,,
inf_lyt_pic_13_ar,hfa_neonatal_unit_layout,,checkbox,Which areas are in the photograph?,"1, High risk area | 2, Low risk area | 3, Area for those admitted from outside the facility | 4, Isolation room | 5, KMC unit | 6, Waiting area | 7, Other <i>(specify below)</i>",,,,,,[inf_lyt_pic_num] >= 13,,,,,,
inf_lyt_pic_13_othar,hfa_neonatal_unit_layout,,text,Please specify other areas in the photograph:,,,,,,,[inf_lyt_pic_13_ar(7)] = '1',,,,,,
inf_lyt_pic_14_hed,hfa_neonatal_unit_layout,,descriptive,"<div style=""background-color:#fbd0c1;padding:5px"">Photograph #14</div>",,,,,,,[inf_lyt_pic_num] >= 14,,,,,,
inf_lyt_pic_14,hfa_neonatal_unit_layout,,file,Upload the photograph of the neonatal unit:,,,,,,,[inf_lyt_pic_num] >= 14,,,,,,
inf_lyt_pic_14_ar,hfa_neonatal_unit_layout,,checkbox,Which areas are in the photograph?,"1, High risk area | 2, Low risk area | 3, Area for those admitted from outside the facility | 4, Isolation room | 5, KMC unit | 6, Waiting area | 7, Other <i>(specify below)</i>",,,,,,[inf_lyt_pic_num] >= 14,,,,,,
inf_lyt_pic_14_othar,hfa_neonatal_unit_layout,,text,Please specify other areas in the photograph:,,,,,,,[inf_lyt_pic_14_ar(7)] = '1',,,,,,
inf_lyt_pic_15_hed,hfa_neonatal_unit_layout,,descriptive,"<div style=""background-color:#fbd0c1;padding:5px"">Photograph #15</div>",,,,,,,[inf_lyt_pic_num] >= 15,,,,,,
inf_lyt_pic_15,hfa_neonatal_unit_layout,,file,Upload the photograph of the neonatal unit:,,,,,,,[inf_lyt_pic_num] >= 15,,,,,,
inf_lyt_pic_15_ar,hfa_neonatal_unit_layout,,checkbox,Which areas are in the photograph?,"1, High risk area | 2, Low risk area | 3, Area for those admitted from outside the facility | 4, Isolation room | 5, KMC unit | 6, Waiting area | 7, Other <i>(specify below)</i>",,,,,,[inf_lyt_pic_num] >= 15,,,,,,
inf_lyt_pic_15_othar,hfa_neonatal_unit_layout,,text,Please specify other areas in the photograph:,,,,,,,[inf_lyt_pic_15_ar(7)] = '1',,,,,,
inf_lyt_pic_16_hed,hfa_neonatal_unit_layout,,descriptive,"<div style=""background-color:#fbd0c1;padding:5px"">Photograph #16</div>",,,,,,,[inf_lyt_pic_num] >= 16,,,,,,
inf_lyt_pic_16,hfa_neonatal_unit_layout,,file,Upload the photograph of the neonatal unit:,,,,,,,[inf_lyt_pic_num] >= 16,,,,,,
inf_lyt_pic_16_ar,hfa_neonatal_unit_layout,,checkbox,Which areas are in the photograph?,"1, High risk area | 2, Low risk area | 3, Area for those admitted from outside the facility | 4, Isolation room | 5, KMC unit | 6, Waiting area | 7, Other <i>(specify below)</i>",,,,,,[inf_lyt_pic_num] >= 16,,,,,,
inf_lyt_pic_16_othar,hfa_neonatal_unit_layout,,text,Please specify other areas in the photograph:,,,,,,,[inf_lyt_pic_16_ar(7)] = '1',,,,,,
inf_lyt_pic_17_hed,hfa_neonatal_unit_layout,,descriptive,"<div style=""background-color:#fbd0c1;padding:5px"">Photograph #17</div>",,,,,,,[inf_lyt_pic_num] >= 17,,,,,,
inf_lyt_pic_17,hfa_neonatal_unit_layout,,file,Upload the photograph of the neonatal unit:,,,,,,,[inf_lyt_pic_num] >= 17,,,,,,
inf_lyt_pic_17_ar,hfa_neonatal_unit_layout,,checkbox,Which areas are in the photograph?,"1, High risk area | 2, Low risk area | 3, Area for those admitted from outside the facility | 4, Isolation room | 5, KMC unit | 6, Waiting area | 7, Other <i>(specify below)</i>",,,,,,[inf_lyt_pic_num] >= 17,,,,,,
inf_lyt_pic_17_othar,hfa_neonatal_unit_layout,,text,Please specify other areas in the photograph:,,,,,,,[inf_lyt_pic_17_ar(7)] = '1',,,,,,
inf_lyt_pic_18_hed,hfa_neonatal_unit_layout,,descriptive,"<div style=""background-color:#fbd0c1;padding:5px"">Photograph #18</div>",,,,,,,[inf_lyt_pic_num] >= 18,,,,,,
inf_lyt_pic_18,hfa_neonatal_unit_layout,,file,Upload the photograph of the neonatal unit:,,,,,,,[inf_lyt_pic_num] >= 18,,,,,,
inf_lyt_pic_18_ar,hfa_neonatal_unit_layout,,checkbox,Which areas are in the photograph?,"1, High risk area | 2, Low risk area | 3, Area for those admitted from outside the facility | 4, Isolation room | 5, KMC unit | 6, Waiting area | 7, Other <i>(specify below)</i>",,,,,,[inf_lyt_pic_num] >= 18,,,,,,
inf_lyt_pic_18_othar,hfa_neonatal_unit_layout,,text,Please specify other areas in the photograph:,,,,,,,[inf_lyt_pic_18_ar(7)] = '1',,,,,,
inf_lyt_pic_19_hed,hfa_neonatal_unit_layout,,descriptive,"<div style=""background-color:#fbd0c1;padding:5px"">Photograph #19</div>",,,,,,,[inf_lyt_pic_num] >= 19,,,,,,
inf_lyt_pic_19,hfa_neonatal_unit_layout,,file,Upload the photograph of the neonatal unit:,,,,,,,[inf_lyt_pic_num] >= 19,,,,,,
inf_lyt_pic_19_ar,hfa_neonatal_unit_layout,,checkbox,Which areas are in the photograph?,"1, High risk area | 2, Low risk area | 3, Area for those admitted from outside the facility | 4, Isolation room | 5, KMC unit | 6, Waiting area | 7, Other <i>(specify below)</i>",,,,,,[inf_lyt_pic_num] >= 19,,,,,,
inf_lyt_pic_19_othar,hfa_neonatal_unit_layout,,text,Please specify other areas in the photograph:,,,,,,,[inf_lyt_pic_19_ar(7)] = '1',,,,,,
inf_lyt_pic_20_hed,hfa_neonatal_unit_layout,,descriptive,"<div style=""background-color:#fbd0c1;padding:5px"">Photograph #20</div>",,,,,,,[inf_lyt_pic_num] >= 20,,,,,,
inf_lyt_pic_20,hfa_neonatal_unit_layout,,file,Upload the photograph of the neonatal unit:,,,,,,,[inf_lyt_pic_num] >= 20,,,,,,
inf_lyt_pic_20_ar,hfa_neonatal_unit_layout,,checkbox,Which areas are in the photograph?,"1, High risk area | 2, Low risk area | 3, Area for those admitted from outside the facility | 4, Isolation room | 5, KMC unit | 6, Waiting area | 7, Other <i>(specify below)</i>",,,,,,[inf_lyt_pic_num] >= 20,,,,,,
inf_lyt_pic_20_othar,hfa_neonatal_unit_layout,,text,Please specify other areas in the photograph:,,,,,,,[inf_lyt_pic_20_ar(7)] = '1',,,,,,
inf_lyt_hed_5,hfa_neonatal_unit_layout,,descriptive,"<div class=""h4"" style=""background-color:#82cdbf;padding:10px"">Layout Diagram</div>",,,,,,,,,,,,,
inf_lyt_dg_num,hfa_neonatal_unit_layout,,text,How many diagrams would you like to upload?,,,integer,1,20,,,y,,,,,
inf_lyt_dg_1_hed,hfa_neonatal_unit_layout,,descriptive,"<div style=""background-color:#fbd0c1;padding:5px"">Layout Diagram #1</div>",,,,,,,[inf_lyt_dg_num] >= 1,,,,,,
inf_lyt_dg_1,hfa_neonatal_unit_layout,,file,Upload the hand-written diagram of the layout of the neonatal unit:,,,,,,,[inf_lyt_dg_num] >= 1,y,,,,,
inf_lyt_dg_1_ar,hfa_neonatal_unit_layout,,radio,Which area is in the diagram?,"1, Overall layout | 2, Detailed diagram of neonatal unit | 3, Detailed diagram of KMC unit | 4, Detailed diagram of waiting area | 5, Other <i>(specify below)</i>",,,,,,[inf_lyt_dg_num] >= 1,y,,,,,
inf_lyt_dg_1_othar,hfa_neonatal_unit_layout,,text,Please specify other area in the diagram:,,,,,,,[inf_lyt_dg_1_ar] = '5',,,,,,
inf_lyt_dg_2_hed,hfa_neonatal_unit_layout,,descriptive,"<div style=""background-color:#fbd0c1;padding:5px"">Layout Diagram #2</div>",,,,,,,[inf_lyt_dg_num] >= 2,,,,,,
inf_lyt_dg_2,hfa_neonatal_unit_layout,,file,Upload the hand-written diagram of the layout of the neonatal unit:,,,,,,,[inf_lyt_dg_num] >= 2,,,,,,
inf_lyt_dg_2_ar,hfa_neonatal_unit_layout,,radio,Which area is in the diagram?,"1, Overall layout | 2, Detailed diagram of neonatal unit | 3, Detailed diagram of KMC unit | 4, Detailed diagram of waiting area | 5, Other <i>(specify below)</i>",,,,,,[inf_lyt_dg_num] >= 2,,,,,,
inf_lyt_dg_2_othar,hfa_neonatal_unit_layout,,text,Please specify other area in the diagram:,,,,,,,[inf_lyt_dg_2_ar] = '5',,,,,,
inf_lyt_dg_3_hed,hfa_neonatal_unit_layout,,descriptive,"<div style=""background-color:#fbd0c1;padding:5px"">Layout Diagram #3</div>",,,,,,,[inf_lyt_dg_num] >= 3,,,,,,
inf_lyt_dg_3,hfa_neonatal_unit_layout,,file,Upload the hand-written diagram of the layout of the neonatal unit:,,,,,,,[inf_lyt_dg_num] >= 3,,,,,,
inf_lyt_dg_3_ar,hfa_neonatal_unit_layout,,radio,Which area is in the diagram?,"1, Overall layout | 2, Detailed diagram of neonatal unit | 3, Detailed diagram of KMC unit | 4, Detailed diagram of waiting area | 5, Other <i>(specify below)</i>",,,,,,[inf_lyt_dg_num] >= 3,,,,,,
inf_lyt_dg_3_othar,hfa_neonatal_unit_layout,,text,Please specify other area in the diagram:,,,,,,,[inf_lyt_dg_3_ar] = '5',,,,,,
inf_lyt_dg_4_hed,hfa_neonatal_unit_layout,,descriptive,"<div style=""background-color:#fbd0c1;padding:5px"">Layout Diagram #4</div>",,,,,,,[inf_lyt_dg_num] >= 4,,,,,,
inf_lyt_dg_4,hfa_neonatal_unit_layout,,file,Upload the hand-written diagram of the layout of the neonatal unit:,,,,,,,[inf_lyt_dg_num] >= 4,,,,,,
inf_lyt_dg_4_ar,hfa_neonatal_unit_layout,,radio,Which area is in the diagram?,"1, Overall layout | 2, Detailed diagram of neonatal unit | 3, Detailed diagram of KMC unit | 4, Detailed diagram of waiting area | 5, Other <i>(specify below)</i>",,,,,,[inf_lyt_dg_num] >= 4,,,,,,
inf_lyt_dg_4_othar,hfa_neonatal_unit_layout,,text,Please specify other area in the diagram:,,,,,,,[inf_lyt_dg_4_ar] = '5',,,,,,
inf_lyt_dg_5_hed,hfa_neonatal_unit_layout,,descriptive,"<div style=""background-color:#fbd0c1;padding:5px"">Layout Diagram #5</div>",,,,,,,[inf_lyt_dg_num] >= 5,,,,,,
inf_lyt_dg_5,hfa_neonatal_unit_layout,,file,Upload the hand-written diagram of the layout of the neonatal unit:,,,,,,,[inf_lyt_dg_num] >= 5,,,,,,
inf_lyt_dg_5_ar,hfa_neonatal_unit_layout,,radio,Which area is in the diagram?,"1, Overall layout | 2, Detailed diagram of neonatal unit | 3, Detailed diagram of KMC unit | 4, Detailed diagram of waiting area | 5, Other <i>(specify below)</i>",,,,,,[inf_lyt_dg_num] >= 5,,,,,,
inf_lyt_dg_5_othar,hfa_neonatal_unit_layout,,text,Please specify other area in the diagram:,,,,,,,[inf_lyt_dg_5_ar] = '5',,,,,,
inf_lyt_dg_6_hed,hfa_neonatal_unit_layout,,descriptive,"<div style=""background-color:#fbd0c1;padding:5px"">Layout Diagram #6</div>",,,,,,,[inf_lyt_dg_num] >= 6,,,,,,
inf_lyt_dg_6,hfa_neonatal_unit_layout,,file,Upload the hand-written diagram of the layout of the neonatal unit:,,,,,,,[inf_lyt_dg_num] >= 6,,,,,,
inf_lyt_dg_6_ar,hfa_neonatal_unit_layout,,radio,Which area is in the diagram?,"1, Overall layout | 2, Detailed diagram of neonatal unit | 3, Detailed diagram of KMC unit | 4, Detailed diagram of waiting area | 5, Other <i>(specify below)</i>",,,,,,[inf_lyt_dg_num] >= 6,,,,,,
inf_lyt_dg_6_othar,hfa_neonatal_unit_layout,,text,Please specify other area in the diagram:,,,,,,,[inf_lyt_dg_6_ar] = '5',,,,,,
inf_lyt_dg_7_hed,hfa_neonatal_unit_layout,,descriptive,"<div style=""background-color:#fbd0c1;padding:5px"">Layout Diagram #7</div>",,,,,,,[inf_lyt_dg_num] >= 7,,,,,,
inf_lyt_dg_7,hfa_neonatal_unit_layout,,file,Upload the hand-written diagram of the layout of the neonatal unit:,,,,,,,[inf_lyt_dg_num] >= 7,,,,,,
inf_lyt_dg_7_ar,hfa_neonatal_unit_layout,,radio,Which area is in the diagram?,"1, Overall layout | 2, Detailed diagram of neonatal unit | 3, Detailed diagram of KMC unit | 4, Detailed diagram of waiting area | 5, Other <i>(specify below)</i>",,,,,,[inf_lyt_dg_num] >= 7,,,,,,
inf_lyt_dg_7_othar,hfa_neonatal_unit_layout,,text,Please specify other area in the diagram:,,,,,,,[inf_lyt_dg_7_ar] = '5',,,,,,
inf_lyt_dg_8_hed,hfa_neonatal_unit_layout,,descriptive,"<div style=""background-color:#fbd0c1;padding:5px"">Layout Diagram #8</div>",,,,,,,[inf_lyt_dg_num] >= 8,,,,,,
inf_lyt_dg_8,hfa_neonatal_unit_layout,,file,Upload the hand-written diagram of the layout of the neonatal unit:,,,,,,,[inf_lyt_dg_num] >= 8,,,,,,
inf_lyt_dg_8_ar,hfa_neonatal_unit_layout,,radio,Which area is in the diagram?,"1, Overall layout | 2, Detailed diagram of neonatal unit | 3, Detailed diagram of KMC unit | 4, Detailed diagram of waiting area | 5, Other <i>(specify below)</i>",,,,,,[inf_lyt_dg_num] >= 8,,,,,,
inf_lyt_dg_8_othar,hfa_neonatal_unit_layout,,text,Please specify other area in the diagram:,,,,,,,[inf_lyt_dg_8_ar] = '5',,,,,,
inf_lyt_dg_9_hed,hfa_neonatal_unit_layout,,descriptive,"<div style=""background-color:#fbd0c1;padding:5px"">Layout Diagram #9</div>",,,,,,,[inf_lyt_dg_num] >= 9,,,,,,
inf_lyt_dg_9,hfa_neonatal_unit_layout,,file,Upload the hand-written diagram of the layout of the neonatal unit:,,,,,,,[inf_lyt_dg_num] >= 9,,,,,,
inf_lyt_dg_9_ar,hfa_neonatal_unit_layout,,radio,Which area is in the diagram?,"1, Overall layout | 2, Detailed diagram of neonatal unit | 3, Detailed diagram of KMC unit | 4, Detailed diagram of waiting area | 5, Other <i>(specify below)</i>",,,,,,[inf_lyt_dg_num] >= 9,,,,,,
inf_lyt_dg_9_othar,hfa_neonatal_unit_layout,,text,Please specify other area in the diagram:,,,,,,,[inf_lyt_dg_9_ar] = '5',,,,,,
inf_lyt_dg_10_hed,hfa_neonatal_unit_layout,,descriptive,"<div style=""background-color:#fbd0c1;padding:5px"">Layout Diagram #10</div>",,,,,,,[inf_lyt_dg_num] >= 10,,,,,,
inf_lyt_dg_10,hfa_neonatal_unit_layout,,file,Upload the hand-written diagram of the layout of the neonatal unit:,,,,,,,[inf_lyt_dg_num] >= 10,,,,,,
inf_lyt_dg_10_ar,hfa_neonatal_unit_layout,,radio,Which area is in the diagram?,"1, Overall layout | 2, Detailed diagram of neonatal unit | 3, Detailed diagram of KMC unit | 4, Detailed diagram of waiting area | 5, Other <i>(specify below)</i>",,,,,,[inf_lyt_dg_num] >= 10,,,,,,
inf_lyt_dg_10_othar,hfa_neonatal_unit_layout,,text,Please specify other area in the diagram:,,,,,,,[inf_lyt_dg_10_ar] = '5',,,,,,
inf_lyt_dg_11_hed,hfa_neonatal_unit_layout,,descriptive,"<div style=""background-color:#fbd0c1;padding:5px"">Layout Diagram #11</div>",,,,,,,[inf_lyt_dg_num] >= 11,,,,,,
inf_lyt_dg_11,hfa_neonatal_unit_layout,,file,Upload the hand-written diagram of the layout of the neonatal unit:,,,,,,,[inf_lyt_dg_num] >= 11,,,,,,
inf_lyt_dg_11_ar,hfa_neonatal_unit_layout,,radio,Which area is in the diagram?,"1, Overall layout | 2, Detailed diagram of neonatal unit | 3, Detailed diagram of KMC unit | 4, Detailed diagram of waiting area | 5, Other <i>(specify below)</i>",,,,,,[inf_lyt_dg_num] >= 11,,,,,,
inf_lyt_dg_11_othar,hfa_neonatal_unit_layout,,text,Please specify other area in the diagram:,,,,,,,[inf_lyt_dg_11_ar] = '5',,,,,,
inf_lyt_dg_12_hed,hfa_neonatal_unit_layout,,descriptive,"<div style=""background-color:#fbd0c1;padding:5px"">Layout Diagram #12</div>",,,,,,,[inf_lyt_dg_num] >= 12,,,,,,
inf_lyt_dg_12,hfa_neonatal_unit_layout,,file,Upload the hand-written diagram of the layout of the neonatal unit:,,,,,,,[inf_lyt_dg_num] >= 12,,,,,,
inf_lyt_dg_12_ar,hfa_neonatal_unit_layout,,radio,Which area is in the diagram?,"1, Overall layout | 2, Detailed diagram of neonatal unit | 3, Detailed diagram of KMC unit | 4, Detailed diagram of waiting area | 5, Other <i>(specify below)</i>",,,,,,[inf_lyt_dg_num] >= 12,,,,,,
inf_lyt_dg_12_othar,hfa_neonatal_unit_layout,,text,Please specify other area in the diagram:,,,,,,,[inf_lyt_dg_12_ar] = '5',,,,,,
inf_lyt_dg_13_hed,hfa_neonatal_unit_layout,,descriptive,"<div style=""background-color:#fbd0c1;padding:5px"">Layout Diagram #13</div>",,,,,,,[inf_lyt_dg_num] >= 13,,,,,,
inf_lyt_dg_13,hfa_neonatal_unit_layout,,file,Upload the hand-written diagram of the layout of the neonatal unit:,,,,,,,[inf_lyt_dg_num] >= 13,,,,,,
inf_lyt_dg_13_ar,hfa_neonatal_unit_layout,,radio,Which area is in the diagram?,"1, Overall layout | 2, Detailed diagram of neonatal unit | 3, Detailed diagram of KMC unit | 4, Detailed diagram of waiting area | 5, Other <i>(specify below)</i>",,,,,,[inf_lyt_dg_num] >= 13,,,,,,
inf_lyt_dg_13_othar,hfa_neonatal_unit_layout,,text,Please specify other area in the diagram:,,,,,,,[inf_lyt_dg_13_ar] = '5',,,,,,
inf_lyt_dg_14_hed,hfa_neonatal_unit_layout,,descriptive,"<div style=""background-color:#fbd0c1;padding:5px"">Layout Diagram #14</div>",,,,,,,[inf_lyt_dg_num] >= 14,,,,,,
inf_lyt_dg_14,hfa_neonatal_unit_layout,,file,Upload the hand-written diagram of the layout of the neonatal unit:,,,,,,,[inf_lyt_dg_num] >= 14,,,,,,
inf_lyt_dg_14_ar,hfa_neonatal_unit_layout,,radio,Which area is in the diagram?,"1, Overall layout | 2, Detailed diagram of neonatal unit | 3, Detailed diagram of KMC unit | 4, Detailed diagram of waiting area | 5, Other <i>(specify below)</i>",,,,,,[inf_lyt_dg_num] >= 14,,,,,,
inf_lyt_dg_14_othar,hfa_neonatal_unit_layout,,text,Please specify other area in the diagram:,,,,,,,[inf_lyt_dg_14_ar] = '5',,,,,,
inf_lyt_dg_15_hed,hfa_neonatal_unit_layout,,descriptive,"<div style=""background-color:#fbd0c1;padding:5px"">Layout Diagram #15</div>",,,,,,,[inf_lyt_dg_num] >= 15,,,,,,
inf_lyt_dg_15,hfa_neonatal_unit_layout,,file,Upload the hand-written diagram of the layout of the neonatal unit:,,,,,,,[inf_lyt_dg_num] >= 15,,,,,,
inf_lyt_dg_15_ar,hfa_neonatal_unit_layout,,radio,Which area is in the diagram?,"1, Overall layout | 2, Detailed diagram of neonatal unit | 3, Detailed diagram of KMC unit | 4, Detailed diagram of waiting area | 5, Other <i>(specify below)</i>",,,,,,[inf_lyt_dg_num] >= 15,,,,,,
inf_lyt_dg_15_othar,hfa_neonatal_unit_layout,,text,Please specify other area in the diagram:,,,,,,,[inf_lyt_dg_15_ar] = '5',,,,,,
inf_lyt_dg_16_hed,hfa_neonatal_unit_layout,,descriptive,"<div style=""background-color:#fbd0c1;padding:5px"">Layout Diagram #16</div>",,,,,,,[inf_lyt_dg_num] >= 16,,,,,,
inf_lyt_dg_16,hfa_neonatal_unit_layout,,file,Upload the hand-written diagram of the layout of the neonatal unit:,,,,,,,[inf_lyt_dg_num] >= 16,,,,,,
inf_lyt_dg_16_ar,hfa_neonatal_unit_layout,,radio,Which area is in the diagram?,"1, Overall layout | 2, Detailed diagram of neonatal unit | 3, Detailed diagram of KMC unit | 4, Detailed diagram of waiting area | 5, Other <i>(specify below)</i>",,,,,,[inf_lyt_dg_num] >= 16,,,,,,
inf_lyt_dg_16_othar,hfa_neonatal_unit_layout,,text,Please specify other area in the diagram:,,,,,,,[inf_lyt_dg_16_ar] = '5',,,,,,
inf_lyt_dg_17_hed,hfa_neonatal_unit_layout,,descriptive,"<div style=""background-color:#fbd0c1;padding:5px"">Layout Diagram #17</div>",,,,,,,[inf_lyt_dg_num] >= 17,,,,,,
inf_lyt_dg_17,hfa_neonatal_unit_layout,,file,Upload the hand-written diagram of the layout of the neonatal unit:,,,,,,,[inf_lyt_dg_num] >= 17,,,,,,
inf_lyt_dg_17_ar,hfa_neonatal_unit_layout,,radio,Which area is in the diagram?,"1, Overall layout | 2, Detailed diagram of neonatal unit | 3, Detailed diagram of KMC unit | 4, Detailed diagram of waiting area | 5, Other <i>(specify below)</i>",,,,,,[inf_lyt_dg_num] >= 17,,,,,,
inf_lyt_dg_17_othar,hfa_neonatal_unit_layout,,text,Please specify other area in the diagram:,,,,,,,[inf_lyt_dg_17_ar] = '5',,,,,,
inf_lyt_dg_18_hed,hfa_neonatal_unit_layout,,descriptive,"<div style=""background-color:#fbd0c1;padding:5px"">Layout Diagram #18</div>",,,,,,,[inf_lyt_dg_num] >= 18,,,,,,
inf_lyt_dg_18,hfa_neonatal_unit_layout,,file,Upload the hand-written diagram of the layout of the neonatal unit:,,,,,,,[inf_lyt_dg_num] >= 18,,,,,,
inf_lyt_dg_18_ar,hfa_neonatal_unit_layout,,radio,Which area is in the diagram?,"1, Overall layout | 2, Detailed diagram of neonatal unit | 3, Detailed diagram of KMC unit | 4, Detailed diagram of waiting area | 5, Other <i>(specify below)</i>",,,,,,[inf_lyt_dg_num] >= 18,,,,,,
inf_lyt_dg_18_othar,hfa_neonatal_unit_layout,,text,Please specify other area in the diagram:,,,,,,,[inf_lyt_dg_18_ar] = '5',,,,,,
inf_lyt_dg_19_hed,hfa_neonatal_unit_layout,,descriptive,"<div style=""background-color:#fbd0c1;padding:5px"">Layout Diagram #19</div>",,,,,,,[inf_lyt_dg_num] >= 19,,,,,,
inf_lyt_dg_19,hfa_neonatal_unit_layout,,file,Upload the hand-written diagram of the layout of the neonatal unit:,,,,,,,[inf_lyt_dg_num] >= 19,,,,,,
inf_lyt_dg_19_ar,hfa_neonatal_unit_layout,,radio,Which area is in the diagram?,"1, Overall layout | 2, Detailed diagram of neonatal unit | 3, Detailed diagram of KMC unit | 4, Detailed diagram of waiting area | 5, Other <i>(specify below)</i>",,,,,,[inf_lyt_dg_num] >= 19,,,,,,
inf_lyt_dg_19_othar,hfa_neonatal_unit_layout,,text,Please specify other area in the diagram:,,,,,,,[inf_lyt_dg_19_ar] = '5',,,,,,
inf_lyt_dg_20_hed,hfa_neonatal_unit_layout,,descriptive,"<div style=""background-color:#fbd0c1;padding:5px"">Layout Diagram #20</div>",,,,,,,[inf_lyt_dg_num] >= 20,,,,,,
inf_lyt_dg_20,hfa_neonatal_unit_layout,,file,Upload the hand-written diagram of the layout of the neonatal unit:,,,,,,,[inf_lyt_dg_num] >= 20,,,,,,
inf_lyt_dg_20_ar,hfa_neonatal_unit_layout,,radio,Which area is in the diagram?,"1, Overall layout | 2, Detailed diagram of neonatal unit | 3, Detailed diagram of KMC unit | 4, Detailed diagram of waiting area | 5, Other <i>(specify below)</i>",,,,,,[inf_lyt_dg_num] >= 20,,,,,,
inf_lyt_dg_20_othar,hfa_neonatal_unit_layout,,text,Please specify other area in the diagram:,,,,,,,[inf_lyt_dg_20_ar] = '5',,,,,,
inf_lyt_hed_6,hfa_neonatal_unit_layout,,descriptive,"<div style=""background-color:#82cdbf; padding:5px""></div>",,,,,,,,,,,,,
inf_lyt_com,hfa_neonatal_unit_layout,,notes,Comments:,,,,,,,,,,,,,
inf_crit_hed_1,hfa_admission_discharge_and_referral_criteria,,descriptive,"<div style=""background-color:#82cdbf; padding:5px""></div>",,,,,,,,,,,,,
inf_crit_ban_1,hfa_admission_discharge_and_referral_criteria,,descriptive,,,,,,,,,,,,,,
inf_crit_hed_2,hfa_admission_discharge_and_referral_criteria,,descriptive,"<div class=""h4"" style=""background-color:#82cdbf;padding:10px"">Admission, Discharge and Referral Criteria</div>",,,,,,,,,,,,,
inf_crit_ins_1,hfa_admission_discharge_and_referral_criteria,,descriptive,"<p style=""font-weight:normal""><i><b>INSTRUCTIONS:</b> Direct these questions to the nurse in charge. Either type a summary or take a photo of official guidelines if available.

<b>Prompt:</b> ""Now I'm going to ask you about admissions, discharge, and referral criteria"".
</i></p>",,,,,,,,,,,,,
inf_crit_hed_3,hfa_admission_discharge_and_referral_criteria,,descriptive,"<div style=""background-color:#82cdbf; padding:5px""></div>",,,,,,,,,,,,,
inf_crit_rp_num,hfa_admission_discharge_and_referral_criteria,,radio,Number of Respondents Interviewed:,"1, 1 respondent|2, 2 respondents|3, 3 respondents|4, 4 respondents|5, 5 respondents",,,,,,,y,,,,,
inf_crit_rp_hed_1,hfa_admission_discharge_and_referral_criteria,,descriptive,"<div style=""background-color:#82cdbf; padding:5px"">Respondent #1</div>",,,,,,,[inf_crit_rp_num] >= 1,,,,,,
inf_crit_rp_nam_1,hfa_admission_discharge_and_referral_criteria,,text,Respondent Name (First and Last):,,,,,,y,[inf_crit_rp_num] >= 1,y,,,,,
inf_crit_rp_pos_1,hfa_admission_discharge_and_referral_criteria,,radio,Respondent Position:,"6, Hospital Management | 5, Biomedical Engineering Technician | 1, NEST Coordinator | 2, Nurse | 7, Nurse-in-charge | 3, Data Clerk | 4, Clinician | 99, Other <i>(specify below)</i>",,,,,,[inf_crit_rp_num] >= 1,y,,,,,
inf_crit_rp_othpos_1,hfa_admission_discharge_and_referral_criteria,,text,"If other position, please specify: ",,,,,,,[inf_crit_rp_pos_1] = '99',,,,,,
inf_crit_rp_ph_1,hfa_admission_discharge_and_referral_criteria,,text,Respondent Phone Number:,,,,,,y,[inf_crit_rp_num] >= 1,,,,,,
inf_crit_rp_hed_2,hfa_admission_discharge_and_referral_criteria,,descriptive,"<div style=""background-color:#82cdbf; padding:5px"">Respondent #2</div>",,,,,,,[inf_crit_rp_num] >= 2,,,,,,
inf_crit_rp_nam_2,hfa_admission_discharge_and_referral_criteria,,text,Respondent Name (First and Last):,,,,,,y,[inf_crit_rp_num] >= 2,,,,,,
inf_crit_rp_pos_2,hfa_admission_discharge_and_referral_criteria,,radio,Respondent Position:,"6, Hospital Management | 5, Biomedical Engineering Technician | 1, NEST Coordinator | 2, Nurse | 7, Nurse-in-charge | 3, Data Clerk | 4, Clinician | 99, Other <i>(specify below)</i>",,,,,,[inf_crit_rp_num] >= 2,,,,,,
inf_crit_rp_othpos_2,hfa_admission_discharge_and_referral_criteria,,text,"If other position, please specify: ",,,,,,,[inf_crit_rp_pos_2] = '99',,,,,,
inf_crit_rp_ph_2,hfa_admission_discharge_and_referral_criteria,,text,Respondent Phone Number:,,,,,,y,[inf_crit_rp_num] >= 2,,,,,,
inf_crit_rp_hed_3,hfa_admission_discharge_and_referral_criteria,,descriptive,"<div style=""background-color:#82cdbf; padding:5px"">Respondent #3</div>",,,,,,,[inf_crit_rp_num] >= 3,,,,,,
inf_crit_rp_nam_3,hfa_admission_discharge_and_referral_criteria,,text,Respondent Name (First and Last):,,,,,,y,[inf_crit_rp_num] >= 3,,,,,,
inf_crit_rp_pos_3,hfa_admission_discharge_and_referral_criteria,,radio,Respondent Position:,"6, Hospital Management | 5, Biomedical Engineering Technician | 1, NEST Coordinator | 2, Nurse | 7, Nurse-in-charge | 3, Data Clerk | 4, Clinician | 99, Other <i>(specify below)</i>",,,,,,[inf_crit_rp_num] >= 3,,,,,,
inf_crit_rp_othpos_3,hfa_admission_discharge_and_referral_criteria,,text,"If other position, please specify: ",,,,,,,[inf_crit_rp_pos_3] = '99',,,,,,
inf_crit_rp_ph_3,hfa_admission_discharge_and_referral_criteria,,text,Respondent Phone Number:,,,,,,y,[inf_crit_rp_num] >= 3,,,,,,
inf_crit_rp_hed_4,hfa_admission_discharge_and_referral_criteria,,descriptive,"<div style=""background-color:#82cdbf; padding:5px"">Respondent #4</div>",,,,,,,[inf_crit_rp_num] >= 4,,,,,,
inf_crit_rp_nam_4,hfa_admission_discharge_and_referral_criteria,,text,Respondent Name (First and Last):,,,,,,y,[inf_crit_rp_num] >= 4,,,,,,
inf_crit_rp_pos_4,hfa_admission_discharge_and_referral_criteria,,radio,Respondent Position:,"6, Hospital Management | 5, Biomedical Engineering Technician | 1, NEST Coordinator | 2, Nurse | 7, Nurse-in-charge | 3, Data Clerk | 4, Clinician | 99, Other <i>(specify below)</i>",,,,,,[inf_crit_rp_num] >= 4,,,,,,
inf_crit_rp_othpos_4,hfa_admission_discharge_and_referral_criteria,,text,"If other position, please specify: ",,,,,,,[inf_crit_rp_pos_4] = '99',,,,,,
inf_crit_rp_ph_4,hfa_admission_discharge_and_referral_criteria,,text,Respondent Phone Number:,,,,,,y,[inf_crit_rp_num] >= 4,,,,,,
inf_crit_rp_hed_5,hfa_admission_discharge_and_referral_criteria,,descriptive,"<div style=""background-color:#82cdbf; padding:5px"">Respondent #5</div>",,,,,,,[inf_crit_rp_num] >= 5,,,,,,
inf_crit_rp_nam_5,hfa_admission_discharge_and_referral_criteria,,text,Respondent Name (First and Last):,,,,,,y,[inf_crit_rp_num] >= 5,,,,,,
inf_crit_rp_pos_5,hfa_admission_discharge_and_referral_criteria,,radio,Respondent Position:,"6, Hospital Management | 5, Biomedical Engineering Technician | 1, NEST Coordinator | 2, Nurse | 7, Nurse-in-charge | 3, Data Clerk | 4, Clinician | 99, Other <i>(specify below)</i>",,,,,,[inf_crit_rp_num] >= 5,,,,,,
inf_crit_rp_othpos_5,hfa_admission_discharge_and_referral_criteria,,text,"If other position, please specify: ",,,,,,,[inf_crit_rp_pos_5] = '99',,,,,,
inf_crit_rp_ph_5,hfa_admission_discharge_and_referral_criteria,,text,Respondent Phone Number:,,,,,,y,[inf_crit_rp_num] >= 5,,,,,,
inf_crit_adm_nu_hed,hfa_admission_discharge_and_referral_criteria,,descriptive,"<div style=""background-color:#fbd0c1;padding:5px"">Admission Criteria for Neonatal Unit</div>",,,,,,,,,,,,,
inf_crit_adm_nu_typ,hfa_admission_discharge_and_referral_criteria,,radio,What are the admission criteria for the neonatal unit?,"1, Type a summary paragraph | 2, Take a picture of official guidelines",,,,,,,y,,,,,
inf_crit_adm_nu_sum,hfa_admission_discharge_and_referral_criteria,,notes,Please type a summary of the admission criteria for the neonatal unit:,,,,,,,[inf_crit_adm_nu_typ] = '1',,,,,,
inf_crit_adm_nu_pic,hfa_admission_discharge_and_referral_criteria,,file,Please take a picture of the official guidelines for admission into the neonatal unit:,,,,,,,[inf_crit_adm_nu_typ] = '2',,,,,,
inf_crit_adm_ped_hed,hfa_admission_discharge_and_referral_criteria,,descriptive,"<div style=""background-color:#fbd0c1;padding:5px"">Admission Criteria for Pediatric Ward</div>",,,,,,,,,,,,,
inf_crit_adm_ped_typ,hfa_admission_discharge_and_referral_criteria,,radio,What are the admission criteria for neonates admitted to the pediatric ward?,"1, Type a summary paragraph | 2, Take a picture of official guidelines | 9, Not applicable (neonates never admitted to pediatric ward)",,,,,,,y,,,,,
inf_crit_adm_ped_sum,hfa_admission_discharge_and_referral_criteria,,notes,Please type a summary of the admission criteria for the pediatric ward:,,,,,,,[inf_crit_adm_ped_typ] = '1',,,,,,
inf_crit_adm_ped_pic,hfa_admission_discharge_and_referral_criteria,,file,Please take a picture of the official guidelines for admission into the pediatric ward:,,,,,,,[inf_crit_adm_ped_typ] = '2',,,,,,
inf_crit_dis_nu_hed,hfa_admission_discharge_and_referral_criteria,,descriptive,"<div style=""background-color:#fbd0c1;padding:5px"">Discharge Criteria for Neonatal Unit</div>",,,,,,,,,,,,,
inf_crit_dis_nu_typ,hfa_admission_discharge_and_referral_criteria,,radio,What are the discharge criteria for the neonatal unit?,"1, Type a summary paragraph | 2, Take a picture of official guidelines",,,,,,,y,,,,,
inf_crit_dis_nu_sum,hfa_admission_discharge_and_referral_criteria,,notes,Please type a summary of the discharge criteria for the neonatal unit:,,,,,,,[inf_crit_dis_nu_typ] = '1',,,,,,
inf_crit_dis_nu_pic,hfa_admission_discharge_and_referral_criteria,,file,Please take a picture of the official guidelines for discharge from the neonatal unit:,,,,,,,[inf_crit_dis_nu_typ] = '2',,,,,,
inf_crit_ref_hi_hed,hfa_admission_discharge_and_referral_criteria,,descriptive,"<div style=""background-color:#fbd0c1;padding:5px"">Referrals to Higher Level Facilities</div>",,,,,,,,,,,,,
inf_crit_ref_hi_typ,hfa_admission_discharge_and_referral_criteria,,radio,What are the criteria for referring a newborn from this facility to a higher level facility?,"1, Type a summary paragraph | 2, Take a picture of official guidelines | 9, Not applicable (already at highest level facility)",,,,,,,y,,,,,
inf_crit_ref_hi_sum,hfa_admission_discharge_and_referral_criteria,,notes,Please type a summary of  the criteria for referring a newborn to a higher level facility:,,,,,,,[inf_crit_ref_hi_typ] = '1',,,,,,
inf_crit_ref_hi_pic,hfa_admission_discharge_and_referral_criteria,,file,Please take a picture of the official guidelines for referring a newborn to a higher level facility:,,,,,,,[inf_crit_ref_hi_typ] = '2',,,,,,
inf_crit_ref_lo_hed,hfa_admission_discharge_and_referral_criteria,,descriptive,"<div style=""background-color:#fbd0c1;padding:5px"">Referrals to Lower Level Facilities</div>",,,,,,,,,,,,,
inf_crit_ref_lo_typ,hfa_admission_discharge_and_referral_criteria,,radio,What are the criteria for referring a newborn from this facility to a lower level facility?,"1, Type a summary paragraph | 2, Take a picture of official guidelines | 9, Not applicable (already at lowest level facility)",,,,,,,y,,,,,
inf_crit_ref_lo_sum,hfa_admission_discharge_and_referral_criteria,,notes,Please type a summary of  the criteria for referring a newborn to a lower level facility:,,,,,,,[inf_crit_ref_lo_typ] = '1',,,,,,
inf_crit_ref_lo_pic,hfa_admission_discharge_and_referral_criteria,,file,Please take a picture of the official guidelines for referring a newborn to a lower level facility:,,,,,,,[inf_crit_ref_lo_typ] = '2',,,,,,
inf_crit_adm_kmc_hed,hfa_admission_discharge_and_referral_criteria,,descriptive,"<div style=""background-color:#fbd0c1;padding:5px"">KMC Admission Criteria</div>",,,,,,,,,,,,,
inf_crit_adm_kmc_typ,hfa_admission_discharge_and_referral_criteria,,radio,What are the admission criteria for the KMC unit?,"1, Type a summary paragraph | 2, Take a picture of official guidelines | 9, Not applicable (no KMC unit)",,,,,,,y,,,,,
inf_crit_adm_kmc_sum,hfa_admission_discharge_and_referral_criteria,,notes,Please type a summary of the admission criteria for the KMC unit:,,,,,,,[inf_crit_adm_kmc_typ] = '1',,,,,,
inf_crit_adm_kmc_pic,hfa_admission_discharge_and_referral_criteria,,file,Please take a picture of the official guidelines for admission to the KMC unit:,,,,,,,[inf_crit_adm_kmc_typ] = '2',,,,,,
inf_crit_dis_kmc_hed,hfa_admission_discharge_and_referral_criteria,,descriptive,"<div style=""background-color:#fbd0c1;padding:5px"">KMC Discharge Criteria</div>",,,,,,,,,,,,,
inf_crit_dis_kmc_typ,hfa_admission_discharge_and_referral_criteria,,radio,What are the discharge criteria for the KMC unit?,"1, Type a summary paragraph | 2, Take a picture of official guidelines | 9, Not applicable (no KMC unit)",,,,,,,y,,,,,
inf_crit_dis_kmc_sum,hfa_admission_discharge_and_referral_criteria,,notes,Please type a summary of the discharge criteria for the KMC unit:,,,,,,,[inf_crit_dis_kmc_typ] = '1',,,,,,
inf_crit_dis_kmc_pic,hfa_admission_discharge_and_referral_criteria,,file,Please take a picture of the official guidelines for discharge from the KMC unit:,,,,,,,[inf_crit_dis_kmc_typ] = '2',,,,,,
inf_crit_hed_4,hfa_admission_discharge_and_referral_criteria,,descriptive,"<div style=""background-color:#82cdbf; padding:5px""></div>",,,,,,,,,,,,,
inf_crit_com,hfa_admission_discharge_and_referral_criteria,,notes,Comments:,,,,,,,,,,,,,
inf_dg_hed_1,hfa_neonatal_unit_layout_guidance,,descriptive,"<div style=""background-color:#82cdbf; padding:5px""></div>",,,,,,,,,,,,,
inf_dg_ban_1,hfa_neonatal_unit_layout_guidance,,descriptive,,,,,,,,,,,,,,
inf_dg_hed_2,hfa_neonatal_unit_layout_guidance,,descriptive,"<div class=""h4"" style=""background-color:#82cdbf;padding:10px"">Appendix: Neonatal Unit Layout Guidance</div>",,,,,,,,,,,,,
inf_dg_ins_1,hfa_neonatal_unit_layout_guidance,,descriptive,"<p style=""font-weight:normal""><i><b>INSTRUCTIONS:</b> Draw the floorplan of the neonatal unit, including separate rooms (with a description of the purposes of each of the rooms), equipment, windows, doors & other infrastructural items (as shown in legend below). Draw the overall layout showing the relation of the rooms to each other, and each room on a separate page with the detailed items listed below. </i></p>",,,,,,,,,,,,,
inf_dg_hed_3,hfa_neonatal_unit_layout_guidance,,descriptive,"<div style=""background-color:#82cdbf;padding:10px""></div>",,,,,,,,,,,,,
inf_dg_ban_2,hfa_neonatal_unit_layout_guidance,,descriptive,,,,,,,,,,,,,,
inf_dg_ban_3,hfa_neonatal_unit_layout_guidance,,descriptive,,,,,,,,,,,,,,
inf_dg_ban_4,hfa_neonatal_unit_layout_guidance,,descriptive,,,,,,,,,,,,,,
inf_dg_hed_5,hfa_neonatal_unit_layout_guidance,,descriptive,"<div style=""background-color:#82cdbf; padding:5px""></div>",,,,,,,,,,,,,
inf_dg_com,hfa_neonatal_unit_layout_guidance,,notes,Comments:,,,,,,,,,,,,,